# 青简领域词库：汽车，由 qingjian-dict-convert lexicon 从 THUOCL 拆出，基础词库里没有的部分。词	音节	词频
一二档	yi er dang	1
一档齿轮	yi dang chi lun	7
一汽丰越	yi qi feng yue	10
一汽华利幸福使者	yi qi hua li xing fu shi zhe	5
一汽吉林森雅	yi qi ji lin sen ya	5
一汽大众汽车俱乐部	yi qi da zhong qi che ju le bu	2
一汽奥迪	yi qi ao di	2
一汽威志	yi qi wei zhi	11
一汽客车有限公司	yi qi ke che you xian gong si	6
一汽解放汽车有限公司	yi qi jie fang qi che you xian gong si	9
一汽轿车	yi qi jiao che	1
一汽马自达	yi qi ma zi da	15
一级方程序赛车	yi ji fang cheng xu sai che	5
万向液压	wan xiang ye ya	3
万宇汽车运动俱乐部	wan yu qi che yun dong ju le bu	8
三元催化转换器	san yuan cui hua zhuan huan qi	10
三四档	san si dang	8
三效催化器	san xiao cui hua qi	3
三角带	san jiao dai	4
三角玻璃	san jiao bo li	3
上摆臂	shang bai bi	9
上止点	shang zhi dian	3
上海大众斯柯达	shang hai da zhong si ke da	1
上海大众斯柯达明锐	shang hai da zhong si ke da ming rui	11
上海通用凯迪拉克	shang hai tong yong kai di la ke	10
上海通用别克	shang hai tong yong bie ke	13
下坡辅助系统	xia po fu zhu xi tong	9
下导流板	xia dao liu ban	6
下悬挂胶套	xia xuan gua jiao tao	3
下护	xia hu	8
下护板	xia hu ban	12
下摆臂	xia bai bi	4
下格栅	xia ge zha	1
下横臂	xia heng bi	9
下脚垫	xia jiao dian	4
下边梁	xia bian liang	7
下门槛	xia men kan	8
不回位	bu hui wei	9
不锈钢阀	bu xiu gang fa	2
专项作业车	zhuan xiang zuo ye che	1
世界窗膜协会	shi jie chuang mo xie hui	7
丙酸纤维素	bing suan xian wei su	1
业界动态	ye jie dong tai	14
东风奥丁	dong feng ao ding	7
东风小康	dong feng xiao kang	6
东风康明斯	dong feng kang ming si	4
东风悦达	dong feng yue da	16
东风悦达起亚	dong feng yue da qi ya	1
东风悦达起亚狮跑	dong feng yue da qi ya shi pao	10
东风日产	dong feng ri chan	15
东风日产北京	dong feng ri chan bei jing	9
东风日产奇骏	dong feng ri chan qi jun	6
东风景逸	dong feng jing yi	2
东风朝柴	dong feng chao chai	9
东风本田	dong feng ben tian	8
东风汗马	dong feng han ma	9
东风渝安	dong feng yu an	10
东风牌小轿车	dong feng pai xiao jiao che	7
东风越野	dong feng yue ye	9
两分频喇叭	liang fen pin la ba	2
两前	liang qian	13
两前轮	liang qian lun	10
两厢半式轿车	liang xiang ban shi jiao che	4
中低音	zhong di yin	15
中兴汽车标志	zhong xing qi che biao zhi	2
中兴汽车驰野	zhong xing qi che chi ye	2
中华骏捷	zhong hua jun jie	14
中后桥	zhong hou qiao	7
中国三菱拉力艺车队	zhong guo san ling la li yi che dui	8
中国专用汽车网	zhong guo zhuan yong qi che wang	4
中国二手车城	zhong guo er shou che cheng	17
中国四大汽车集团	zhong guo si da qi che ji tuan	4
中国国际汽车展览会	zhong guo guo ji qi che zhan lan hui	5
中国汽摩频道	zhong guo qi mo pin dao	5
中国汽贸网	zhong guo qi mao wang	4
中国汽车工业产销快讯	zhong guo qi che gong ye chan xiao kuai xun	7
中国汽车工业信息网	zhong guo qi che gong ye xin xi wang	8
中国汽车工业年鉴	zhong guo qi che gong ye nian jian	7
中国汽车工程学会	zhong guo qi che gong cheng xue hui	6
中国汽车技术研究中心	zhong guo qi che ji shu yan jiu zhong xin	14
中国汽车网	zhong guo qi che wang	14
中国电动车协会	zhong guo dian dong che xie hui	7
中大汽车	zhong da qi che	12
中大金陵客车	zhong da jin ling ke che	4
中客华北	zhong ke hua bei	6
中控方向盘	zhong kong fang xiang pan	9
中桥园柱齿轮壳	zhong qiao yuan zhu chi lun ke	2
中段消声器	zhong duan xiao sheng qi	2
中盖	zhong gai	48
中空充钠气门	zhong kong chong na qi men	3
中诚海华	zhong cheng hai hua	6
中间传动轴	zhong jian chuan dong zhou	5
中间传动轴总成	zhong jian chuan dong zhou zong cheng	2
中间传动齿轮	zhong jian chuan dong chi lun	3
中间托架	zhong jian tuo jia	3
中间板	zhong jian ban	2
中间轴常啮合齿轮	zhong jian zhou chang nie he chi lun	3
中高级车	zhong gao ji che	17
丰田兰德酷路泽	feng tian lan de ku lu ze	8
丰田喜一郎	feng tian xi yi lang	10
丰田普瑞维亚	feng tian pu rui wei ya	8
丰田智慧	feng tian zhi hui	4
丰田锡耶纳	feng tian xi ye na	2
丰田陆地巡洋舰	feng tian lu di xun yang jian	3
串联式制动总泵	chuan lian shi zhi dong zong beng	4
主从动	zhu cong dong	7
主动分频	zhu dong fen pin	5
主动式安全头枕	zhu dong shi an quan tou zhen	10
乐车网	le che wang	5
乐骋	le cheng	17
乔丹车队	qiao dan che dui	8
乘员头颈保护系统	cheng yuan tou jing bao hu xi tong	4
乙酸丁酸纤维素	yi suan ding suan xian wei su	5
乱穿马路	luan chuan ma lu	16
事故维修	shi gu wei xiu	9
二手汽车按揭贷款	er shou qi che an jie dai kuan	2
二手车寄卖	er shou che ji mai	8
二手车鉴定评估师	er shou che jian ding ping gu shi	10
二行程循环引擎	er xing cheng xun huan yin qing	4
五菱荣光	wu ling rong guang	5
亚尔帕	ya er pa	4
亚星客车	ya xing ke che	1
交通安全产品	jiao tong an quan chan pin	10
交通强制险	jiao tong qiang zhi xian	9
京城海狮	jing cheng hai shi	6
人车合影	ren che he ying	1
从动圆柱齿	cong dong yuan zhu chi	4
从动圆柱齿轮	cong dong yuan zhu chi lun	4
从动盘总成	cong dong pan zong cheng	9
从动轮	cong dong lun	17
付钢板	fu gang ban	4
仪表台	yi biao tai	5
仪表台总成	yi biao tai zong cheng	6
仪表指示灯	yi biao zhi shi deng	8
仪表灯	yi biao deng	11
仪表灯泡	yi biao deng pao	6
仿桃木	fang tao mu	13
伊兰特悦动	yi lan te yue dong	13
伏尔加车	fu er jia che	7
休闲车	xiu xian che	4
优卡二手车网	you ka er shou che wang	11
优科豪马轮胎	you ke hao ma lun tai	7
传动轴凸缘	chuan dong zhou tu yuan	4
伯诺赛道	bo nuo sai dao	3
位置灯	wei zhi deng	10
低扭	di niu	5
体检回执	ti jian hui zhi	7
佛轮尔	fo lun er	2
供油提前器	gong you ti qian qi	3
依卡露斯	yi ka lu si	5
依维柯宝迪	yi wei ke bao di	6
侦探犬	zhen tan quan	6
侧围	ce wei	1
侧围板	ce wei ban	8
侧滑试验台	ce hua shi yan tai	6
侧窗玻璃	ce chuang bo li	1
侧转向灯	ce zhuan xiang deng	12
便携油箱	bian xie you xiang	4
保养券	bao yang quan	2
保时捷新卡宴	bao shi jie xin ka yan	8
保温冒口	bao wen mao kou	7
保温炉	bao wen lu	10
保温隔热材料	bao wen ge re cai liao	11
保险夹	bao xian jia	6
保险杠支架	bao xian gang zhi jia	7
保险杠格栅	bao xian gang ge zha	1
保险盒盖	bao xian he gai	6
保险继电器	bao xian ji dian qi	3
保险阀	bao xian fa	8
信号喇叭	xin hao la ba	5
倒模	dao mo	14
倒车灯开关	dao che deng kai guan	7
倒车视频影像	dao che shi pin ying xiang	2
偏心轴位置传感器	pian xin zhou wei zhi chuan gan qi	2
储液瓶	chu ye ping	7
储液罐	chu ye guan	11
儿童乘车安全	er tong cheng che an quan	1
充电卡子	chong dian qia zi	3
克莱斯勒交叉火力	ke lai si le jiao cha huo li	8
克莱斯勒大捷龙	ke lai si le da jie long	12
克莱斯勒指挥官	ke lai si le zhi hui guan	3
全保	quan bao	5
全国汽车运动管理规定	quan guo qi che yun dong guan li gui ding	6
全天候空调系统	quan tian hou kong tiao xi tong	3
全息座舱	quan xi zuo cang	3
全承载车身	quan cheng zai che shen	9
全方位车体吸撞结构	quan fang wei che ti xi zhuang jie gou	3
全时数字轿车	quan shi shu zi jiao che	11
全球鹰	quan qiu ying	11
全车垫	quan che dian	7
全车盗抢损失险	quan che dao qiang sun shi xian	5
全车膜	quan che mo	8
全车锁芯	quan che suo xin	6
全车隔音	quan che ge yin	10
全铝车身框架结构	quan lv che shen kuang jia jie gou	9
全面安全防护	quan mian an quan fang hu	9
全频喇叭	quan pin la ba	9
公路客运售票	gong lu ke yun shou piao	5
公铁两用车	gong tie liang yong che	2
六角厚螺母	liu jiao hou luo mu	5
六角法兰面	liu jiao fa lan mian	6
六角法兰面螺栓	liu jiao fa lan mian luo shuan	5
六角法兰面螺母	liu jiao fa lan mian luo mu	4
六角锁紧螺母	liu jiao suo jin luo mu	5
兰德酷路泽	lan de ku lu ze	18
内后视镜	nei hou shi jing	1
内室镜	nei shi jing	2
内温度传感器	nei wen du chuan gan qi	7
内部短路	nei bu duan lu	3
内饰材料	nei shi cai liao	12
内骨架	nei gu jia	1
冈比亚红	gang bi ya hong	1
冈谷钢机	gang gu gang ji	8
冒险鸭	mao xian ya	5
农用汽车	nong yong qi che	11
冲焊桥	chong han qiao	6
冷冻剂	leng dong ji	14
冷媒	leng mei	14
冷媒管	leng mei guan	1
冷补胶	leng bu jiao	8
冷车起动	leng che qi dong	9
减磨垫片	jian mo dian pian	4
凯立德地图	kai li de di tu	11
凯越前挡玻璃	kai yue qian dang bo li	3
凯雷德混合动力	kai lei de hun he dong li	8
凸缘叉	tu yuan cha	4
凸轮轴位置感知器	tu lun zhou wei zhi gan zhi qi	2
出炉口	chu lu kou	6
出炉温度	chu lu wen du	6
分动箱	fen dong xiang	7
分火头	fen huo tou	9
分电器盖	fen dian qi gai	10
分电机	fen dian ji	10
分电盘盖	fen dian pan gai	7
分离轴承卡簧	fen li zhou cheng ka huang	2
分缸线	fen gang xian	8
分隔式燃烧室	fen ge shi ran shao shi	4
分频点	fen pin dian	1
初生石墨	chu sheng shi mo	3
别克凯越	bie ke kai yue	2
别克凯越旅行车	bie ke kai yue lv xing che	10
别克新君威	bie ke xin jun wei	7
别克高尔夫挑战赛	bie ke gao er fu tiao zhan sai	9
刮臂	gua bi	9
制动分泵	zhi dong fen beng	10
制动器制动力分配系数	zhi dong qi zhi dong li fen pei xi shu	2
制动底板	zhi dong di ban	6
制动摩擦片	zhi dong mo ca pian	10
制动检验台	zhi dong jian yan tai	7
制动液	zhi dong ye	1
制动灯	zhi dong deng	1
制动灯开关	zhi dong deng kai guan	9
制动灯开关总成	zhi dong deng kai guan zong cheng	3
制动硬管	zhi dong ying guan	4
制动管路	zhi dong guan lu	2
制动调整臂	zhi dong tiao zheng bi	7
制动踏板总成	zhi dong ta ban zong cheng	5
制动钳	zhi dong qian	2
制动鼓后	zhi dong gu hou	3
刹车钳	sha che qian	9
前下导向臂	qian xia dao xiang bi	2
前保	qian bao	12
前保险杆	qian bao xian gan	4
前保险杠下护板	qian bao xian gang xia hu ban	6
前保险杠下部	qian bao xian gang xia bu	9
前保险杠面板	qian bao xian gang mian ban	5
前保险杠骨架	qian bao xian gang gu jia	4
前信号灯	qian xin hao deng	6
前分泵	qian fen beng	5
前制动	qian zhi dong	1
前制动分室	qian zhi dong fen shi	3
前制动摩擦片	qian zhi dong mo ca pian	5
前制动臂	qian zhi dong bi	2
前制动蹄支销	qian zhi dong ti zhi xiao	2
前制动钳	qian zhi dong qian	5
前刹车分泵	qian sha che fen beng	5
前刹车分泵支架	qian sha che fen beng zhi jia	3
前半轴	qian ban zhou	8
前叶子板	qian ye zi ban	4
前后保险杠	qian hou bao xian gang	6
前围	qian wei	11
前围板	qian wei ban	10
前围线束	qian wei xian shu	3
前大灯总成	qian da deng zong cheng	2
前小灯	qian xiao deng	7
前座中央扶手	qian zuo zhong yang fu shou	10
前挡膜	qian dang mo	1
前挡风玻璃	qian dang feng bo li	23
前排侧气囊	qian pai ce qi nang	11
前杠骨架	qian gang gu jia	3
前格栅	qian ge zha	13
前止点	qian zhi dian	3
前烟灰缸	qian yan hui gang	6
前照灯	qian zhao deng	23
前牌照架	qian pai zhao jia	5
前盖板	qian gai ban	3
前罩壳	qian zhao ke	4
前置发动机	qian zhi fa dong ji	9
前翼子板	qian yi zi ban	12
前转向灯	qian zhuan xiang deng	9
前轮定位	qian lun ding wei	11
前轮眉	qian lun mei	9
前轮鼓	qian lun gu	5
前部受损	qian bu shou sun	8
前钢板	qian gang ban	8
前钢板前支架	qian gang ban qian zhi jia	3
前钢板后支架	qian gang ban hou zhi jia	3
前钢板弹簧	qian gang ban tan huang	7
前门框	qian men kuang	6
前门玻璃	qian men bo li	2
前门脚踏	qian men jiao ta	4
前阅读灯	qian yue du deng	10
前风挡	qian feng dang	4
前风挡玻璃	qian feng dang bo li	2
前风窗	qian feng chuang	10
前风窗玻璃	qian feng chuang bo li	9
副仪表	fu yi biao	10
副驾驶位气囊	fu jia shi wei qi nang	5
功能关闭	gong neng guan bi	10
加强底板	jia qiang di ban	6
加注口	jia zhu kou	9
动力转向	dong li zhuan xiang	43
动力转向油罐总成	dong li zhuan xiang you guan zong cheng	3
动力转向泵	dong li zhuan xiang beng	9
助力泵开关	zhu li beng kai guan	4
助力转向调节	zhu li zhuan xiang tiao jie	6
勒芒耐力赛	le mang nai li sai	1
勒芒赛道	le mang sai dao	2
北京国际汽车展览会	bei jing guo ji qi che zhan lan hui	13
北京奔驰戴克	bei jing ben chi dai ke	9
北京奔驰铂锐	bei jing ben chi bo rui	6
北极星发动机	bei ji xing fa dong ji	9
北汽控股	bei qi kong gu	14
北汽控股公司	bei qi kong gu gong si	11
北汽角斗士	bei qi jiao dou shi	7
北美之鹰	bei mei zhi ying	3
北美之鹰号	bei mei zhi ying hao	3
十字槽	shi zi cao	9
十字节	shi zi jie	3
千分表	qian fen biao	10
半圆键	ban yuan jian	5
半自动变速器	ban zi dong bian su qi	6
半自动操纵式变速器	ban zi dong cao zong shi bian su qi	4
半轴突缘	ban zhou tu yuan	6
半轴齿轮垫	ban zhou chi lun dian	3
华夏二手车	hua xia er shou che	15
华晨中华	hua chen zhong hua	12
华翔富奇	hua xiang fu qi	10
南京菲亚特西耶那	nan jing fei ya te xi ye na	8
南京跃进	nan jing yue jin	10
博世蜗牛喇叭	bo shi wo niu la ba	3
卡亚克	ka ya ke	1
卡特汉姆	ka te han mu	32
卡通摩托	ka tong mo tuo	6
卤素头灯	lu su tou deng	1
卤素灯	lu su deng	6
印地方程式赛	yin di fang cheng shi sai	3
印地车赛	yin di che sai	5
印第安纳赛道	yin di an na sai dao	3
危险报警闪光灯	wei xian bao jing shan guang deng	1
危险货物运输	wei xian huo wu yun shu	13
压缩行程	ya suo xing cheng	1
厦门金龙汽车	xia men jin long qi che	1
叉车用	cha che yong	1
双摇臂悬架	shuang yao bi xuan jia	4
双离合变速器	shuang li he bian su qi	27
双面胶带	shuang mian jiao dai	1
双龙主席	shuang long zhu xi	10
发动机下护板	fa dong ji xia hu ban	10
发动机下挡板	fa dong ji xia dang ban	2
发动机专用机油	fa dong ji zhuan yong ji you	6
发动机托架	fa dong ji tuo jia	6
发动机控制单元	fa dong ji kong zhi dan yuan	2
发动机漏油	fa dong ji lou you	2
发动机烧机油	fa dong ji shao ji you	9
发动机缺缸	fa dong ji que gang	6
发动机转速	fa dong ji zhuan su	12
发动机防盗锁止系统	fa dong ji fang dao suo zhi xi tong	10
发射极耦合逻辑电路	fa she ji ou he luo ji dian lu	3
变扭器	bian niu qi	17
变扭器切割设备	bian niu qi qie ge she bei	3
变扭器维修设备	bian niu qi wei xiu she bei	2
变速器结构原理	bian su qi jie gou yuan li	10
变速箱一轴	bian su xiang yi zhou	6
变速箱一轴油封	bian su xiang yi zhou you feng	3
变速箱前油封	bian su xiang qian you feng	2
变速箱开关	bian su xiang kai guan	4
变速箱第一轴	bian su xiang di yi zhou	4
口奇骏	kou qi jun	7
古德伍德赛车节	gu de wu de sai che jie	7
右下边梁	you xia bian liang	5
右侧围	you ce wei	8
右侧杂物盒	you ce za wu he	7
右侧窗玻璃	you ce chuang bo li	5
右保险杠	you bao xian gang	6
右前叶	you qian ye	9
右前叶子板	you qian ye zi ban	7
右前叶子板内衬	you qian ye zi ban nei chen	2
右前小灯	you qian xiao deng	3
右前翼子板	you qian yi zi ban	7
右前车门玻璃	you qian che men bo li	4
右前转向灯	you qian zhuan xiang deng	5
右前轮眉	you qian lun mei	5
右前门玻璃	you qian men bo li	7
右半轴	you ban zhou	8
右反光镜	you fan guang jing	1
右后侧围	you hou ce wei	3
右后叶	you hou ye	9
右后叶子板	you hou ye zi ban	5
右后尾灯	you hou wei deng	6
右后挡泥板	you hou dang ni ban	4
右后翼子板	you hou yi zi ban	5
右后车门	you hou che men	1
右后车门玻璃	you hou che men bo li	2
右后轮眉	you hou lun mei	4
右后部	you hou bu	9
右后门玻璃	you hou men bo li	6
右大灯	you da deng	2
右扶手	you fu shou	9
右护板	you hu ban	5
右脚踏板	you jiao ta ban	6
右角灯	you jiao deng	3
右边条	you bian tiao	2
叶子板	ye zi ban	9
叶子板内衬	ye zi ban nei chen	4
叶子板灯	ye zi ban deng	3
叶片泵	ye pian beng	12
叶轮泵	ye lun beng	9
合叶	he ye	5
合成机油	he cheng ji you	6
吉利中国龙	ji li zhong guo long	2
吉利优利欧	ji li you li ou	10
吉利熊猫	ji li xiong mao	3
吉姆希	ji mu xi	7
吉普大切诺基	ji pu da qie nuo ji	1
吉普指挥官	ji pu zhi hui guan	9
吉普爱国者	ji pu ai guo zhe	6
吉林汽车制动器厂	ji lin qi che zhi dong qi chang	7
吉里耶塔	ji li ye ta	2
名车志	ming che zhi	2
名车背后的故事	ming che bei hou de gu shi	3
后保险杆	hou bao xian gan	11
后保险杠面板	hou bao xian gang mian ban	4
后分泵	hou fen beng	7
后制动	hou zhi dong	1
后制动摩擦片	hou zhi dong mo ca pian	5
后刹车分泵	hou sha che fen beng	8
后台板	hou tai ban	6
后叶子板	hou ye zi ban	1
后围侧板	hou wei ce ban	4
后备箱盖隔音	hou bei xiang gai ge yin	2
后尾灯支架	hou wei deng zhi jia	2
后尾灯罩	hou wei deng zhao	4
后挡风玻璃	hou dang feng bo li	8
后排风出口	hou pai feng chu kou	4
后桥短轴	hou qiao duan zhou	5
后牌照板	hou pai zhao ban	9
后牌照灯	hou pai zhao deng	9
后置发动机	hou zhi fa dong ji	4
后翼子板	hou yi zi ban	1
后轮眉	hou lun mei	10
后轮罩护板	hou lun zhao hu ban	3
后轮随动转向技术	hou lun sui dong zhuan xiang ji shu	10
后轮鼓	hou lun gu	1
后钢板弹簧	hou gang ban tan huang	8
后钢板销	hou gang ban xiao	2
后雾灯开关总成	hou wu deng kai guan zong cheng	2
后风挡	hou feng dang	1
后风挡玻璃	hou feng dang bo li	12
后风窗	hou feng chuang	12
后饰板	hou shi ban	6
向心滚珠轴承	xiang xin gun zhu zhou cheng	4
周末风	zhou mo feng	13
周申一	zhou shen yi	3
品牌二手车	pin pai er shou che	13
品牌汽车	pin pai qi che	2
品车网	pin che wang	3
哈飞汽车路宝	ha fei qi che lu bao	3
哈飞路尊小霸王	ha fei lu zun xiao ba wang	4
唯雅诺	wei ya nuo	1
喇叭按钮开关	la ba an niu kai guan	5
喷油泵齿轮	pen you beng chi lun	3
嘉华起亚	jia hua qi ya	3
嘉实多磁护	jia shi duo ci hu	8
嘉川汽车	jia chuan qi che	2
四冲程发动机	si chong cheng fa dong ji	1
四冲程循环	si chong cheng xun huan	1
四川丰田	si chuan feng tian	11
四川现代	si chuan xian dai	3
四档同步器	si dang tong bu qi	2
四档齿	si dang chi	1
四窗	si chuang	10
四缸发动机	si gang fa dong ji	5
四缸机	si gang ji	4
四行程引擎	si xing cheng yin qing	11
四轮保养	si lun bao yang	6
四轮动平衡	si lun dong ping heng	8
四轮定位	si lun ding wei	14
四轮定位仪	si lun ding wei yi	12
四轮换位	si lun huan wei	8
四轮碟刹	si lun die sha	1
回油滤芯	hui you lv xin	6
团购看车	tuan gou kan che	7
固铂	gu bo	2
国际汽车制造商协会	guo ji qi che zhi zao shang xie hui	7
国际窗膜协会	guo ji chuang mo xie hui	9
国际驾驶执照	guo ji jia shi zhi zhao	7
圆柱销	yuan zhu xiao	6
圆柱齿轮壳	yuan zhu chi lun ke	2
圆锥主动齿轮轴承	yuan zhui zhu dong chi lun zhou cheng	3
圆锥滚子轴承	yuan zhui gun zi zhou cheng	1
圆镜	yuan jing	29
圈状弹簧	quan zhuang tan huang	7
圣马力诺伊莫拉赛道	sheng ma li nuo yi mo la sai dao	6
地板压条	di ban ya tiao	8
地板皮	di ban pi	7
地盘测功机	di pan ce gong ji	2
城市精灵	cheng shi jing ling	10
墨绿珍珠	mo lv zhen zhu	3
复仇女神	fu chou nv shen	40
复合行星齿轮	fu he xing xing chi lun	2
复合衬套	fu he chen tao	5
夏茅汽车客运站	xia mao qi che ke yun zhan	2
多宁顿公园赛道	duo ning dun gong yuan sai dao	7
多普达	duo pu da	1
多楔带	duo xie dai	10
多气门发动机	duo qi men fa dong ji	8
多路传输控制单元	duo lu chuan shu kong zhi dan yuan	2
大众中国	da zhong zhong guo	15
大切诺基	da qie nuo ji	3
大包围	da bao wei	20
大型车展	da xing che zhan	12
大小瓦	da xiao wa	8
大尾翼	da wei yi	1
大灯保险杠	da deng bao xian gang	5
大灯开关	da deng kai guan	9
大灯框	da deng kuang	5
大灯灯泡	da deng deng pao	1
大灯高度可调	da deng gao du ke tiao	10
大贸手续	da mao shou xu	10
大陆汽车俱乐部	da lu qi che ju le bu	10
大骨棒	da gu bang	8
天河汽车站	tian he qi che zhan	6
天津一汽	tian jin yi qi	5
天马英雄	tian ma ying xiong	11
太空户	tai kong hu	4
头部空间	tou bu kong jian	10
奇骏	qi jun	39
奔驰车队	ben chi che dui	3
奥克兰汽车公司	ao ke lan qi che gong si	6
奥克斯汽车	ao ke si qi che	11
奥布维	ao bu wei	5
奥斯莫比	ao si mo bi	9
奥斯莫比尔	ao si mo bi er	7
奥杰汽车网	ao jie qi che wang	6
奥迪勒芒	ao di le mang	8
奥迪汽车公司	ao di qi che gong si	2
奥迪风洞中心	ao di feng dong zhong xin	2
好词库	hao ci ku	4
威利斯吉普车	wei li si ji pu che	7
孔用弹性挡圈	kong yong tan xing dang quan	6
安全凸面镜	an quan tu mian jing	5
安全带固定	an quan dai gu ding	5
安全带提醒装置	an quan dai ti xing zhuang zhi	11
安全开关	an quan kai guan	8
安全气囊线束	an quan qi nang xian shu	4
宏基汽车客运站	hong ji qi che ke yun zhan	1
定损人员	ding sun ren yuan	10
定远试车场	ding yuan shi che chang	4
实习司机	shi xi si ji	9
室盖	shi gai	1
室盖垫	shi gai dian	7
宾利欧陆	bin li ou lu	3
宿迁客运总站	su qian ke yun zong zhan	3
导购专题	dao gou zhuan ti	11
封闭货车	feng bi huo che	2
小型乘用车	xiao xing cheng yong che	4
小型冷藏车	xiao xing leng cang che	7
小批量产品	xiao pi liang chan pin	9
小排量汽车	xiao pai liang qi che	15
小排量轿车	xiao pai liang jiao che	2
小旅行车	xiao lv xing che	8
小贸手续	xiao mao shou xu	7
小贸车	xiao mao che	7
少林客车	shao lin ke che	9
尺寸不合格	chi cun bu he ge	9
尾气分析仪	wei qi fen xi yi	9
尾灯支架	wei deng zhi jia	3
尾灯罩	wei deng zhao	9
层焦	ceng jiao	4
山东省汽车行业协会	shan dong sheng qi che hang ye xie hui	7
山西宇星客车有限公司	shan xi yu xing ke che you xian gong si	3
嵌条	qian tiao	1
川崎车队	chuan qi che dui	8
川汽野马	chuan qi ye ma	1
工具与设备	gong ju yu she bei	1
左侧窗玻璃	zuo ce chuang bo li	5
左前分泵	zuo qian fen beng	3
左前门内饰板	zuo qian men nei shi ban	5
左前门玻璃升降器	zuo qian men bo li sheng jiang qi	4
左右侧盖	zuo you ce gai	3
左右壳	zuo you ke	1
左右大灯	zuo you da deng	7
左后侧围	zuo hou ce wei	3
左后叶	zuo hou ye	5
左后叶子板	zuo hou ye zi ban	1
左后翼子板	zuo hou yi zi ban	5
左后轮眉	zuo hou lun mei	6
左后门玻璃	zuo hou men bo li	6
左后门玻璃升降器	zuo hou men bo li sheng jiang qi	3
差速器小齿轮	cha su qi xiao chi lun	3
差速器行星齿轮	cha su qi xing xing chi lun	5
巴林国际赛道	ba lin guo ji sai dao	17
巴黎车展	ba li che zhan	15
布加迪	bu jia di	38
布加迪威航	bu jia di wei hang	1
帕克沃德	pa ke wo de	4
帕杰罗召回事件	pa jie luo zhao hui shi jian	5
帕诺兹	pa nuo zi	5
带束斜交轮胎	dai shu xie jiao lun tai	4
常见汽车品牌	chang jian qi che pin pai	2
干燥瓶	gan zao ping	8
平治房车	ping zhi fang che	3
年度车	nian du che	15
幸福使者	xing fu shi zhe	12
广汽日野	guang qi ri ye	10
广角后视镜	guang jiao hou shi jing	8
应急灯	ying ji deng	14
应急灯开关	ying ji deng kai guan	5
底盘隔音	di pan ge yin	9
庞蒂亚克	pang di ya ke	35
废气回收管	fei qi hui shou guan	4
座椅加热	zuo yi jia re	21
座椅及附件	zuo yi ji fu jian	7
座椅调整器	zuo yi tiao zheng qi	3
座椅靠背	zuo yi kao bei	5
延边二手车网	yan bian er shou che wang	5
异形钢管	yi xing gang guan	10
弓子板	gong zi ban	6
引擎宝	yin qing bao	5
引擎波司	yin qing bo si	3
引擎盖覆膜	yin qing gai fu mo	4
引擎盖隔音	yin qing gai ge yin	6
张家港汽车网	zhang jia gang qi che wang	5
弹性挡圈	tan xing dang quan	8
弹性胶质材料	tan xing jiao zhi cai liao	7
弹簧垫圈	tan huang dian quan	10
强制式曲轴箱通风	qiang zhi shi qu zhou xiang tong feng	2
强制通风	qiang zhi tong feng	6
强音	qiang yin	34
影音网	ying yin wang	4
彼得比尔特公司	bi de bi er te gong si	6
得中国者得天下	de zhong guo zhe de tian xia	5
德国喜力士	de guo xi li shi	10
德国大众汽车集团	de guo da zhong qi che ji tuan	1
德国曼集团	de guo man ji tuan	6
德国音响	de guo yin xiang	2
德尔福	de er fu	6
德米欧	de mi ou	6
必比登	bi bi deng	9
志翔	zhi xiang	41
总成吊装设备	zong cheng diao zhuang she bei	2
恒温控制	heng wen kong zhi	2
恒温空调	heng wen kong tiao	11
悬挂衬套	xuan gua chen tao	7
惯性漂移	guan xing piao yi	8
感应塞	gan ying sai	9
感载比例阀	gan zai bi li fa	10
慕尚	mu shang	3
我试驾	wo shi jia	9
戴姆勒克莱斯勒	dai mu le ke lai si le	1
手动变速箱	shou dong bian su xiang	29
手动变速箱油	shou dong bian su xiang you	7
手动空调	shou dong kong tiao	2
手动豪华	shou dong hao hua	3
手工样品	shou gong yang pin	6
手扣防划膜	shou kou fang hua mo	4
手拉葫芦	shou la hu lu	13
手排挡	shou pai dang	10
手控阀	shou kong fa	8
手继动阀	shou ji dong fa	2
手自一体汽车	shou zi yi ti qi che	7
打磨抛光设备	da mo pao guang she bei	5
托架	tuo jia	31
扣残	kou can	7
扭力支架	niu li zhi jia	3
扭力杆	niu li gan	20
扭矩扳手	niu ju ban shou	1
抗磨剂	kang mo ji	12
抗磨液压油	kang mo ye ya you	11
护风圈	hu feng quan	4
抹尘布	ma chen bu	5
拖拽臂	tuo zhuai bi	10
拖曳臂式	tuo ye bi shi	3
拖曳臂式悬架	tuo ye bi shi xuan jia	9
拼装台	pin zhuang tai	7
挂不上档	gua bu shang dang	8
挂档机构	gua dang ji gou	6
挂档杆	gua dang gan	5
挂车指示灯	gua che zhi shi deng	3
挂车阀	gua che fa	5
指南者	zhi nan zhe	28
挡位指示器	dang wei zhi shi qi	5
挡圈	dang quan	1
挡风玻璃雨刮器	dang feng bo li yu gua qi	6
换挡电磁阀	huan dang dian ci fa	6
换挡锁止电磁阀	huan dang suo zhi dian ci fa	4
换气门导管	huan qi men dao guan	6
换气门座圈	huan qi men zuo quan	3
换防冻液	huan fang dong ye	11
掀背式尾门	xian bei shi wei men	8
排挡杆	pai dang gan	2
排放标准	pai fang biao zhun	48
排气制动	pai qi zhi dong	3
排气制动阀	pai qi zhi dong fa	5
排气管隔热板	pai qi guan ge re ban	3
排气门大	pai qi men da	4
接地线	jie di xian	5
接车单	jie che dan	7
插入螺母	cha ru luo mu	2
摇窗	yao chuang	2
摇臂总成	yao bi zong cheng	7
摇臂轴	yao bi zhou	9
摩托车维修工	mo tuo che wei xiu gong	9
摩托车配件	mo tuo che pei jian	4
摩托车防晒垫	mo tuo che fang shai dian	3
摩纳罗	mo na luo	3
摩雷	mo lei	11
支持环	zhi chi huan	14
收放机	shou fang ji	11
改款车	gai kuan che	16
改舵车	gai duo che	4
改装技术人员	gai zhuang ji shu ren yuan	4
改进剂	gai jin ji	11
数字式万用电表	shu zi shi wan yong dian biao	4
整车及零部件	zheng che ji ling bu jian	1
斜拉杆	xie la gan	8
斜背式轿车	xie bei shi jiao che	4
斯巴鲁中国拉力车队	si ba lu zhong guo la li che dui	9
斯巴鲁傲虎	si ba lu ao hu	1
斯柯达欧雅	si ke da ou ya	10
斯科达明锐	si ke da ming rui	7
新一代普力马	xin yi dai pu li ma	6
新乐风	xin le feng	9
新佳乐	xin jia le	13
新凯	xin kai	8
新凯越	xin kai yue	1
新加坡赛道	xin jia po sai dao	6
新嘉年华	xin jia nian hua	13
新嘉年华两厢	xin jia nian hua liang xiang	4
新大地	xin da di	3
新奥德赛	xin ao de sai	13
新旧件	xin jiu jian	4
新爱丽舍	xin ai li she	1
新福特嘉年华	xin fu te jia nian hua	11
新福达汽车	xin fu da qi che	6
新能源客车	xin neng yuan ke che	5
新能源电动汽车	xin neng yuan dian dong qi che	1
新能源车	xin neng yuan che	7
新车型	xin che xing	35
新车谍报	xin che die bao	6
新锋锐	xin feng rui	7
方向盘盖	fang xiang pan gai	1
旁蒂克	pang di ke	10
旅行房车	lv xing fang che	11
旅行轿车	lv xing jiao che	13
旋转分流阀	xuan zhuan fen liu fa	2
无敌改装网	wu di gai zhuang wang	7
无盖加油系统	wu gai jia you xi tong	10
无线遥控防盗锁	wu xian yao kong fang dao suo	2
无钥匙	wu yao shi	26
无钥匙启动	wu yao shi qi dong	17
无钥匙启动系统	wu yao shi qi dong xi tong	1
日产公爵王	ri chan gong jue wang	6
日产奇骏	ri chan qi jun	1
日产尼桑	ri chan ni sang	10
日产平台	ri chan ping tai	6
日产逍客	ri chan xiao ke	12
日全蚀	ri quan shi	2
日内瓦国际汽车展	ri nei wa guo ji qi che zhan	1
日常维护费	ri chang wei hu fei	10
时规涨紧轮	shi gui zhang jin lun	2
昌河铃木	chang he ling mu	14
昌河铃木利亚纳	chang he ling mu li ya na	10
易熄火	yi xi huo	12
普利茅斯汽车公司	pu li mao si qi che gong si	4
普瑞维亚	pu rui wei ya	11
普纳德	pu na de	7
智慧贷款	zhi hui dai kuan	9
智能钥匙系统	zhi neng yao shi xi tong	11
暖胎圈	nuan tai quan	15
暖风开关	nuan feng kai guan	1
暖风机出风口	nuan feng ji chu feng kou	2
暖风机总成	nuan feng ji zong cheng	6
暖风电机	nuan feng dian ji	8
暖风管	nuan feng guan	9
暖风胶管	nuan feng jiao guan	5
暖风芯子	nuan feng xin zi	7
曙光挑战者	shu guang tiao zhan zhe	8
曲前油封	qu qian you feng	3
曲轴位置	qu zhou wei zhi	11
曲轴位置传感器	qu zhou wei zhi chuan gan qi	10
曲轴位置感应器	qu zhou wei zhi gan ying qi	3
曲轴位置感知器	qu zhou wei zhi gan zhi qi	3
曲轴前	qu zhou qian	8
曲轴前油封	qu zhou qian you feng	5
曲轴止推片	qu zhou zhi tui pian	6
曲轴磨床	qu zhou mo chuang	1
更换电瓶	geng huan dian ping	9
曼牡丹	man mu dan	2
曼胡默尔集团	man hu mo er ji tuan	3
最大爬坡度	zui da pa po du	4
最大爬坡角	zui da pa po jiao	1
最小离地间隙	zui xiao li di jian xi	2
最小转弯直径	zui xiao zhuan wan zhi jing	1
最新汽车正时校对手册	zui xin qi che zheng shi jiao dui shou ce	3
有倒车镜	you dao che jing	6
有效摩擦面积	you xiao mo ca mian ji	2
有效热效率	you xiao re xiao lv	5
有效燃油消耗率	you xiao ran you xiao hao lv	4
木炭汽车	mu tan qi che	11
未报案	wei bao an	11
机动车移动证	ji dong che yi dong zheng	6
机械变速箱	ji xie bian su xiang	2
机械增压与涡轮增压	ji xie zeng ya yu wo lun zeng ya	5
机油乳化	ji you ru hua	2
机油冷却器芯	ji you leng que qi xin	4
机油加注口盖	ji you jia zhu kou gai	5
机油压力感应器	ji you ya li gan ying qi	2
机油感应塞	ji you gan ying sai	6
机油温度表	ji you wen du biao	7
机滤芯	ji lv xin	10
机爪	ji zhua	8
机爪垫	ji zhua dian	6
机盖撑杆	ji gai cheng gan	5
机盖铰链	ji gai jiao lian	3
机脚胶	ji jiao jiao	2
李斯特公司	li si te gong si	1
来展厅	lai zhan ting	2
杭州嘉诺展览有限公司	hang zhou jia nuo zhan lan you xian gong si	5
林肯城市	lin ken cheng shi	11
林肯轿车	lin ken jiao che	11
林肯领航员	lin ken ling hang yuan	11
柯尼希塞尔	ke ni xi sai er	9
柯尼希斯埃格	ke ni xi si ai ge	1
标准型弹簧垫圈	biao zhun xing tan huang dian quan	3
标志灯具	biao zhi deng ju	13
标的车	biao di che	12
样版车	yang ban che	5
格兰披治大奖赛	ge lan pi zhi da jiang sai	7
格兰披治大赛	ge lan pi zhi da sai	49
格栅保险杠	ge zha bao xian gang	3
格雷姆林	ge lei mu lin	3
格雷那达	ge lei na da	4
桃木饰件	tao mu shi jian	9
桑塔纳志俊	sang ta na zhi jun	1
档位杆	dang wei gan	1
档拔叉	dang ba cha	4
桥厂	qiao chang	16
梅塞得斯奔驰	mei sai de si ben chi	4
梅格纳斯特耶	mei ge na si te ye	4
梅甘娜	mei gan na	13
梦迪博朗	meng di bo lang	3
检查发动机	jian cha fa dong ji	2
植草喷播车	zhi cao pen bo che	2
楔形销	xie xing xiao	3
横摆力偶矩	heng bai li ou ju	5
横滑	heng hua	2
橡胶保护帽	xiang jiao bao hu mao	4
欧亚车业	ou ya che ye	3
欧宝	ou bao	39
欧宝欧捷利	ou bao ou jie li	7
欧洲新车安全评鉴协会	ou zhou xin che an quan ping jian xie hui	7
欧洲纽博格林赛道	ou zhou niu bo ge lin sai dao	3
欧菲莱斯	ou fei lai si	13
欧迪玛	ou di ma	7
止动板	zhi dong ban	5
止回阀	zhi hui fa	7
止推垫	zhi tui dian	8
止推垫片	zhi tui dian pian	7
正时皮带涨紧轮	zheng shi pi dai zhang jin lun	5
残留应力	can liu ying li	8
残留强度	can liu qiang du	6
残缺类缺陷	can que lei que xian	3
每缸气门数	mei gang qi men shu	4
比亚迪秦	bi ya di qin	9
比亚迪集团	bi ya di ji tuan	2
毛线法拉利	mao xian fa la li	3
气囊传感器	qi nang chuan gan qi	8
气囊控制单元	qi nang kong zhi dan yuan	8
气囊灯	qi nang deng	9
气囊电脑	qi nang dian nao	9
气囊电脑板	qi nang dian nao ban	5
气缸盖垫片	qi gang gai dian pian	5
气路控制阀	qi lu kong zhi fa	5
气门室垫	qi men shi dian	7
气门室盖垫	qi men shi gai dian	7
气门室罩盖	qi men shi zhao gai	6
气门弹簧	qi men tan huang	1
气门弹簧座	qi men tan huang zuo	5
气门摇臂轴	qi men yao bi zhou	6
气门盖	qi men gai	6
气门调整螺丝	qi men tiao zheng luo si	3
氢动力燃料电池车	qing dong li ran liao dian chi che	8
氢动四号	qing dong si hao	6
氢气转子发动机	qing qi zhuan zi fa dong ji	5
水位感应器	shui wei gan ying qi	1
水晶香水瓶	shui jing xiang shui ping	10
水泵出水管	shui beng chu shui guan	8
水泵叶轮	shui beng ye lun	9
水泵垫	shui beng dian	3
水泵进水管	shui beng jin shui guan	6
水泵部件	shui beng bu jian	1
水温传感器	shui wen chuan gan qi	11
水温感应塞	shui wen gan ying sai	7
水温指示灯	shui wen zhi shi deng	7
水温灯	shui wen deng	7
水温表	shui wen biao	7
水砂纸	shui sha zhi	3
水箱副水壶	shui xiang fu shui hu	3
水箱胶垫	shui xiang jiao dian	3
水陆两栖汽车	shui lu liang qi qi che	8
永源飞碟	yong yuan fei die	9
永磁减速起动机	yong ci jian su qi dong ji	3
永诚保险	yong cheng bao xian	5
江南奥拓	jiang nan ao tuo	1
江苏女神汽车集团公司	jiang su nv shen qi che ji tuan gong si	3
江铃福特	jiang ling fu te	9
江铃陆风	jiang ling lu feng	12
江铃集团	jiang ling ji tuan	12
汽油液位传感器	qi you ye wei chuan gan qi	3
汽油直喷技术	qi you zhi pen ji shu	11
汽车主动安全性	qi che zhu dong an quan xing	6
汽车产业研究	qi che chan ye yan jiu	1
汽车价格	qi che jia ge	3
汽车传感器的检测	qi che chuan gan qi de jian ce	6
汽车保姆	qi che bao mu	9
汽车信用卡	qi che xin yong ka	9
汽车俱乐部	qi che ju le bu	31
汽车制动效能	qi che zhi dong xiao neng	4
汽车制动液	qi che zhi dong ye	10
汽车加气站操作工	qi che jia qi zhan cao zuo gong	7
汽车动力指标	qi che dong li zhi biao	3
汽车化工用品	qi che hua gong yong pin	7
汽车台	qi che tai	8
汽车启动电源	qi che qi dong dian yuan	4
汽车品牌与商标	qi che pin pai yu shang biao	5
汽车品牌与文化	qi che pin pai yu wen hua	3
汽车品牌营销	qi che pin pai ying xiao	8
汽车喷漆工艺	qi che pen qi gong yi	7
汽车四轮定位	qi che si lun ding wei	9
汽车增值税	qi che zeng zhi shui	5
汽车安全驾驶技术	qi che an quan jia shi ji shu	3
汽车实用查询	qi che shi yong cha xun	5
汽车工程手册	qi che gong cheng shou ce	7
汽车影音	qi che ying yin	13
汽车扭矩	qi che niu ju	3
汽车技术服务与营销	qi che ji shu fu wu yu ying xiao	10
汽车抛锚	qi che pao mao	3
汽车挂件	qi che gua jian	10
汽车挡位数	qi che dang wei shu	2
汽车挡风玻璃	qi che dang feng bo li	4
汽车排放标准	qi che pai fang biao zhun	1
汽车整形技术	qi che zheng xing ji shu	7
汽车智能安全气囊	qi che zhi neng an quan qi nang	3
汽车智能钥匙	qi che zhi neng yao shi	4
汽车最大爬坡度	qi che zui da pa po du	3
汽车最小离地间隙	qi che zui xiao li di jian xi	4
汽车服务俱乐部	qi che fu wu ju le bu	5
汽车机械制图	qi che ji xie zhi tu	2
汽车机电技术	qi che ji dian ji shu	3
汽车梦工场	qi che meng gong chang	3
汽车模拟驾驶系统	qi che mo ni jia shi xi tong	6
汽车残值	qi che can zhi	10
汽车汽配专业服务	qi che qi pei zhuan ye fu wu	2
汽车消费信贷	qi che xiao fei xin dai	2
汽车牵引	qi che qian yin	5
汽车牵引力控制系统	qi che qian yin li kong zhi xi tong	3
汽车用品与附件	qi che yong pin yu fu jian	2
汽车用柴油	qi che yong chai you	8
汽车电器设备与维修	qi che dian qi she bei yu wei xiu	7
汽车电子电器	qi che dian zi dian qi	1
汽车电脑维修教程	qi che dian nao wei xiu jiao cheng	3
汽车的变速器	qi che de bian su qi	7
汽车的零公里	qi che de ling gong li	2
汽车盘式制动器	qi che pan shi zhi dong qi	6
汽车空调压缩机	qi che kong tiao ya suo ji	10
汽车维修技术	qi che wei xiu ji shu	12
汽车维修设备	qi che wei xiu she bei	11
汽车网络营销	qi che wang luo ying xiao	9
汽车自动变速器挡位	qi che zi dong bian su qi dang wei	2
汽车芯片	qi che xin pian	1
汽车营销	qi che ying xiao	2
汽车行业动态	qi che hang ye dong tai	9
汽车装饰服务中心	qi che zhuang shi fu wu zhong xin	4
汽车覆盖件	qi che fu gai jian	12
汽车贸易	qi che mao yi	6
汽车贸易有限公司	qi che mao yi you xian gong si	2
汽车车体结构	qi che che ti jie gou	4
汽车车载导航	qi che che zai dao hang	7
汽车轮距	qi che lun ju	3
汽车运行作业计划	qi che yun xing zuo ye ji hua	2
汽车遥控	qi che yao kong	12
汽车遥控钥匙	qi che yao kong yao shi	8
汽车销售服务	qi che xiao shou fu wu	3
汽车销售服务有限公司	qi che xiao shou fu wu you xian gong si	15
汽车防追尾装置	qi che fang zhui wei zhuang zhi	2
汽车零部件整合	qi che ling bu jian zheng he	4
汽车零部件有限公司	qi che ling bu jian you xian gong si	12
汽车音响解码大全	qi che yin xiang jie ma da quan	3
汽车风洞	qi che feng dong	9
汽车饰品套	qi che shi pin tao	5
汽车高位制动灯	qi che gao wei zhi dong deng	2
汽配公司	qi pei gong si	11
沃克斯豪尔	wo ke si hao er	6
沃尔沃客车	wo er wo ke che	9
沙漠之虎	sha mo zhi hu	1
沙漠越野车	sha mo yue ye che	10
沙漠车	sha mo che	1
没有现车	mei you xian che	2
河北荣华	he bei rong hua	9
油中宝	you zhong bao	3
油品类	you pin lei	8
油封漏油	you feng lou you	1
油底壳垫	you di ke dian	5
油泵单向阀	you beng dan xiang fa	3
油田专用车	you tian zhuan yong che	7
油箱开关	you xiang kai guan	9
油箱浮筒	you xiang fu tong	3
油耗传感器	you hao chuan gan qi	5
油路总成测试机	you lu zong cheng ce shi ji	3
油路漏油	you lu lou you	7
法拉利越野车	fa la li yue ye che	3
法雷奥集团	fa lei ao ji tuan	2
泡沫清洗剂	pao mo qing xi ji	9
注油管	zhu you guan	7
洗涤泵	xi di beng	6
活塞肖	huo sai xiao	6
活性炭罐电磁阀	huo xing tan guan dian ci fa	6
派力奥周末风	pai li ao zhou mo feng	10
派喜	pai xi	2
浇注速度	jiao zhu su du	7
测试机	ce shi ji	47
济南液压泵	ji nan ye ya beng	6
浙江吉利控股集团	zhe jiang ji li kong gu ji tuan	8
浙江永源汽车有限公司	zhe jiang yong yuan qi che you xian gong si	6
浙江汽车工程学院	zhe jiang qi che gong cheng xue yuan	8
浙江汽车网	zhe jiang qi che wang	14
浙江汽车职业技术学院	zhe jiang qi che zhi ye ji shu xue yuan	7
浙江瑞立集团公司	zhe jiang rui li ji tuan gong si	3
浙江车网	zhe jiang che wang	2
消声器前进气管总成	xiao sheng qi qian jin qi guan zong cheng	2
消声器尾	xiao sheng qi wei	5
消声器接管	xiao sheng qi jie guan	4
涨紧轮	zhang jin lun	10
涨闸	zhang zha	7
液位计	ye wei ji	12
液力转向泵	ye li zhuan xiang beng	4
液化石油气汽车	ye hua shi you qi qi che	9
液压式离合器系统	ye ya shi li he qi xi tong	4
液压油压力表	ye ya you ya li biao	3
液氮加速	ye dan jia su	7
液罐车	ye guan che	9
淘淘二手车	tao tao er shou che	7
混合动力电动汽车	hun he dong li dian dong qi che	6
清洁能源汽车	qing jie neng yuan qi che	2
清障车	qing zhang che	13
温度传感器	wen du chuan gan qi	14
温度传感器线束	wen du chuan gan qi xian shu	3
温控开关	wen kong kai guan	1
游动齿轮	you dong chi lun	4
湖北汽车工业学院	hu bei qi che gong ye xue yuan	2
湛江汽车网	zhan jiang qi che wang	4
湾岸午夜俱乐部	wan an wu ye ju le bu	8
源动力	yuan dong li	14
滤芯总成	lv xin zong cheng	3
漆面保护膜	qi mian bao hu mo	9
漏防冻液	lou fang dong ye	9
潜水跑车	qian shui pao che	4
澳门大赛车博物馆	ao men da sai che bo wu guan	1
澳门格兰披治大赛车	ao men ge lan pi zhi da sai che	10
激转	ji zhuan	10
火炮牵引车	huo pao qian yin che	16
火烧车	huo shao che	19
点火模块	dian huo mo kuai	9
点火线圈	dian huo xian quan	2
点火线圈总成	dian huo xian quan zong cheng	5
点火钥匙	dian huo yao shi	11
烟台国际车展	yan tai guo ji che zhan	2
烟灰盒	yan hui he	11
烟灰缸前	yan hui gang qian	4
烟灰缸盖	yan hui gang gai	7
热控制阀	re kong zhi fa	5
热板	re ban	8
熄火器	xi huo qi	6
熄火拉线	xi huo la xian	2
熄火电磁阀	xi huo dian ci fa	5
燃油蒸发排放控制	ran you zheng fa pai fang kong zhi	5
燃烧过程	ran shao guo cheng	9
爱墨绿	ai mo lv	2
牌照板	pai zhao ban	11
牌照框	pai zhao kuang	2
牌照灯护板	pai zhao deng hu ban	3
牙嵌式自锁差速器	ya qian shi zi suo cha su qi	2
牛腿	niu tui	26
牡丹客车	mu dan ke che	3
牵引力控制系统	qian yin li kong zhi xi tong	1
牵引汽车	qian yin qi che	9
牵引钩	qian yin gou	9
特黑	te hei	12
猎豹飞腾	lie bao fei teng	12
猫扑汽车	mao pu qi che	10
玛希拉蒂	ma xi la di	3
玛瑙灰	ma nao hui	5
玩车	wan che	15
现代悦动	xian dai yue dong	10
现代新胜达	xian dai xin sheng da	10
现代汽车检测诊断技术	xian dai qi che jian ce zhen duan ji shu	3
现代王	xian dai wang	10
现代维拉克斯	xian dai wei la ke si	10
现代雅科仕	xian dai ya ke shi	3
玻璃托架	bo li tuo jia	7
玻璃摇把	bo li yao ba	4
玻璃清洗液	bo li qing xi ye	10
珠海国际赛车场	zhu hai guo ji sai che chang	3
珠海汽车网	zhu hai qi che wang	3
瑞典沃尔沃汽车公司	rui dian wo er wo qi che gong si	8
生产工艺技术	sheng chan gong yi ji shu	13
甲壳虫汽车	jia qiao chong qi che	1
电动助力转向系统	dian dong zhu li zhuan xiang xi tong	3
电动升降器	dian dong sheng jiang qi	8
电动摇机	dian dong yao ji	6
电动玻璃	dian dong bo li	1
电动玻璃升降器	dian dong bo li sheng jiang qi	10
电动车专用配件	dian dong che zhuan yong pei jian	4
电动转向	dian dong zhuan xiang	4
电压变换器	dian ya bian huan qi	7
电喷发动机	dian pen fa dong ji	13
电器仪表	dian qi yi biao	11
电子制动力分配系统	dian zi zhi dong li fen pei xi tong	13
电子差速制动	dian zi cha su zhi dong	6
电子感应制动系统	dian zi gan ying zhi dong xi tong	8
电子电控	dian zi dian kong	11
电子真空泵	dian zi zhen kong beng	4
电子阀	dian zi fa	9
电子风扇	dian zi feng shan	10
电子驻车制动系统	dian zi zhu che zhi dong xi tong	9
电工胶带	dian gong jiao dai	1
电池盒手柄	dian chi he shou bing	6
电源总开关	dian yuan zong kai guan	10
电源转换器	dian yuan zhuan huan qi	6
电源锁	dian yuan suo	10
电焊条	dian han tiao	1
电瓶卡子	dian ping ka zi	4
电瓶盖	dian ping gai	7
电瓶盖板	dian ping gai ban	2
电瓶连接线	dian ping lian jie xian	5
电磁减震器	dian ci jian zhen qi	6
电磁开关	dian ci kai guan	1
电磁换向阀	dian ci huan xiang fa	11
电解液	dian jie ye	31
电路短路	dian lu duan lu	10
白心可锻铸铁	bai xin ke duan zhu tie	5
皇冠锐志	huang guan rui zhi	6
皮带涨紧	pi dai zhang jin	7
盆角齿	pen jiao chi	7
盒盖左	he gai zuo	4
盖垫	gai dian	1
盲点信息系统	mang dian xin xi xi tong	1
直列发动机	zhi lie fa dong ji	1
直喷式燃烧室	zhi pen shi ran shao shi	6
直拉杆	zhi la gan	10
直拉杆接头总成	zhi la gan jie tou zong cheng	3
直接档	zhi jie dang	8
真空吊具	zhen kong diao ju	7
真空吸污车	zhen kong xi wu che	7
真空泵	zhen kong beng	23
真空电磁阀	zhen kong dian ci fa	7
真空管硬	zhen kong guan ying	3
短圆柱滚子轴承	duan yuan zhu gun zi zhou cheng	9
矿用自卸车	kuang yong zi xie che	9
硬派越野车	ying pai yue ye che	5
硬连接牵引	ying lian jie qian yin	8
神农驾	shen nong jia	6
福克斯小改款	fu ke si xiao gai kuan	7
福建戴姆勒	fu jian dai mu le	10
福特全顺快运	fu te quan shun kuai yun	4
福特爱虎	fu te ai hu	2
福特福克斯两厢	fu te fu ke si liang xiang	11
福特蒙迪欧致胜	fu te meng di ou zhi sheng	10
福田迷迪	fu tian mi di	5
福田风景冲浪	fu tian feng jing chong lang	6
离去角	li qu jiao	2
离去角度	li qu jiao du	6
离合分泵	li he fen beng	8
离合器摩擦片	li he qi mo ca pian	9
离合器盖及压盘总成	li he qi gai ji ya pan zong cheng	3
科鲁兹	ke lu zi	4
秦川福莱尔	qin chuan fu lai er	7
稀薄燃烧发动机	xi bo ran shao fa dong ji	5
稳定牵引控制系统	wen ding qian yin kong zhi xi tong	4
空气清净机	kong qi qing jing ji	12
空气清新剂	kong qi qing xin ji	32
空气滤芯总成	kong qi lv xin zong cheng	2
空腔注蜡	kong qiang zhu la	11
空调压缩机皮带	kong tiao ya suo ji pi dai	6
空调暖风开关	kong tiao nuan feng kai guan	3
空调泵	kong tiao beng	11
空调涨紧轮	kong tiao zhang jin lun	5
空调滤网	kong tiao lv wang	7
空调滤芯	kong tiao lv xin	10
空调皮带张紧轮	kong tiao pi dai zhang jin lun	3
空调管路	kong tiao guan lu	10
空调高压管	kong tiao gao ya guan	6
空间容积	kong jian rong ji	9
立式珩磨机	li shi heng mo ji	7
立式精镗床	li shi jing tang chuang	6
第一汽车集团公司	di yi qi che ji tuan gong si	2
第一箱油	di yi xiang you	10
第四缸	di si gang	7
米其林集团	mi qi lin ji tuan	3
米纳尔迪车队	mi na er di che dui	5
粉末冶金产品	fen mo ye jin chan pin	9
粉末冶金衬套	fen mo ye jin chen tao	3
粘性偶合器	nian xing ou he qi	5
粘性联轴节	nian xing lian zhou jie	6
精品组件	jing pin zu jian	2
精灵奔驰	jing ling ben chi	2
紧凑车型	jin cou che xing	1
紧急控制阀	jin ji kong zhi fa	3
红喜力	hong xi li	7
红色蔷薇	hong se qiang wei	1
约斯帝	yue si di	3
纵臂扭转	zong bi niu zhuan	11
纸巾盒	zhi jin he	19
纸漏斗	zhi lou dou	8
纽伯林赛道	niu bo lin sai dao	7
纽博格林	niu bo ge lin	4
纽博格林赛道	niu bo ge lin sai dao	17
组合表	zu he biao	1
经典全顺	jing dian quan shun	7
经营处	jing ying chu	1
结构完整性	jie gou wan zheng xing	9
维伦纽夫赛道	wei lun niu fu sai dao	8
维修厂	wei xiu chang	22
维多利亚皇冠	wei duo li ya huang guan	2
缓冲胶	huan chong jiao	9
缩微图纸	suo wei tu zhi	2
缸内直喷	gang nei zhi pen	3
缺缸	que gang	1
缺陷产品	que xian chan pin	4
罩垫	zhao dian	8
罩盖垫	zhao gai dian	1
置换补贴	zhi huan bu tie	7
羊毛球	yang mao qiu	11
美国汽车协会	mei guo qi che xie hui	11
美式校车	mei shi xiao che	2
美的客车	mei di ke che	8
美鹿	mei lu	7
翘板开关	qiao ban kai guan	9
翱龙	ao long	12
翻转轴	fan zhuan zhou	5
翼子板隔音	yi zi ban ge yin	4
老车主	lao che zhu	1
考维特	kao wei te	1
肖子	xiao zi	7
育空河	yu kong he	6
胎侧胶	tai ce jiao	7
胎圈芯	tai quan xin	3
脉冲传感器	mai chong chuan gan qi	6
脉冲式电磁阀	mai chong shi dian ci fa	4
脚垫黑色	jiao dian hei se	3
脚瞪	jiao deng	9
脚胶	jiao jiao	4
腿部空间	tui bu kong jian	16
膜片	mo pian	28
膜片式制动气室	mo pian shi zhi dong qi shi	3
膜片弹簧离合器	mo pian tan huang li he qi	9
膨涨阀	peng zhang fa	4
自动制动差速器	zi dong zhi dong cha su qi	6
自动变速箱	zi dong bian su xiang	34
自动变速箱油	zi dong bian su xiang you	2
自动感应大灯	zi dong gan ying da deng	8
自动排挡	zi dong pai dang	3
自动排档变速箱	zi dong pai dang bian su xiang	2
自动操纵式变速器	zi dong cao zong shi bian su qi	5
自动空调控制系统	zi dong kong tiao kong zhi xi tong	8
自动补胎液	zi dong bu tai ye	6
自动豪华	zi dong hao hua	8
自动车位锁	zi dong che wei suo	5
自卸翻斗车	zi xie fan dou che	10
自卸货车	zi xie huo che	1
自攻螺钉	zi gong luo ding	11
自补液	zi bu ye	8
舍弗勒集团	she fu le ji tuan	2
节气门垫	jie qi men dian	3
节气门控制单元	jie qi men kong zhi dan yuan	6
芯片钥匙	xin pian yao shi	1
苏州二手车网	su zhou er shou che wang	6
英国劳斯莱斯集团	ying guo lao si lai si ji tuan	2
英国汽车工业	ying guo qi che gong ye	2
英格尔	ying ge er	39
英特拉格斯赛道	ying te la ge si sai dao	1
英特格	ying te ge	7
英菲尼迪	ying fei ni di	20
茂木赛道	mao mu sai dao	5
茶杯架	cha bei jia	9
荣茂隔音	rong mao ge yin	3
菜瓜布	cai gua bu	8
菲亚特多宝	fei ya te duo bao	7
菲亚特熊猫	fei ya te xiong mao	10
菲亚特西耶那	fei ya te xi ye na	10
菲利普岛赛道	fei li pu dao sai dao	3
菲德拉	fei de la	1
蒙迪欧	meng di ou	26
蒙迪欧致胜	meng di ou zhi sheng	1
蒸发器芯子	zheng fa qi xin zi	3
蓄电池盖	xu dian chi gai	9
蓝牌车	lan pai che	1
蜗牛喇叭	wo niu la ba	9
螺丝铆钉	luo si mao ding	6
螺帽	luo mao	35
螺母垫片	luo mu dian pian	7
螺纹板	luo wen ban	5
行业法规	hang ye fa gui	3
行星齿轮	xing xing chi lun	29
行星齿轮变速器	xing xing chi lun bian su qi	1
行星齿轮变速机构	xing xing chi lun bian su ji gou	4
行星齿轮托架	xing xing chi lun tuo jia	4
行星齿轮装置	xing xing chi lun zhuang zhi	5
行车制动	xing che zhi dong	10
行车灯	xing che deng	6
补强板	bu qiang ban	2
补炉	bu lu	9
表面缺陷	biao mian que xian	1
被动安全	bei dong an quan	4
被动安全性	bei dong an quan xing	13
装饰灯	zhuang shi deng	9
西耶那	xi ye na	1
西苑小区	xi yuan xiao qu	4
视维视频会议系统	shi wei shi pin hui yi xi tong	7
角齿	jiao chi	6
触媒转换器	chu mei zhuan huan qi	1
设计硬点	she ji ying dian	3
诊断报警系统	zhen duan bao jing xi tong	5
诊断插头	zhen duan cha tou	5
试乘试驾车	shi cheng shi jia che	1
试车评测	shi che ping ce	4
试过车	shi guo che	2
试驾后	shi jia hou	12
该车主	gai che zhu	11
调漆设备	tiao qi she bei	8
谐振箱	xie zhen xiang	3
贝氏体球墨铸铁	bei shi ti qiu mo zhu tie	4
负值轮毂	fu zhi lun gu	8
负极接地	fu ji jie di	7
贾新光	jia xin guang	14
赛拉图欧风	sai la tu ou feng	13
赵公口长途汽车站	zhao gong kou chang tu qi che zhan	1
起亚欧菲莱斯	qi ya ou fei lai si	9
起亚霸锐	qi ya ba rui	10
超级维特拉	chao ji wei te la	12
超重型汽车列车	chao zhong xing qi che lie che	5
越野客车	yue ye ke che	8
越野车论坛	yue ye che lun tan	3
路况下	lu kuang xia	1
路安汽车俱乐部	lu an qi che ju le bu	3
路宝节油	lu bao jie you	8
路帝	lu di	12
路环小型赛车场	lu huan xiao xing sai che chang	2
车体保养	che ti bao yang	7
车内中控锁	che nei zhong kong suo	10
车内温度传感器	che nei wen du chuan gan qi	6
车内阅读灯	che nei yue du deng	8
车坛百分百	che tan bai fen bai	2
车展期间	che zhan qi jian	14
车管学院	che guan xue yuan	5
车贴文化	che tie wen hua	6
车身主动控制系统	che shen zhu dong kong zhi xi tong	6
车身校正设备	che shen jiao zheng she bei	6
车身清洗设备	che shen qing xi she bei	2
车轮动平衡机	che lun dong ping heng ji	6
车轮饰盖	che lun shi gai	6
车载冰箱	che zai bing xiang	2
车载后座娱乐系统	che zai hou zuo yu le xi tong	2
车载对讲机	che zai dui jiang ji	1
车载导航系统	che zai dao hang xi tong	2
车载影碟机	che zai ying die ji	6
车载电台	che zai dian tai	4
车载电脑	che zai dian nao	5
车载电话	che zai dian hua	4
车载自动诊断系统	che zai zi dong zhen duan xi tong	10
车辆外摆值	che liang wai bai zhi	2
车辆外迁	che liang wai qian	4
车辆稳定性控制系统	che liang wen ding xing kong zhi xi tong	11
车辆稳定性操控系统	che liang wen ding xing cao kong xi tong	3
车迷频道	che mi pin dao	11
车速表检验台	che su biao jian yan tai	5
车门开度限位器	che men kai du xian wei qi	4
车门扶手	che men fu shou	11
车门把手	che men ba shou	4
车门折页	che men zhe ye	2
车门框	che men kuang	1
车门玻璃	che men bo li	4
车门铰链	che men jiao lian	9
车门隔音	che men ge yin	8
车门饰板	che men shi ban	1
车险计算	che xian ji suan	8
转向横拉杆球头	zhuan xiang heng la gan qiu tou	6
转向液	zhuan xiang ye	11
转向灯开关	zhuan xiang deng kai guan	8
转向灯灯泡	zhuan xiang deng deng pao	4
转向直拉杆	zhuan xiang zhi la gan	6
转向管柱总成	zhuan xiang guan zhu zong cheng	4
转向节前	zhuan xiang jie qian	4
转向轮定位仪	zhuan xiang lun ding wei yi	3
转向齿轮泵	zhuan xiang chi lun beng	5
转子传感器	zhuan zi chuan gan qi	2
转子发动机	zhuan zi fa dong ji	13
转弯半径	zhuan wan ban jing	40
转弯指示灯	zhuan wan zhi shi deng	6
转矩变换器	zhuan ju bian huan qi	4
转速仪	zhuan su yi	9
转速传感器	zhuan su chuan gan qi	11
轮定位	lun ding wei	14
轮眉	lun mei	14
轮眉卡扣	lun mei ka kou	2
轮眉后	lun mei hou	7
轮缸	lun gang	9
轮罩	lun zhao	2
轮罩护板	lun zhao hu ban	5
轮胎侧偏刚度	lun tai ce pian gang du	4
轮胎换位	lun tai huan wei	10
轮胎翻新材料	lun tai fan xin cai liao	4
轮胎螺母拆装机	lun tai luo mu chai zhuang ji	4
轮芯盖	lun xin gai	3
轮距	lun ju	7
轮边减速器	lun bian jian su qi	8
轮边减速器总成	lun bian jian su qi zong cheng	4
轮边壳	lun bian ke	3
轮边总成	lun bian zong cheng	3
轮间	lun jian	3
软连接牵引	ruan lian jie qian yin	7
轴承衬套	zhou cheng chen tao	5
轿车化	jiao che hua	14
轿车发动机	jiao che fa dong ji	12
达路	da lu	46
进口大切诺基	jin kou da qie nuo ji	6
进口斯柯达	jin kou si ke da	9
进气凸轮轴前	jin qi tu lun zhou qian	4
进气压力温度传感器	jin qi ya li wen du chuan gan qi	5
进气接管	jin qi jie guan	5
进气格栅	jin qi ge zha	7
进气道转换阀	jin qi dao zhuan huan fa	3
进气门摇臂	jin qi men yao bi	3
远光指示灯	yuan guang zhi shi deng	6
远光灯泡	yuan guang deng pao	5
远舰	yuan jian	10
违章查询	wei zhang cha xun	3
连接管	lian jie guan	5
连杆校正器	lian gan jiao zheng qi	4
连杆轴承盖	lian gan zhou cheng gai	5
迪族车网	di zu che wang	6
逍客	xiao ke	39
通用件与标准件	tong yong jian yu biao zhun jian	3
通用别克	tong yong bie ke	14
通风阀	tong feng fa	2
速度感应式转向系统	su du gan ying shi zhuan xiang xi tong	7
道奇公羊	dao qi gong yang	2
道奇凯领	dao qi kai ling	12
道奇拓远者	dao qi tuo yuan zhe	7
遥控手柄	yao kong shou bing	10
遥控钥匙	yao kong yao shi	6
邓禄普轮胎	deng lu pu lun tai	9
郑州北环汽配车饰广场	zheng zhou bei huan qi pei che shi guang chang	3
郑州威佳专营店	zheng zhou wei jia zhuan ying dian	7
郑州日产帕拉丁	zheng zhou ri chan pa la ding	11
部分车型	bu fen che xing	6
都市彩虹	du shi cai hong	9
都市骏马	du shi jun ma	8
酷路泽	ku lu ze	2
重型汽车联营公司	zhong xing qi che lian ying gong si	1
重庆国际车展	chong qing guo ji che zhan	11
野猫赛	ye mao sai	4
野马福特	ye ma fu te	3
金刚二代	jin gang er dai	6
金旅客车	jin lv ke che	2
金港国际赛车场	jin gang guo ji sai che chang	10
金牛座汽车	jin niu zuo qi che	4
钢圈清洗剂	gang quan qing xi ji	3
钢圈铝	gang quan lv	3
钢板垫块	gang ban dian kuai	3
钢板套	gang ban tao	7
钢板胶套	gang ban jiao tao	4
钢管弯头	gang guan wan tou	5
钢管车	gang guan che	9
钢背	gang bei	2
钥匙开关	yao shi kai guan	10
铃木北斗星	ling mu bei dou xing	1
铃木吉姆尼	ling mu ji mu ni	10
铃木红	ling mu hong	4
铃木维特拉	ling mu wei te la	7
铃木集团	ling mu ji tuan	8
铃鹿赛车场	ling lu sai che chang	3
铃鹿赛道	ling lu sai dao	19
铅块	qian kuai	13
锁芯	suo xin	19
锋范	feng fan	12
锐骐多功能商用车	rui qi duo gong neng shang yong che	8
锥形堵塞	zhui xing du se	2
镀锌板	du xin ban	1
长丰猎豹	chang feng lie bao	13
长丰猎豹骐菱	chang feng lie bao qi ling	3
长丰猎豹黑金刚	chang feng lie bao hei jin gang	6
长城哈弗	chang cheng ha fu	1
长城嘉誉	chang cheng jia yu	11
长城精灵汽车	chang cheng jing ling qi che	7
长城轿车	chang cheng jiao che	12
长安志翔	chang an zhi xiang	11
长安汽车工程研究院	chang an qi che gong cheng yan jiu yuan	8
长安沃尔沃	chang an wo er wo	9
长安福特新福克斯	chang an fu te xin fu ke si	3
长安福特福克斯	chang an fu te fu ke si	11
长安马自达	chang an ma zi da	2
门提钮	men ti niu	4
门泵	men beng	9
门灯开关	men deng kai guan	7
门胶条	men jiao tiao	6
门边饰条	men bian shi tiao	5
门防撞条	men fang zhuang tiao	5
间歇雨刮	jian xie yu gua	7
防护薄膜	fang hu bo mo	8
防抱制动系统	fang bao zhi dong xi tong	9
防拖车系统	fang tuo che xi tong	5
防撞加强板	fang zhuang jia qiang ban	4
防滑地板	fang hua di ban	6
防火墙隔音	fang huo qiang ge yin	5
防爆膜	fang bao mo	18
防盗控制单元	fang dao kong zhi dan yuan	7
防眩目	fang xuan mu	13
防眩目后视镜	fang xuan mu hou shi jing	12
防碎安全玻璃	fang sui an quan bo li	2
防空灯	fang kong deng	7
防追尾系统	fang zhui wei xi tong	7
阶背式轿车	jie bei shi jiao che	6
阻车钉	zu che ding	9
阿尔伯特公园赛道	a er bo te gong yuan sai dao	2
阿尔宾娜	a er bin na	8
阿尔法罗密欧	a er fa luo mi ou	5
阿斯顿马丁	a si dun ma ding	15
陆地巡洋舰	lu di xun yang jian	9
陆霸	lu ba	13
陆风新饰界	lu feng xin shi jie	8
陆风汽车	lu feng qi che	3
陆风风华	lu feng feng hua	13
陈光祖	chen guang zu	2
陡坡缓降	dou po huan jiang	1
陡坡缓降控制	dou po huan jiang kong zhi	9
随动转向	sui dong zhuan xiang	13
随动转向大灯	sui dong zhuan xiang da deng	10
随动闸	sui dong zha	6
随车工具	sui che gong ju	1
隔热材料	ge re cai liao	11
隔热板	ge re ban	9
隔音产品	ge yin chan pin	8
隔音品牌	ge yin pin pai	4
隔音材料厂	ge yin cai liao chang	4
雅科仕	ya ke shi	1
雅阁旅行版概念车	ya ge lv xing ban gai nian che	5
雨刮电机	yu gua dian ji	10
雨刮盖板	yu gua gai ban	3
雨刮精	yu gua jing	6
雨刮臂	yu gua bi	9
雨刮间歇继电器	yu gua jian xie ji dian qi	4
雪佛兰乐驰	xue fo lan le chi	9
雷诺梅甘娜	lei nuo mei gan na	11
霍根海姆赛道	huo gen hai mu sai dao	4
青专	qing zhuan	11
非全尺寸备胎	fei quan chi cun bei tai	6
非常城市	fei chang cheng shi	10
非承载式车身	fei cheng zai shi che shen	9
非法改装车	fei fa gai zhuang che	1
非独立悬挂系统	fei du li xuan gua xi tong	7
靠电子传感器探	kao dian zi chuan gan qi tan	7
面板装饰件	mian ban zhuang shi jian	4
预紧式安全带	yu jin shi an quan dai	12
颐达	yi da	1
颜光明	yan guang ming	1
风华一号	feng hua yi hao	2
风扇偶合器	feng shan ou he qi	4
风挡玻璃	feng dang bo li	4
风景冲浪	feng jing chong lang	9
风景爱尔法	feng jing ai er fa	9
风档刮水器	feng dang gua shui qi	5
风焊	feng han	10
风阀	feng fa	1
风骏	feng jun	1
飞碟汽车	fei die qi che	1
飞行吉普	fei xing ji pu	4
飞行家	fei xing jia	26
飞轮壳	fei lun ke	10
飞轮齿圈	fei lun chi quan	9
饰框	shi kuang	11
饰盖	shi gai	22
首次保养	shou ci bao yang	1
马力车重比	ma li che zhong bi	2
马来西亚大奖赛	ma lai xi ya da jiang sai	11
马自达八	ma zi da ba	2
马自达劲翔	ma zi da jin xiang	6
马自达普力马	ma zi da pu li ma	10
驰野	chi ye	1
驱动小齿轮	qu dong xiao chi lun	5
驻车制动指示灯	zhu che zhi dong zhi shi deng	3
驻车灯	zhu che deng	8
驾校一点通	jia xiao yi dian tong	9
驾驶员侧	jia shi yuan ce	3
驾驶员座椅	jia shi yuan zuo yi	3
驾驶员警示控制	jia shi yuan jing shi kong zhi	7
驾驶室减震器	jia shi shi jian zhen qi	3
驾驶疲劳预警系统	jia shi pi lao yu jing xi tong	5
骆驼电瓶	luo tuo dian ping	2
验车费用	yan che fei yong	7
骨架油封	gu jia you feng	11
高位制动灯	gao wei zhi dong deng	11
高位刹车	gao wei sha che	14
高位刹车灯	gao wei sha che deng	14
高品质音响	gao pin zhi yin xiang	10
高档轿车	gao dang jiao che	2
高浓度固化剂	gao nong du gu hua ji	3
高精度直喷系统	gao jing du zhi pen xi tong	7
高速过弯	gao su guo wan	3
高音倒模	gao yin dao mo	2
魏红杰	wei hong jie	10
鹰潭火车站	ying tan huo che zhan	1
鹿导	lu dao	7
黄油加注机	huang you jia zhu ji	6
黄海汽车工程学院	huang hai qi che gong cheng xue yuan	4
鼓风机壳	gu feng ji ke	3
鼓风机电阻	gu feng ji dian zu	3
齐鲁客车	qi lu ke che	6
齿轮室盖	chi lun shi gai	7
齿轮齿条式转向	chi lun chi tiao shi zhuan xiang	1
