# 青简领域词库：财经，由 qingjian-dict-convert lexicon 从 THUOCL 拆出，基础词库里没有的部分。词	音节	词频
一年期	yi nian qi	20
一德	yi de	5
一本通	yi ben tong	2
一汽夏利	yi qi xia li	2
一汽富维	yi qi fu wei	2
一汽金杯	yi qi jin bei	3
七乐彩	qi le cai	9
七星电子	qi xing dian zi	5
万丰奥威	wan feng ao wei	6
万利达	wan li da	8
万力达	wan li da	5
万向德农	wan xiang de nong	4
万威国际	wan wei guo ji	3
万家乐	wan jia le	2
万家基金	wan jia ji jin	3
万年薪	wan nian xin	3
万昌科技	wan chang ke ji	4
万泽股份	wan ze gu fen	1
万象集团	wan xiang ji tuan	3
万通地产	wan tong di chan	9
万邦达	wan bang da	8
万顺昌	wan shun chang	5
三一重工	san yi zhong gong	6
三丰智能	san feng zhi neng	5
三五互联	san wu hu lian	3
三井银行	san jing yin hang	27
三元达	san yuan da	5
三全食品	san quan shi pin	4
三力	san li	9
三力士	san li shi	4
三季度	san ji du	19
三安光电	san an guang dian	2
三房巷	san fang xiang	6
三星电气	san xing dian qi	2
三普	san pu	8
三普药业	san pu yao ye	4
三木集团	san mu ji tuan	2
三泰电子	san tai dian zi	2
三特索道	san te suo dao	5
三维丝	san wei si	5
三联商社	san lian shang she	8
三菱银行	san ling yin hang	15
上市规则	shang shi gui ze	7
上提	shang ti	4
上月	shang yue	17
上海九百	shang hai jiu bai	2
上海佳豪	shang hai jia hao	8
上海凤凰	shang hai feng huang	6
上海凯宝	shang hai kai bao	1
上海分行	shang hai fen hang	44
上海医药	shang hai yi yao	15
上海地产	shang hai di chan	11
上海建工	shang hai jian gong	11
上海新梅	shang hai xin mei	3
上海普天	shang hai pu tian	2
上海有色金属网	shang hai you se jin shu wang	2
上海机场	shang hai ji chang	11
上海机电	shang hai ji dian	3
上海梅林	shang hai mei lin	12
上海港机	shang hai gang ji	3
上海物贸	shang hai wu mao	4
上海电力	shang hai dian li	14
上海电气	shang hai dian qi	16
上海石化	shang hai shi hua	2
上海科技	shang hai ke ji	30
上海绿新	shang hai lv xin	4
上海莱士	shang hai lai shi	7
上海证券	shang hai zheng quan	4
上海证券报	shang hai zheng quan bao	6
上海证大	shang hai zheng da	6
上海贝岭	shang hai bei ling	6
上海辅仁	shang hai fu ren	3
上海金融	shang hai jin rong	35
上海金融学院	shang hai jin rong xue yuan	3
上海金陵	shang hai jin ling	4
上海钢联	shang hai gang lian	5
上港集团	shang gang ji tuan	21
上电	shang dian	4
上破	shang po	6
上证	shang zheng	14
上证综指	shang zheng zong zhi	3
上证股	shang zheng gu	5
下破	xia po	7
下轨	xia gui	8
不可撤销	bu ke che xiao	23
不容乐观	bu rong le guan	21
业务线	ye wu xian	9
东信	dong xin	30
东光集团	dong guang ji tuan	3
东北财经大学	dong bei cai jing da xue	27
东华科技	dong hua ke ji	2
东华能源	dong hua neng yuan	1
东华软件	dong hua ruan jian	1
东吴嘉禾	dong wu jia he	1
东安黑豹	dong an hei bao	2
东富龙	dong fu long	1
东控	dong kong	4
东方保本	dong fang bao ben	3
东方国信	dong fang guo xin	7
东方报业集团	dong fang bao ye ji tuan	12
东方汇理银行	dong fang hui li yin hang	20
东方电机	dong fang dian ji	2
东方通信	dong fang tong xin	3
东方金钰	dong fang jin yu	1
东方银星	dong fang yin xing	3
东方银行	dong fang yin hang	3
东方锆业	dong fang gao ye	2
东方雨虹	dong fang yu hong	1
东源电器	dong yuan dian qi	3
东百集团	dong bai ji tuan	2
东盛	dong sheng	19
东碳	dong tan	2
东软集团	dong ruan ji tuan	4
东锅	dong guo	5
东阿阿胶	dong e e jiao	2
东风集团	dong feng ji tuan	5
个人理财	ge ren li cai	15
个股	ge gu	30
中侨	zhong qiao	20
中信国安	zhong xin guo an	10
中信实业银行	zhong xin shi ye yin hang	4
中信控股	zhong xin kong gu	3
中信泰富	zhong xin tai fu	13
中信海直	zhong xin hai zhi	1
中信银行	zhong xin yin hang	47
中信集团	zhong xin ji tuan	21
中创信测	zhong chuang xin ce	2
中化	zhong hua	11
中化国际	zhong hua guo ji	2
中化岩土	zhong hua yan tu	5
中北	zhong bei	11
中华工商时报	zhong hua gong shang shi bao	2
中华网	zhong hua wang	27
中南重工	zhong nan zhong gong	7
中原信托	zhong yuan xin tuo	5
中原特钢	zhong yuan te gang	3
中国人寿	zhong guo ren shou	36
中国人民保险公司	zhong guo ren min bao xian gong si	27
中国人民建设银行	zhong guo ren min jian she yin hang	5
中国信达资产管理公司	zhong guo xin da zi chan guan li gong si	8
中国凤凰	zhong guo feng huang	3
中国北车	zhong guo bei che	38
中国医疗	zhong guo yi liao	16
中国南车	zhong guo nan che	36
中国商报	zhong guo shang bao	9
中国国航	zhong guo guo hang	2
中国国贸	zhong guo guo mao	4
中国国际信托投资公司	zhong guo guo ji xin tuo tou zi gong si	3
中国国际招标网	zhong guo guo ji zhao biao wang	4
中国太保	zhong guo tai bao	1
中国太平	zhong guo tai ping	14
中国宝安	zhong guo bao an	1
中国平安	zhong guo ping an	40
中国忠旺	zhong guo zhong wang	4
中国报告大厅	zhong guo bao gao da ting	2
中国星集团	zhong guo xing ji tuan	4
中国有色金属	zhong guo you se jin shu	38
中国有色金属报	zhong guo you se jin shu bao	2
中国服装	zhong guo fu zhuang	9
中国民营经济周刊	zhong guo min ying jing ji zhou kan	2
中国水业集团	zhong guo shui ye ji tuan	2
中国水务	zhong guo shui wu	1
中国消防	zhong guo xiao fang	23
中国玻璃	zhong guo bo li	2
中国矿业	zhong guo kuang ye	10
中国科健股份有限公司	zhong guo ke jian gu fen you xian gong si	3
中国管理传播网	zhong guo guan li chuan bo wang	2
中国经济周刊	zhong guo jing ji zhou kan	6
中国经济报告	zhong guo jing ji bao gao	1
中国经济时报	zhong guo jing ji shi bao	5
中国经营报	zhong guo jing ying bao	8
中国网通	zhong guo wang tong	11
中国联合商报	zhong guo lian he shang bao	4
中国股市	zhong guo gu shi	11
中国西电	zhong guo xi dian	3
中国证券报	zhong guo zheng quan bao	10
中国财富	zhong guo cai fu	2
中国财经报	zhong guo cai jing bao	2
中国资本市场	zhong guo zi ben shi chang	4
中国远洋	zhong guo yuan yang	26
中国重汽	zhong guo zhong qi	3
中国铁建	zhong guo tie jian	46
中国食品	zhong guo shi pin	40
中央结算公司	zhong yang jie suan gong si	1
中孚实业	zhong fu shi ye	1
中小散户	zhong xiao san hu	9
中小板	zhong xiao ban	47
中小板指	zhong xiao ban zhi	7
中小盘股	zhong xiao pan gu	10
中川国际	zhong chuan guo ji	2
中彩网	zhong cai wang	3
中恒	zhong heng	10
中恒电气	zhong heng dian qi	3
中恒集团	zhong heng ji tuan	4
中房	zhong fang	10
中房股份	zhong fang gu fen	2
中投公司	zhong tou gong si	3
中服	zhong fu	7
中标者	zhong biao zhe	14
中核科技	zhong he ke ji	2
中核钛白	zhong he tai bai	4
中欧鼎利	zhong ou ding li	2
中江地产	zhong jiang di chan	3
中泰化学	zhong tai hua xue	3
中海油	zhong hai you	15
中海达	zhong hai da	4
中润	zhong run	7
中源	zhong yuan	31
中燕	zhong yan	3
中瑞思创	zhong rui si chuang	4
中电投	zhong dian tou	7
中盘股	zhong pan gu	1
中科	zhong ke	11
中科三环	zhong ke san huan	7
中科健	zhong ke jian	4
中科创业	zhong ke chuang ye	2
中科合臣	zhong ke he chen	3
中科英华	zhong ke ying hua	7
中科软	zhong ke ruan	6
中签	zhong qian	30
中粮屯河	zhong liang tun he	7
中纺	zhong fang	37
中纺机	zhong fang ji	2
中联债	zhong lian zhai	3
中联重科	zhong lian zhong ke	3
中航三鑫	zhong hang san xin	1
中航光电	zhong hang guang dian	4
中航地产	zhong hang di chan	2
中航科工	zhong hang ke gong	4
中航精机	zhong hang jing ji	6
中航重机	zhong hang zhong ji	3
中行	zhong hang	13
中西药业	zhong xi yao ye	2
中资银行	zhong zi yin hang	33
中辽	zhong liao	4
中金公司	zhong jin gong si	5
中钢吉炭	zhong gang ji tan	2
中钨	zhong wu	15
中铁二局	zhong tie er ju	27
中银卡	zhong yin ka	3
中银国际	zhong yin guo ji	5
中银绒业	zhong yin rong ye	5
中长线	zhong chang xian	1
中集	zhong ji	11
中集安瑞科	zhong ji an rui ke	4
中集集团	zhong ji ji tuan	1
中青宝	zhong qing bao	9
中顺洁柔	zhong shun jie rou	3
中鲁	zhong lu	6
丰华	feng hua	30
丰林集团	feng lin ji tuan	5
丹江	dan jiang	29
主力资金	zhu li zi jin	2
主要措施	zhu yao cuo shi	6
丽悦酒店	li yue jiu dian	1
丽珠集团	li zhu ji tuan	4
久立特材	jiu li te cai	5
乐电	le dian	5
九九久	jiu jiu jiu	4
九发	jiu fa	5
九州通	jiu zhou tong	14
九阳股份有限公司	jiu yang gu fen you xian gong si	7
九龙仓集团	jiu long cang ji tuan	17
九龙山	jiu long shan	37
买卖合同	mai mai he tong	20
买断型	mai duan xing	1
买空	mai kong	5
二季度	er ji du	9
二纺	er fang	4
二纺机	er fang ji	5
亏损面	kui sun mian	2
云南城投	yun nan cheng tou	2
云南白药	yun nan bai yao	6
云南盐化	yun nan yan hua	1
云南盐化股份有限公司	yun nan yan hua gu fen you xian gong si	4
云南锗业	yun nan zhe ye	2
云南马龙	yun nan ma long	1
云天化	yun tian hua	20
云海金属	yun hai jin shu	3
互太纺织	hu tai fang zhi	1
互联网周刊	hu lian wang zhou kan	2
五年期以上	wu nian qi yi shang	3
五洲明珠	wu zhou ming zhu	2
五矿发展	wu kuang fa zhan	3
五矿建设	wu kuang jian she	6
五矿期货	wu kuang qi huo	2
五矿证券	wu kuang zheng quan	2
五粮	wu liang	2
五道口	wu dao kou	20
亚信	ya xin	12
亚夏汽车	ya xia qi che	4
亚星	ya xing	23
亚星化学	ya xing hua xue	4
亚洲货币	ya zhou huo bi	3
亚洲金融	ya zhou jin rong	8
亚玛顿	ya ma dun	5
交割单	jiao ge dan	6
交割日	jiao ge ri	4
交强险	jiao qiang xian	10
交易区	jiao yi qu	12
交易厅	jiao yi ting	1
交易场	jiao yi chang	3
交易密码	jiao yi mi ma	3
交易指南	jiao yi zhi nan	2
交易日	jiao yi ri	44
交易时间	jiao yi shi jian	10
交易池	jiao yi chi	3
交易税	jiao yi shui	15
交易规则	jiao yi gui ze	7
交易额	jiao yi e	43
交行	jiao hang	12
交货价	jiao huo jia	6
交货单	jiao huo dan	4
交钥匙	jiao yao shi	8
交银	jiao yin	8
交银施罗德	jiao yin shi luo de	1
交银添利	jiao yin tian li	2
交银环球	jiao yin huan qiu	2
产业资本	chan ye zi ben	3
产品介绍	chan pin jie shao	23
产权导刊	chan quan dao kan	3
亨泰	heng tai	26
亨通光电	heng tong guang dian	1
京信通信	jing xin tong xin	2
京投银泰	jing tou yin tai	3
京运通	jing yun tong	6
亿安	yi an	15
亿阳信通	yi yang xin tong	6
仓单	cang dan	1
仕奇	shi qi	4
付息日	fu xi ri	6
代理制	dai li zhi	3
代领人	dai ling ren	8
仪化	yi hua	1
仲裁规则	zhong cai gui ze	5
价内权证	jia nei quan zheng	3
价差	jia cha	38
价格改革	jia ge gai ge	21
价税	jia shui	20
企业所得税法	qi ye suo de shui fa	8
伊立浦	yi li pu	6
众业达	zhong ye da	5
优先股	you xian gu	12
伟易达集团	wei yi da ji tuan	2
伦敦金	lun dun jin	19
低价股	di jia gu	7
低吸	di xi	6
低开	di kai	11
低点	di dian	13
体制性	ti zhi xing	6
体彩	ti cai	18
佳兆业集团	jia zhao ye ji tuan	5
佳士科技	jia shi ke ji	20
佳纸	jia zhi	4
供给区	gong ji qu	5
侨兴环球	qiao xing huan qiu	3
保函	bao han	33
保利地产	bao li di chan	2
保利达资产	bao li da zi chan	1
保增长	bao zeng zhang	8
保理商	bao li shang	6
保管人	bao guan ren	17
保网	bao wang	1
保荐制	bao jian zhi	4
保额	bao e	6
信德集团	xin de ji tuan	5
信息披露制度	xin xi pi lu zhi du	3
信息早报	xin xi zao bao	6
信托业	xin tuo ye	11
信托合同	xin tuo he tong	1
信托资产	xin tuo zi chan	1
信用度	xin yong du	1
信用证	xin yong zheng	18
信用评级	xin yong ping ji	43
信用额度	xin yong e du	9
信立泰	xin li tai	8
信联	xin lian	4
信诚四季红	xin cheng si ji hong	3
信诺	xin nuo	21
信贷资产	xin dai zi chan	1
信贷资金	xin dai zi jin	2
信达地产	xin da di chan	3
信达期货	xin da qi huo	3
信达证券	xin da zheng quan	2
信达资产	xin da zi chan	3
信达资产管理公司	xin da zi chan guan li gong si	6
修身堂	xiu shen tang	3
借报	jie bao	1
借款人	jie kuan ren	47
债务国	zhai wu guo	3
债市	zhai shi	2
债权国	zhai quan guo	6
假账	jia zhang	5
做空	zuo kong	10
停业通知书	ting ye tong zhi shu	4
健康元	jian kang yuan	5
健康险	jian kang xian	1
偿债	chang zhai	44
储备头寸	chu bei tou cun	6
储蓄券	chu xu quan	5
储蓄卡	chu xu ka	10
储蓄率	chu xu lv	3
催收	cui shou	23
先声药业	xian sheng yao ye	3
先施	xian shi	36
光大保德信	guang da bao de xin	4
光明乳业	guang ming ru ye	10
免代理费	mian dai li fei	3
兑付期	dui fu qi	6
入市	ru shi	13
入股协议	ru gu xie yi	2
全局观	quan ju guan	1
全权信托	quan quan xin tuo	3
全球商业	quan qiu shang ye	17
全球商业经典	quan qiu shang ye jing dian	2
全球资本市场	quan qiu zi ben shi chang	3
全聚德	quan ju de	22
全面发力	quan mian fa li	1
八一钢铁	ba yi gang tie	1
公募	gong mu	44
公司制	gong si zhi	30
公司理财	gong si li cai	1
公司章程	gong si zhang cheng	33
公用科技	gong yong ke ji	7
公积金率	gong ji jin lv	2
公股	gong gu	23
公营化	gong ying hua	1
六渡桥	liu du qiao	4
六福集团	liu fu ji tuan	1
兰光	lan guang	5
兰铝	lan lv	4
共保	gong bao	2
共合网	gong he wang	2
兴业卡	xing ye ka	3
兴利集团	xing li ji tuan	2
兴达国际	xing da guo ji	4
典当行	dian dang hang	8
内盘	nei pan	2
内蒙君正	nei meng jun zheng	6
内蒙宏峰	nei meng hong feng	2
内部控制	nei bu kong zhi	29
内部资料	nei bu zi liao	24
农化	nong hua	13
农商社	nong shang she	3
农林牧渔	nong lin mu yu	7
农行卡	nong hang ka	9
冠城大通	guan cheng da tong	5
冰熊	bing xiong	1
冲高	chong gao	10
冷却期	leng que qi	3
净利润率	jing li run lv	6
净收入	jing shou ru	15
净现值	jing xian zhi	5
净额	jing e	35
准备金率	zhun bei jin lv	3
准贷记卡	zhun dai ji ka	2
减仓	jian cang	1
凤凰股	feng huang gu	2
凤凰财经	feng huang cai jing	2
凤竹纺织	feng zhu fang zhi	3
凯地	kai di	12
凯美特气	kai mei te qi	5
凯诺科技	kai nuo ke ji	3
凯迪电力	kai di dian li	1
凯马	kai ma	23
出千	chu qian	7
出口业	chu kou ye	3
出口人	chu kou ren	4
出口商	chu kou shang	44
出售方	chu shou fang	1
出清	chu qing	10
出票人	chu piao ren	1
出租人	chu zu ren	12
出资额	chu zi e	13
分散化	fen san hua	11
分期付款	fen qi fu kuan	33
分界点	fen jie dian	38
分行制	fen hang zhi	3
分配方案	fen pei fang an	5
划断	hua duan	8
创业教育	chuang ye jiao yu	9
创业网	chuang ye wang	1
创业计划书	chuang ye ji hua shu	1
创兴银行	chuang xing yin hang	11
创投公司	chuang tou gong si	18
创新低	chuang xin di	13
创智	chuang zhi	22
利多消息	li duo xiao xi	3
利差	li cha	12
利息率	li xi lv	8
利源铝业	li yuan lv ye	5
利空	li kong	13
利记	li ji	7
利邦	li bang	9
到期日	dao qi ri	27
到账	dao zhang	7
前手	qian shou	7
前笔	qian bi	7
剩余价值	sheng yu jia zhi	16
力合股份有限公司	li he gu fen you xian gong si	1
办税厅	ban shui ting	10
办税员	ban shui yuan	5
加仓	jia cang	7
加拿大元	jia na da yuan	27
动力源	dong li yuan	36
劳埃德银行	lao ai de yin hang	13
包头铝业	bao tou lv ye	4
包钢	bao gang	20
化工股	hua gong gu	6
北亚集团	bei ya ji tuan	3
北京分行	bei jing fen hang	19
北京利尔	bei jing li er	5
北京华联	bei jing hua lian	2
北京君正	bei jing jun zheng	3
北京国投	bei jing guo tou	1
北京天桥	bei jing tian qiao	5
北京旅游	bei jing lv you	14
北京科锐	bei jing ke rui	1
北京银行	bei jing yin hang	12
北大荒	bei da huang	28
北新路桥	bei xin lu qiao	2
北旅	bei lv	1
北海港	bei hai gang	7
北海银行	bei hai yin hang	8
北海集团	bei hai ji tuan	2
北满特钢	bei man te gang	1
北玻股份	bei bo gu fen	5
北矿	bei kuang	6
北辰实业	bei chen shi ye	2
北陆药业	bei lu yao ye	3
区域型	qu yu xing	9
半仓	ban cang	1
半年报	ban nian bao	5
半年期	ban nian qi	2
华东医药股份有限公司	hua dong yi yao gu fen you xian gong si	5
华丰集团	hua feng ji tuan	1
华仁药业	hua ren yao ye	2
华力创通	hua li chuang tong	1
华北制药	hua bei zhi yao	1
华北银行	hua bei yin hang	6
华升股份	hua sheng gu fen	3
华南城	hua nan cheng	21
华商产业	hua shang chan ye	3
华商银行	hua shang yin hang	5
华塑	hua su	6
华夏通	hua xia tong	2
华天酒店	hua tian jiu dian	5
华孚色纺	hua fu se fang	5
华安宏利	hua an hong li	5
华安宝利	hua an bao li	5
华安富利	hua an fu li	2
华微电子	hua wei dian zi	1
华昌化工	hua chang hua gong	3
华昌达	hua chang da	7
华海药业	hua hai yao ye	8
华润置地	hua run zhi di	12
华润锦华	hua run jin hua	3
华润集团	hua run ji tuan	25
华源	hua yuan	9
华盛达	hua sheng da	1
华神集团	hua shen ji tuan	5
华联商厦	hua lian shang sha	4
华联综超	hua lian zong chao	2
华芳纺织	hua fang fang zhi	1
华菱钢铁	hua ling gang tie	2
华融资产管理公司	hua rong zi chan guan li gong si	7
华西村	hua xi cun	44
华讯	hua xun	10
华资实业	hua zi shi ye	1
华远地产	hua yuan di chan	2
华银电力	hua yin dian li	1
华阳科技	hua yang ke ji	2
华陶	hua tao	9
华靖	hua jing	1
华鼎	hua ding	38
华鼎锦纶	hua ding jin lun	1
华龙集团	hua long ji tuan	3
协会章程	xie hui zhang cheng	15
协方差	xie fang cha	33
协调部	xie tiao bu	8
卓尔发展	zhuo er fa zhan	2
卓悦控股	zhuo yue kong gu	3
卓越理财	zhuo yue li cai	9
单币	dan bi	7
单币卡	dan bi ka	5
单选	dan xuan	3
卖空	mai kong	20
卖空者	mai kong zhe	2
卖超	mai chao	3
南京新港	nan jing xin gang	6
南京新百	nan jing xin bai	3
南京港	nan jing gang	9
南京港股份有限公司	nan jing gang gu fen you xian gong si	3
南京银行	nan jing yin hang	4
南化	nan hua	44
南华期货	nan hua qi huo	1
南华集团	nan hua ji tuan	3
南博网	nan bo wang	2
南国置业	nan guo zhi ye	3
南天信息	nan tian xin xi	3
南宁糖业	nan ning tang ye	3
南宁糖业股份有限公司	nan ning tang ye gu fen you xian gong si	4
南山铝业	nan shan lv ye	3
南开戈德	nan kai ge de	2
南控	nan kong	1
南方公司	nan fang gong si	8
南方建材股份有限公司	nan fang jian cai gu fen you xian gong si	4
南方汇通股份有限公司	nan fang hui tong gu fen you xian gong si	3
南油物业	nan you wu ye	4
南玻集团	nan bo ji tuan	7
南百	nan bai	4
南网	nan wang	1
南证	nan zheng	1
南通科技	nan tong ke ji	2
南顺	nan shun	7
博信	bo xin	31
博耳电力	bo er dian li	2
博讯	bo xun	13
博软	bo ruan	1
卡中心	ka zhong xin	6
卡包	ka bao	9
卡号	ka hao	14
卡夫食品	ka fu shi pin	8
卡样	ka yang	3
卡种	ka zhong	9
卡菲尔	ka fei er	6
卧龙地产	wo long di chan	2
即期	ji qi	18
厦华	xia hua	9
厦工股份	xia gong gu fen	2
厦新	xia xin	4
厦门信达	xia men xin da	5
厦门信达股份有限公司	xia men xin da gu fen you xian gong si	4
厦门厦工	xia men xia gong	4
厦门国贸	xia men guo mao	3
厦门国际银行	xia men guo ji yin hang	2
厦门路桥	xia men lu qiao	2
厦门钨业	xia men wu ye	5
参保	can bao	31
参保率	can bao lv	2
友达光电	you da guang dian	10
友邦华泰	you bang hua tai	3
友阿股份	you a gu fen	4
双币	shuang bi	3
双币卡	shuang bi ka	7
双平	shuang ping	2
双底	shuang di	7
双汇	shuang hui	33
双箭股份	shuang jian gu fen	2
双色球	shuang se qiu	3
双账户	shuang zhang hu	4
双赔	shuang pei	4
双马	shuang ma	17
反洗钱	fan xi qian	18
反洗钱法	fan xi qian fa	1
反馈单	fan kui dan	1
发卡银行	fa ka yin hang	19
发票管理办法	fa piao guan li ban fa	1
发票领购本	fa piao ling gou ben	2
发票领购簿	fa piao ling gou bu	4
发行价	fa xing jia	35
发行方案	fa xing fang an	2
发行期	fa xing qi	9
发行额	fa xing e	10
取现	qu xian	1
受损者	shou sun zhe	9
受理人	shou li ren	2
口令卡	kou ling ka	7
古币	gu bi	11
古汉集团	gu han ji tuan	3
古越龙山	gu yue long shan	2
古钱币	gu qian bi	29
可用资产	ke yong zi chan	3
史密森协定	shi mi sen xie ding	2
合伙制	he huo zhi	3
合兴集团	he xing ji tuan	2
合富辉煌	he fu hui huang	7
合并资产负债表	he bing zi chan fu zhai biao	2
合肥三洋	he fei san yang	8
合肥百货	he fei bai huo	4
合肥美菱股份有限公司	he fei mei ling gu fen you xian gong si	6
合臣	he chen	1
吉利汽车	ji li qi che	34
吉峰农机	ji feng nong ji	5
吉恩镍业	ji en nie ye	7
吉林制药股份有限公司	ji lin zhi yao gu fen you xian gong si	2
吉林化工	ji lin hua gong	3
吉林化纤	ji lin hua xian	6
吉林森工	ji lin sen gong	2
吉林炭素	ji lin tan su	2
吉纸	ji zhi	1
吉诺尔	ji nuo er	12
同洲电子	tong zhou dian zi	2
同济堂	tong ji tang	8
同花顺	tong hua shun	22
后市	hou shi	14
启动资金	qi dong zi jin	30
启明信息	qi ming xin xi	5
员工持股计划	yuan gong chi gu ji hua	3
和而泰	he er tai	2
和讯	he xun	4
咨询报告	zi xun bao gao	9
哈动力	ha dong li	3
哈慈	ha ci	4
哈投股份	ha tou gu fen	3
哈特佛	ha te fo	1
哈药股份	ha yao gu fen	1
哈药集团	ha yao ji tuan	10
哈里伯顿	ha li bo dun	14
哈飞航空	ha fei hang kong	3
哈高科	ha gao ke	5
唐山港	tang shan gang	8
唐陶	tang tao	2
售尽	shou jin	2
售楼处	shou lou chu	10
售楼部	shou lou bu	9
商业城	shang ye cheng	8
商业银行法	shang ye yin hang fa	6
商务周刊	shang wu zhou kan	2
商务英语	shang wu ying yu	19
商品市场	shang pin shi chang	14
商品期货	shang pin qi huo	17
商界评论	shang jie ping lun	5
商网	shang wang	2
商通卡	shang tong ka	1
嘉实	jia shi	15
嘉实恒生	jia shi heng sheng	2
嘉瑞	jia rui	42
四创	si chuang	3
四季度	si ji du	14
四川双马	si chuan shuang ma	7
四川圣达	si chuan sheng da	3
四川湖山	si chuan hu shan	3
四川电器	si chuan dian qi	3
四川经济日报	si chuan jing ji ri bao	1
四方达	si fang da	3
四洲集团	si zhou ji tuan	5
四维图新	si wei tu xin	4
四通	si tong	36
回天胶业	hui tian jiao ye	6
回报率	hui bao lv	43
回收期	hui shou qi	2
回档	hui dang	3
回次	hui ci	6
回调	hui tiao	14
团办	tuan ban	6
固定汇率制	gu ding hui lv zhi	1
固定资本	gu ding zi ben	1
固额	gu e	2
国九条	guo jiu tiao	2
国信证券	guo xin zheng quan	6
国富强债	guo fu qiang zhai	2
国富论	guo fu lun	19
国投	guo tou	41
国投瑞银	guo tou rui yin	5
国星光电	guo xing guang dian	3
国民银行	guo min yin hang	27
国泰上证	guo tai shang zheng	5
国泰双利	guo tai shuang li	3
国泰君安	guo tai jun an	29
国泰纳指	guo tai na zhi	4
国泰进取	guo tai jin qu	5
国泰金牛	guo tai jin niu	5
国泰金马	guo tai jin ma	3
国泰金鹏	guo tai jin peng	2
国泰金鹰	guo tai jin ying	5
国泰金鹿	guo tai jin lu	4
国泰金鼎	guo tai jin ding	4
国泰金龙	guo tai jin long	5
国海富兰克林	guo hai fu lan ke lin	7
国瓷	guo ci	1
国电	guo dian	24
国电南瑞	guo dian nan rui	2
国电南自	guo dian nan zi	2
国研网	guo yan wang	4
国统股份	guo tong gu fen	2
国网	guo wang	21
国美电器	guo mei dian qi	11
国联信托	guo lian xin tuo	3
国联安	guo lian an	4
国联安双禧	guo lian an shuang xi	3
国能	guo neng	7
国资局	guo zi ju	4
国通	guo tong	6
国阳新能	guo yang xin neng	3
国际商报	guo ji shang bao	1
国际大厦	guo ji da sha	23
国际收支	guo ji shou zhi	12
国际结算	guo ji jie suan	3
国际融资	guo ji rong zi	4
国际金融市场	guo ji jin rong shi chang	3
国际金融报	guo ji jin rong bao	2
国际银行	guo ji yin hang	39
圣方	sheng fang	8
圣莱达	sheng lai da	6
圣阳股份	sheng yang gu fen	3
圣雪绒	sheng xue rong	1
在线咨询	zai xian zi xun	2
地产股	di chan gu	2
地量	di liang	9
均线	jun xian	2
坏账率	huai zhang lv	9
垃圾股	la ji gu	9
城投控股	cheng tou kong gu	2
基期	ji qi	23
基民	ji min	10
基金合同	ji jin he tong	4
塑料钞	su liao chao	2
填权	tian quan	7
增值税普通发票	zeng zhi shui pu tong fa piao	1
增资额	zeng zi e	8
士兰微	shi lan wei	2
备付金	bei fu jin	10
备抵	bei di	1
备用费	bei yong fei	6
复旦复华	fu dan fu hua	4
复权	fu quan	45
夏新	xia xin	7
外国投资法	wai guo tou zi fa	1
外国直接投资	wai guo zhi jie tou zi	15
外国银行	wai guo yin hang	22
外汇交易	wai hui jiao yi	26
外汇宝	wai hui bao	4
外汇管制	wai hui guan zhi	14
外汇管理	wai hui guan li	18
外汇资产	wai hui zi chan	2
外汇资金	wai hui zi jin	10
外汇通	wai hui tong	4
外盘	wai pan	4
外管局	wai guan ju	1
外高桥	wai gao qiao	26
多伦股份	duo lun gu fen	8
多佳	duo jia	4
多氟多	duo fu duo	2
大东南	da dong nan	3
大东海	da dong hai	9
大中华集团	da zhong hua ji tuan	1
大中型企业	da zhong xing qi ye	9
大亚科技股份有限公司	da ya ke ji gu fen you xian gong si	2
大众交通	da zhong jiao tong	22
大众投资	da zhong tou zi	1
大众理财顾问	da zhong li cai gu wen	4
大冶特钢	da ye te gang	6
大冷	da leng	2
大化	da hua	10
大北农	da bei nong	1
大华农	da hua nong	11
大华股份	da hua gu fen	6
大华银行	da hua yin hang	13
大富科技	da fu ke ji	1
大庆华科	da qing hua ke	2
大摩	da mo	9
大智慧	da zhi hui	24
大有期货	da you qi huo	7
大牛市	da niu shi	10
大盈	da ying	7
大盘	da pan	15
大盘股	da pan gu	2
大秦铁路	da qin tie lu	22
大莱卡	da lai ka	2
大行情	da hang qing	6
大资金	da zi jin	5
大连港	da lian gang	27
大通曼哈顿银行	da tong man ha dun yin hang	4
大通银行	da tong yin hang	18
大降	da jiang	9
天伦置业	tian lun zhi ye	4
天利高新	tian li gao xin	4
天原集团	tian yuan ji tuan	2
天合光能	tian he guang neng	1
天喻信息	tian yu xin xi	2
天士力	tian shi li	8
天安	tian an	13
天宏	tian hong	13
天富	tian fu	8
天富热电	tian fu re dian	2
天广消防	tian guang xiao fang	3
天弘	tian hong	10
天弘丰利	tian hong feng li	2
天弘永定	tian hong yong ding	3
天方	tian fang	9
天桥百货	tian qiao bai huo	3
天治双盈	tian zhi shuang ying	2
天津普林	tian jin pu lin	4
天津松江	tian jin song jiang	31
天津海运	tian jin hai yun	7
天津港	tian jin gang	42
天润曲轴	tian run qu zhou	4
天源迪科	tian yuan di ke	1
天然碱	tian ran jian	1
天目药	tian mu yao	3
天目药业	tian mu yao ye	4
天虹商场	tian hong shang chang	6
天香	tian xiang	9
天马精化	tian ma jing hua	4
天马股份	tian ma gu fen	2
天鸿	tian hong	4
天鸿宝业	tian hong bao ye	5
天龙光电	tian long guang dian	5
天龙集团	tian long ji tuan	6
太光	tai guang	3
太光电信	tai guang dian xin	1
奕达	yi da	1
奖励费	jiang li fei	2
奖励金	jiang li jin	29
套利	tao li	30
套现	tao xian	34
奥克股份	ao ke gu fen	5
奥普光电	ao pu guang dian	5
奥维通信	ao wei tong xin	5
奥运卡	ao yun ka	3
奥飞动漫	ao fei dong man	8
好时光	hao shi guang	4
如家	ru jia	6
委托单	wei tuo dan	4
威尔泰	wei er tai	5
威胜集团	wei sheng ji tuan	3
威达	wei da	24
存定期	cun ding qi	9
存放处	cun fang chu	7
存款人	cun kuan ren	8
存款保险制度	cun kuan bao xian zhi du	13
存贷款	cun dai kuan	2
宁夏恒力	ning xia heng li	2
宁天龙	ning tian long	2
宁波富邦	ning bo fu bang	1
宁波港	ning bo gang	24
宁波银行	ning bo yin hang	11
宁波韵升	ning bo yun sheng	3
宇信易诚	yu xin yi cheng	3
安信信托	an xin xin tuo	7
安全度	an quan du	6
安全边际	an quan bian ji	8
安凯客车	an kai ke che	5
安居宝	an ju bao	1
安彩	an cai	8
安泰科技	an tai ke ji	3
安泰科技股份有限公司	an tai ke ji gu fen you xian gong si	2
安泰集团	an tai ji tuan	3
安纳达	an na da	6
安联集团	an lian ji tuan	3
安达信	an da xin	6
完税证	wan shui zheng	8
宏业集团	hong ye ji tuan	3
宏华集团	hong hua ji tuan	2
宏安集团	hong an ji tuan	5
宏峰	hong feng	17
宏智	hong zhi	2
宏盛	hong sheng	2
宏观经济学	hong guan jing ji xue	41
定向增发	ding xiang zeng fa	7
定投	ding tou	10
定税	ding shui	9
宜华	yi hua	2
宜华地产	yi hua di chan	4
宜华木业	yi hua mu ye	4
宝丽华	bao li hua	2
宝信	bao xin	6
宝利来	bao li lai	11
宝姿	bao zi	5
宝瑞通典当行	bao rui tong dian dang hang	7
宝盈	bao ying	22
宝莫股份	bao mo gu fen	4
宝莱特	bao lai te	6
宝诚	bao cheng	1
宝龙地产	bao long di chan	3
实体经济	shi ti jing ji	17
实卡	shi ka	5
实得	shi de	10
实德环球	shi de huan qiu	2
实施标准	shi shi biao zhun	4
实施细则	shi shi xi ze	47
实益达	shi yi da	5
实盘	shi pan	10
实股	shi gu	4
实际公司	shi ji gong si	2
审计意见	shen ji yi jian	1
审计报告	shen ji bao gao	31
审计结果	shen ji jie guo	5
家得宝	jia de bao	10
家润多	jia run duo	4
宽限期	kuan xian qi	12
富力地产	fu li di chan	12
富华集团	fu hua ji tuan	1
富国天成	fu guo tian cheng	2
富士银行	fu shi yin hang	13
富豪酒店	fu hao jiu dian	9
寰岛	huan dao	5
对价	dui jia	28
对外资	dui wai zi	9
对账单	dui zhang dan	2
对赌	dui du	32
封盘	feng pan	6
封转开	feng zhuan kai	3
封闭期	feng bi qi	7
小牌	xiao pai	4
小盘	xiao pan	7
小盘股	xiao pan gu	2
小股民	xiao gu min	2
小肥羊	xiao fei yang	7
小阳	xiao yang	10
尤洛卡	you luo ka	5
尾盘	wei pan	3
展讯	zhan xun	6
履约保函	lv yue bao han	1
履约率	lv yue lv	2
山东墨龙	shan dong mo long	2
山东如意	shan dong ru yi	2
山东威达	shan dong wei da	4
山东德棉股份有限公司	shan dong de mian gu fen you xian gong si	2
山东矿机	shan dong kuang ji	3
山东铝业	shan dong lv ye	5
山东鲁阳	shan dong lu yang	3
山东鲁阳股份有限公司	shan dong lu yang gu fen you xian gong si	4
山推股份	shan tui gu fen	2
山煤国际	shan mei guo ji	3
山航	shan hang	6
岷电	min dian	2
川化股份有限公司	chuan hua gu fen you xian gong si	3
川大智胜	chuan da zhi sheng	1
川金路	chuan jin lu	2
巢东股份	chao dong gu fen	3
工作方案	gong zuo fang an	43
工商银行	gong shang yin hang	30
工新	gong xin	2
工行	gong hang	5
工银亚洲	gong yin ya zhou	4
工银保本	gong yin bao ben	2
工银添利	gong yin tian li	5
工银添颐	gong yin tian yi	5
巨星科技	ju xing ke ji	2
巨潮	ju chao	7
巨额交易	ju e jiao yi	6
巨龙管业	ju long guan ye	3
巴克莱银行	ba ke lai yin hang	27
币种	bi zhong	33
市净率	shi jing lv	1
市场供求	shi chang gong qiu	1
市场报	shi chang bao	8
市场部	shi chang bu	30
市盈率	shi ying lv	5
常柴	chang chai	1
常胜网	chang sheng wang	4
平值	ping zhi	2
平券	ping quan	1
平均利润	ping jun li run	1
平均利率	ping jun li lv	3
平安集团	ping an ji tuan	2
平邮	ping you	7
年审	nian shen	7
年收益	nian shou yi	11
广东广信	guang dong guang xin	1
广东星湖	guang dong xing hu	4
广东百灵信	guang dong bai ling xin	3
广东科德	guang dong ke de	2
广发	guang fa	44
广发华福	guang fa hua fu	2
广发证券	guang fa zheng quan	6
广发银行	guang fa yin hang	6
广夏	guang xia	7
广宇集团	guang yu ji tuan	6
广州万隆	guang zhou wan long	3
广州冷机	guang zhou leng ji	2
广州冷机股份有限公司	guang zhou leng ji gu fen you xian gong si	2
广州分行	guang zhou fen hang	12
广州国光	guang zhou guo guang	4
广州浪奇	guang zhou lang qi	13
广州珠江	guang zhou zhu jiang	6
广汽长丰	guang qi chang feng	3
广电信息	guang dian xin xi	1
广电运通	guang dian yun tong	4
广百股份	guang bai gu fen	1
广联达	guang lian da	8
库藏股	ku cang gu	2
康佳	kang jia	18
康卡斯特	kang ka si te	49
康大食品	kang da shi pin	5
康得新	kang de xin	19
康盛股份	kang sheng gu fen	2
康美债	kang mei zhai	2
康美药业	kang mei yao ye	2
康耐特	kang nai te	6
康菲石油	kang fei shi you	4
康赛	kang sai	13
康达尔	kang da er	1
廉租房	lian zu fang	12
建仓	jian cang	7
建信	jian xin	10
建研集团	jian yan ji tuan	2
建行卡	jian hang ka	5
建设银行	jian she yin hang	23
建通	jian tong	4
开卡	kai ka	12
开尔新材	kai er xin cai	3
开户费	kai hu fei	9
开拓进取	kai tuo jin qu	4
开放经济	kai fang jing ji	8
开盘价	kai pan jia	5
异动股	yi dong gu	6
张江高科	zhang jiang gao ke	5
张铜	zhang tong	2
当代经理人	dang dai jing li ren	4
当代金融家	dang dai jin rong jia	1
彩票点	cai piao dian	7
彩票网	cai piao wang	6
彼得林奇	bi de lin qi	4
征用权	zheng yong quan	1
征管处	zheng guan chu	4
待评	dai ping	4
徐工科技	xu gong ke ji	2
微利股	wei li gu	2
微观经济学	wei guan jing ji xue	14
德信集团	de xin ji tuan	1
德国安联	de guo an lian	3
德棉	de mian	1
德盛增利	de sheng zeng li	2
德累斯顿银行	de lei si dun yin hang	8
德豪润达	de hao run da	7
快公司	kuai gong si	7
思捷环球	si jie huan qiu	1
总成交量	zong cheng jiao liang	9
总房价	zong fang jia	6
总水平	zong shui ping	7
总负债	zong fu zhai	3
总需求	zong xu qiu	10
恒基达鑫	heng ji da xin	2
恒泰大通	heng tai da tong	4
恒泰艾普	heng tai ai pu	1
恒立	heng li	7
息票	xi piao	5
情况表	qing kuang biao	4
惠博普	hui bo pu	6
惠天	hui tian	9
惨绿	can lv	6
成交量	cheng jiao liang	16
成功营销	cheng gong ying xiao	4
成商集团	cheng shang ji tuan	4
成都路桥	cheng du lu qiao	8
成长先锋	cheng zhang xian feng	2
成长性	cheng zhang xing	9
战略家	zhan lve jia	46
戴尔电脑	dai er dian nao	3
房地产业	fang di chan ye	41
房地产评估	fang di chan ping gu	1
房改房	fang gai fang	1
房款	fang kuan	11
房贷	fang dai	25
所有权证	suo you quan zheng	4
手工票	shou gong piao	4
打印单	da yin dan	5
扛住	kang zhu	3
扣款	kou kuan	41
扩仓	kuo cang	5
扫盘	sao pan	5
承担者	cheng dan zhe	5
承租人	cheng zu ren	36
承诺费	cheng nuo fei	1
承销	cheng xiao	42
承销商	cheng xiao shang	46
承销团	cheng xiao tuan	6
承销额	cheng xiao e	5
技术条件	ji shu tiao jian	34
技术面	ji shu mian	11
抄底	chao di	1
把控	ba kong	25
把握机遇	ba wo ji yu	6
投标书	tou biao shu	5
投标者	tou biao zhe	21
投票门	tou piao men	4
投资与合作	tou zi yu he zuo	4
投资业	tou zi ye	3
投资协议	tou zi xie yi	22
投资参考	tou zi can kao	1
投资品	tou zi pin	1
投资型	tou zi xing	7
投资学	tou zi xue	5
投资家	tou zi jia	44
投资性	tou zi xing	12
投资指南	tou zi zhi nan	4
投资收藏	tou zi shou cang	3
投资有道	tou zi you dao	1
投资期	tou zi qi	7
投资界	tou zi jie	2
投资者关系	tou zi zhe guan xi	5
投资者教育	tou zi zhe jiao yu	5
投资量	tou zi liang	1
抗跌	kang die	9
折价率	zhe jia lv	2
折子钱	zhe zi qian	2
折现率	zhe xian lv	3
抚顺特钢	fu shun te gang	3
抛盘	pao pan	10
抢单	qiang dan	11
护盘	hu pan	1
报告期	bao gao qi	7
报喜鸟	bao xi niao	2
报查	bao cha	1
报税	bao shui	38
抵押合同	di ya he tong	5
抵押物	di ya wu	7
抵押率	di ya lv	8
押汇	ya hui	16
担保函	dan bao han	1
担保品	dan bao pin	6
担保法	dan bao fa	3
担保费	dan bao fei	2
担保金	dan bao jin	5
拆伙	chai huo	46
拆细	chai xi	3
拆股	chai gu	5
拉高均价	la gao jun jia	2
拒批	ju pi	7
拓尔思	tuo er si	1
拓日新能	tuo ri xin neng	4
招募说明书	zhao mu shuo ming shu	3
招商局中国基金	zhao shang ju zhong guo ji jin	1
招商局国际	zhao shang ju guo ji	2
招商引资	zhao shang yin zi	45
招标者	zhao biao zhe	2
招行	zhao hang	13
招行卡	zhao hang ka	7
拨回	bo hui	6
拨用	bo yong	31
持仓	chi cang	9
持仓不动	chi cang bu dong	2
持币	chi bi	5
持本单	chi ben dan	2
持票人	chi piao ren	13
挂价	gua jia	1
挂帐	gua zhang	2
指令部	zhi ling bu	2
指数化	zhi shu hua	5
指标体系	zhi biao ti xi	8
指标股	zhi biao gu	2
按年	an nian	3
按日	an ri	12
按月	an yue	41
振业集团	zhen ye ji tuan	1
振华港机	zhen hua gang ji	1
振新	zhen xin	30
损失率	sun shi lv	9
损益表	sun yi biao	1
换手率	huan shou lv	2
换股	huan gu	45
授予者	shou yu zhe	4
授权书	shou quan shu	45
掉期	diao qi	10
探底	tan di	2
探路者	tan lu zhe	20
接盘	jie pan	20
控盘	kong pan	1
推介会	tui jie hui	43
提额	ti e	7
揽存	lan cun	8
搜于特	sou yu te	4
携程网	xie cheng wang	2
摊销	tan xiao	8
摩根斯坦利	mo gen si tan li	2
摩根财团	mo gen cai tuan	4
操作指南	cao zuo zhi nan	6
操作流程	cao zuo liu cheng	11
操作规范	cao zuo gui fan	6
攀渝钛业	pan yu tai ye	3
支取凭证	zhi qu ping zheng	3
收储	shou chu	11
收官日	shou guan ri	3
收汇	shou hui	3
收益宝	shou yi bao	4
收盘价	shou pan jia	32
收盘报	shou pan bao	5
收结汇	shou jie hui	2
收购人	shou gou ren	8
收购方	shou gou fang	3
收购者	shou gou zhe	4
收费收据	shou fei shou ju	3
收还	shou huan	2
收进	shou jin	30
改票	gai piao	6
放量	fang liang	13
放高利贷	fang gao li dai	25
政策工具	zheng ce gong ju	15
政策面	zheng ce mian	5
救市	jiu shi	11
散户	san hu	24
文印室	wen yin shi	4
斩仓	zhan cang	1
断点	duan dian	9
斯伦贝榭	si lun bei xie	3
斯普林特	si pu lin te	15
斯达康	si da kang	7
新东方	xin dong fang	46
新中基	xin zhong ji	7
新五丰	xin wu feng	2
新低点	xin di dian	3
新北洋	xin bei yang	7
新华基金	xin hua ji jin	4
新华百货	xin hua bai huo	7
新华财经	xin hua cai jing	3
新华都	xin hua du	7
新华银行	xin hua yin hang	2
新华锦	xin hua jin	1
新卡	xin ka	11
新台阶	xin tai jie	8
新和成	xin he cheng	5
新嘉联	xin jia lian	4
新大洲	xin da zhou	2
新太	xin tai	4
新奥燃气	xin ao ran qi	4
新威国际	xin wei guo ji	3
新宏信	xin hong xin	2
新宙邦	xin zhou bang	8
新希望	xin xi wang	4
新开普	xin kai pu	5
新机制	xin ji zhi	21
新材	xin cai	16
新海宜	xin hai yi	3
新疆天业	xin jiang tian ye	3
新疆天宏	xin jiang tian hong	5
新疆屯河	xin jiang tun he	3
新秀丽	xin xiu li	2
新经济	xin jing ji	35
新莱应材	xin lai ying cai	2
新营销	xin ying xiao	5
新财富	xin cai fu	8
新财经	xin cai jing	2
新资本	xin zi ben	3
新都酒店	xin du jiu dian	5
新野纺织	xin ye fang zhi	3
新锦华	xin jin hua	4
新锦江	xin jin jiang	4
新韩银行	xin han yin hang	9
新高点	xin gao dian	4
新鸿基	xin hong ji	29
新鸿基公司	xin hong ji gong si	2
新黄浦	xin huang pu	4
新龙国际	xin long guo ji	4
新龙头	xin long tou	2
方兴地产	fang xing di chan	3
方大特钢	fang da te gang	8
方大集团	fang da ji tuan	7
方正富邦	fang zheng fu bang	3
方源	fang yuan	2
旗滨集团	qi bin ji tuan	6
无息贷款	wu xi dai kuan	20
无锡尚德	wu xi shang de	1
日照港	ri zhao gang	13
日科化学	ri ke hua xue	5
日线	ri xian	9
日线图	ri xian tu	3
日经指数	ri jing zhi shu	1
日贷	ri dai	2
旧股	jiu gu	2
早盘	zao pan	12
旭光	xu guang	33
时效性	shi xiao xing	29
昌河	chang he	10
昌源	chang yuan	7
明星电力	ming xing dian li	5
明泰铝业	ming tai lv ye	4
易世达	yi shi da	5
易基	yi ji	1
易宝	yi bao	3
易方达	yi fang da	6
易方达基金	yi fang da ji jin	1
易联众	yi lian zhong	4
晋察冀边区银行	jin cha ji bian qu yin hang	6
晨鸣	chen ming	8
普天	pu tian	9
普天债	pu tian zhai	2
普天债券	pu tian zhai quan	3
普天收益	pu tian shou yi	4
普民	pu min	1
普洛康裕	pu luo kang yu	3
普洛股份	pu luo gu fen	3
普涨	pu zhang	12
普跌	pu die	10
普通股	pu tong gu	48
景顺长城	jing shun chang cheng	1
暴升	bao sheng	8
最低值	zui di zhi	40
最高价	zui gao jia	36
有偿转让	you chang zhuan rang	2
有效市场假说	you xiao shi chang jia shuo	4
服务协议	fu wu xie yi	22
服务合同	fu wu he tong	34
服务营销	fu wu ying xiao	2
朗伯德街	lang bo de jie	4
望春花	wang chun hua	6
朝华	zhao hua	18
期权费	qi quan fei	3
期货交易管理条例	qi huo jiao yi guan li tiao li	8
期货公司	qi huo gong si	5
本实	ben shi	7
机制性	ji zhi xing	9
机构投资者	ji gou tou zi zhe	31
机电股	ji dian gu	1
杀跌	sha die	11
权智	quan zhi	5
权证	quan zheng	25
杜约翰	du yue han	3
条形图	tiao xing tu	5
杨红革	yang hong ge	2
杭汽轮	hang qi lun	3
松辽汽车	song liao qi che	3
林州重机	lin zhou zhong ji	2
枪客	qiang ke	29
查库	cha ku	37
柯尼卡	ke ni ka	11
株冶集团	zhu ye ji tuan	5
核准制	he zhun zhi	5
格式合同	ge shi he tong	3
桂东电力	gui dong dian li	5
桂林旅游	gui lin lv you	1
桐君阁	tong jun ge	2
梅花伞	mei hua san	4
梅花伞业股份有限公司	mei hua san ye gu fen you xian gong si	2
梅雁水电	mei yan shui dian	2
棱光	leng guang	5
概念股	gai nian gu	2
横盘	heng pan	1
橡果国际	xiang guo guo ji	4
次新股	ci xin gu	3
次月	ci yue	13
次贷危机	ci dai wei ji	20
欣龙无纺	xin long wu fang	2
欧亚集团	ou ya ji tuan	11
欧比特	ou bi te	7
欧洲货币	ou zhou huo bi	8
止损	zhi sun	3
正常性	zheng chang xing	9
正泰电器	zheng tai dian qi	7
步步高	bu bu gao	13
武汉凡谷	wu han fan gu	1
武钢	wu gang	38
死股	si gu	2
残余价值	can yu jia zhi	8
残值	can zhi	11
残值率	can zhi lv	4
每日经济新闻	mei ri jing ji xin wen	35
毒笔	du bi	2
比亚迪股份	bi ya di gu fen	2
民丰	min feng	14
民丰特纸	min feng te zhi	3
民生证券	min sheng zheng quan	3
民间借贷	min jian jie dai	6
气势如虹	qi shi ru hong	10
氯碱	lv jian	12
永亨银行	yong heng yin hang	5
永利带业	yong li dai ye	5
永嘉集团	yong jia ji tuan	2
永大	yong da	8
永大集团	yong da ji tuan	1
永辉超市	yong hui chao shi	10
汇丰晋信	hui feng jin xin	1
汇丰晋信基金	hui feng jin xin ji jin	2
汇丰晋信龙腾	hui feng jin xin long teng	3
汇丰集团	hui feng ji tuan	6
汇丽	hui li	8
汇出	hui chu	27
汇划	hui hua	12
汇多利	hui duo li	4
汇宝集团	hui bao ji tuan	3
汇市	hui shi	9
汇款人	hui kuan ren	10
汇添富	hui tian fu	2
汇源	hui yuan	3
汇通	hui tong	20
汇通天下	hui tong tian xia	3
汇通能源	hui tong neng yuan	4
汇通集团	hui tong ji tuan	6
江中药业	jiang zhong yao ye	5
江力	jiang li	2
江海股份	jiang hai gu fen	2
江苏吴中	jiang su wu zhong	1
江苏宏宝	jiang su hong bao	5
江苏旷达	jiang su kuang da	2
江苏纺织	jiang su fang zhi	1
江钻	jiang zuan	8
汤姆逊路透	tang mu xun lu tou	3
汤臣倍健	tang chen bei jian	5
汤臣集团	tang chen ji tuan	2
汽油机	qi you ji	5
沙隆达	sha long da	1
沧州大化	cang zhou da hua	5
沪建	hu jian	5
沪指	hu zhi	4
沪科	hu ke	2
沪铜	hu tong	2
河化	he hua	4
河北钢铁	he bei gang tie	1
法人股	fa ren gu	8
法人银行	fa ren yin hang	5
法律部	fa lv bu	17
法拉电子	fa la dian zi	2
法郎区	fa lang qu	3
泛海酒店	fan hai jiu dian	3
波动性	bo dong xing	36
波幅	bo fu	34
波段性	bo duan xing	8
注册费	zhu ce fei	14
注意力经济	zhu yi li jing ji	2
注销户	zhu xiao hu	3
泰京银行	tai jing yin hang	1
泰复	tai fu	2
泰达宏利	tai da hong li	7
泰达宏利基金	tai da hong li ji jin	7
泸州老窖	lu zhou lao jiao	9
泸州老窖股份有限公司	lu zhou lao jiao gu fen you xian gong si	8
洗盘	xi pan	8
洛玻	luo bo	5
洛阳玻璃	luo yang bo li	3
津劝业	jin quan ye	3
洪都航空	hong du hang kong	2
派息日	pai xi ri	3
流动电讯	liu dong dian xun	4
流动资产	liu dong zi chan	9
流动资金	liu dong zi jin	22
流动资金量	liu dong zi jin liang	3
流标	liu biao	46
流通股	liu tong gu	7
济柴	ji chai	2
浙商银行	zhe shang yin hang	13
浙大海纳	zhe da hai na	3
浙江三花股份有限公司	zhe jiang san hua gu fen you xian gong si	4
浙江富阳	zhe jiang fu yang	16
浙江广厦	zhe jiang guang sha	42
浙江永强	zhe jiang yong qiang	3
浙江海亮	zhe jiang hai liang	6
浙江海亮股份有限公司	zhe jiang hai liang gu fen you xian gong si	3
浙江海纳	zhe jiang hai na	3
浦东建设	pu dong jian she	2
浦东金桥	pu dong jin qiao	1
浦发	pu fa	16
浦发银行	pu fa yin hang	16
浦银	pu yin	4
浦银安盛	pu yin an sheng	1
浦银安盛基金	pu yin an sheng ji jin	4
浦银红利	pu yin hong li	2
浩宁达	hao ning da	3
浪莎	lang sha	2
浮动汇率制	fu dong hui lv zhi	4
海伦哲	hai lun zhe	7
海信电器	hai xin dian qi	4
海兰信	hai lan xin	7
海南海药	hai nan hai yao	2
海南海药股份有限公司	hai nan hai yao gu fen you xian gong si	5
海南省信托投资公司	hai nan sheng xin tuo tou zi gong si	2
海南航空	hai nan hang kong	35
海外投资法	hai wai tou zi fa	4
海大集团	hai da ji tuan	6
海宁皮城	hai ning pi cheng	5
海富通	hai fu tong	1
海德股份	hai de gu fen	1
海普瑞	hai pu rui	7
海格通信	hai ge tong xin	4
海欣	hai xin	1
海正药业	hai zheng yao ye	5
海泰	hai tai	33
海源机械	hai yuan ji xie	3
海王生物	hai wang sheng wu	2
海王英特龙	hai wang ying te long	8
海王集团	hai wang ji tuan	6
海立	hai li	2
海立美达	hai li mei da	6
海纳	hai na	29
海联讯	hai lian xun	6
海能达	hai neng da	5
海药	hai yao	6
海螺型材	hai luo xing cai	7
海通集团	hai tong ji tuan	6
消费类	xiao fei lei	17
涨停板	zhang ting ban	8
涨跌幅	zhang die fu	4
淡仓	dan cang	3
淡马锡	dan ma xi	34
深万科	shen wan ke	6
深值	shen zhi	3
深华发	shen hua fa	4
深华新	shen hua xin	3
深南光	shen nan guang	2
深原野	shen yuan ye	5
深发	shen fa	5
深国商	shen guo shang	5
深圳国际	shen zhen guo ji	29
深圳方大	shen zhen fang da	3
深圳智多盈	shen zhen zhi duo ying	5
深圳机场	shen zhen ji chang	41
深圳比克	shen zhen bi ke	4
深圳海王星辰	shen zhen hai wang xing chen	3
深圳能源	shen zhen neng yuan	4
深圳赛格股份有限公司	shen zhen sai ge gu fen you xian gong si	2
深圳迈瑞	shen zhen mai rui	2
深大通	shen da tong	5
深天地	shen tian di	2
深天马	shen tian ma	1
深安达	shen an da	5
深宝安	shen bao an	5
深宝恒	shen bao heng	3
深泰	shen tai	4
深深房	shen shen fang	4
深物业	shen wu ye	4
深特力	shen te li	3
深纺织	shen fang zhi	4
深能	shen neng	3
深证成指	shen zheng cheng zhi	3
深证综指	shen zheng zong zhi	5
深赛格	shen sai ge	4
深赤湾	shen chi wan	6
深锦兴	shen jin xing	4
深高	shen gao	3
深高速	shen gao su	49
混业	hun ye	10
添益宝	tian yi bao	6
清华同方	qing hua tong fang	9
清华紫光	qing hua zi guang	2
清算协议	qing suan xie yi	1
渝三峡	yu san xia	1
渝太地产	yu tai di chan	1
渝钛白	yu tai bai	2
渣打集团	zha da ji tuan	9
渤化	bo hua	6
渤海银行	bo hai yin hang	37
温商网	wen shang wang	3
温氏集团	wen shi ji tuan	1
港华燃气	gang hua ran qi	7
港股	gang gu	38
港股通	gang gu tong	3
湖北华新	hu bei hua xin	2
湖北宜化	hu bei yi hua	3
湖北迈亚	hu bei mai ya	4
湖南有色金属	hu nan you se jin shu	4
湖南海利	hu nan hai li	1
源发	yuan fa	19
溢价	yi jia	49
溢缴款	yi jiao kuan	5
满仓	man cang	12
漫步者	man bu zhe	10
潍柴重机	wei chai zhong ji	2
潞安环能	lu an huan neng	3
潮宏基	chao hong ji	8
澳优	ao you	2
澳新银行	ao xin yin hang	6
瀚宇博德	han yu bo de	1
炒房	chao fang	8
炒汇者	chao hui zhe	4
炒高	chao gao	5
炬力	ju li	2
点位	dian wei	9
点后	dian hou	2
烟台氨纶股份有限公司	yan tai an lun gu fen you xian gong si	4
热点话题	re dian hua ti	13
热钱	re qian	11
热门股	re men gu	7
烽火通信	feng huo tong xin	1
焦作万方	jiao zuo wan fang	2
焦点话题	jiao dian hua ti	1
焦点问题	jiao dian wen ti	6
煤气化	mei qi hua	8
煤炭股	mei tan gu	8
爱建	ai jian	8
物物交换	wu wu jiao huan	8
物贸	wu mao	10
物贸中心	wu mao zhong xin	4
特别措施	te bie cuo shi	23
特区经济	te qu jing ji	1
特变电工	te bian dian gong	5
特困户	te kun hu	2
特许权税	te xu quan shui	2
环康集团	huan kang ji tuan	1
环球企业家	huan qiu qi ye jia	4
环球财经	huan qiu cai jing	6
环球集团	huan qiu ji tuan	27
现代传播	xian dai chuan bo	6
现代商业银行	xian dai shang ye yin hang	3
现值	xian zhi	31
现手	xian shou	3
现金流量表	xian jin liu liang biao	6
珠江实业	zhu jiang shi ye	2
理文集团	li wen ji tuan	2
理财周报	li cai zhou bao	1
理财金	li cai jin	1
琼民源	qiong min yuan	5
瑞和	rui he	6
瑞士银行	rui shi yin hang	19
瑞士银行公司	rui shi yin hang gong si	3
瑞福进取	rui fu jin qu	2
瑞立集团	rui li ji tuan	3
瑞银集团	rui yin ji tuan	17
瓦轴	wa zhou	5
甘化	gan hua	8
生意宝	sheng yi bao	7
用卡	yong ka	7
申报率	shen bao lv	1
申购	shen gou	22
申购款	shen gou kuan	8
申赎	shen shu	9
申银万国	shen yin wan guo	1
电力股	dian li gu	6
电子城	dian zi cheng	6
电广实业	dian guang shi ye	2
畅丰车桥	chang feng che qiao	4
白云机场	bai yun ji chang	37
白金卡	bai jin ka	7
白金版	bai jin ban	13
白银铜城	bai yin tong cheng	1
白页	bai ye	7
百利电气	bai li dian qi	2
百圆裤业	bai yuan ku ye	3
百盛集团	bai sheng ji tuan	6
百花村	bai hua cun	9
皇朝家俬	huang chao jia si	3
皇朝家私	huang chao jia si	4
皖能	wan neng	4
益民红利	yi min hong li	2
益鑫泰	yi xin tai	5
盐湖集团	yan hu ji tuan	2
监事长	jian shi zhang	42
监管政策	jian guan zheng ce	13
盗刷	dao shua	8
盘后	pan hou	8
盘感	pan gan	6
盘活资产	pan huo zi chan	2
盛润	sheng run	7
目标公司	mu biao gong si	8
盲目性	mang mu xing	8
看涨者	kan zhang zhe	2
看盘	kan pan	7
看跌者	kan die zhe	2
知名银行	zhi ming yin hang	2
知情者	zhi qing zhe	38
短仓	duan cang	9
短融券	duan rong quan	6
石劝业	shi quan ye	2
石化债	shi hua zhai	2
石岘	shi xian	32
石炼	shi lian	1
石炼化	shi lian hua	4
研究简报	yan jiu jian bao	2
砸盘	za pan	7
硅宝科技	gui bao ke ji	5
碟型	die xing	15
碧生源	bi sheng yuan	6
礼品税	li pin shui	3
社保基金	she bao ji jin	16
祥龙	xiang long	19
禁止令	jin zhi ling	25
福建工商时报	fu jian gong shang shi bao	2
福彩	fu cai	2
福彩中心	fu cai zhong xin	6
福日	fu ri	8
福星晓程	fu xing xiao cheng	3
福特赛	fu te sai	2
禾嘉	he jia	6
私人银行	si ren yin hang	38
科伦药业	ke lun yao ye	4
科华恒盛	ke hua heng sheng	7
科斯伍德	ke si wu de	5
科新机电	ke xin ji dian	4
科诺威德	ke nuo wei de	1
科达机电	ke da ji dian	4
租契	zu qi	7
租方	zu fang	7
租购	zu gou	4
秦丰	qin feng	16
积成电子	ji cheng dian zi	3
移仓	yi cang	3
税基	shui ji	15
税收完税证	shui shou wan shui zheng	2
税收缴款书	shui shou jiao kuan shu	3
税点	shui dian	8
空中网	kong zhong wang	5
空仓	kong cang	31
空头头寸	kong tou tou cun	3
空头换手	kong tou huan shou	2
空开	kong kai	8
空换	kong huan	2
第一财经日报	di yi cai jing ri bao	22
第一食品	di yi shi pin	5
等价交换	deng jia jiao huan	3
筑信	zhu xin	1
筑底	zhu di	1
策略研究	ce lve yan jiu	23
签合同	qian he tong	10
管理学家	guan li xue jia	15
粤丽珠	yue li zhu	2
粤宏远	yue hong yuan	1
粤水电	yue shui dian	5
精伦	jing lun	7
精工钢构	jing gong gang gou	3
精工集团	jing gong ji tuan	4
精算师	jing suan shi	18
精诚铜业	jing cheng tong ye	5
紫光华宇	zi guang hua yu	6
红利通知书	hong li tong zhi shu	3
红发集团	hong fa ji tuan	2
红太阳	hong tai yang	25
红宝丽	hong bao li	6
红杉资本	hong shan zi ben	38
红阳能源	hong yang neng yuan	5
红鲱鱼	hong fei yu	20
纪念钞	ji nian chao	7
纯银	chun yin	18
纳税申报	na shui shen bao	12
纸钞	zhi chao	36
组合投资	zu he tou zi	2
组织图	zu zhi tu	6
组织机构代码证	zu zhi ji gou dai ma zheng	3
组选	zu xuan	11
经办员	jing ban yuan	7
经手费	jing shou fei	8
经济参考报	jing ji can kao bao	7
经济基本面	jing ji ji ben mian	2
经济学术	jing ji xue shu	4
经济学界	jing ji xue jie	19
经济导刊	jing ji dao kan	4
经济杂志	jing ji za zhi	8
经济统计	jing ji tong ji	13
经济观察网	jing ji guan cha wang	4
经理费	jing li fei	6
经纬纺机	jing wei fang ji	1
经营理念	jing ying li nian	34
经贸大学	jing mao da xue	9
结清	jie qing	17
结算凭证	jie suan ping zheng	3
统计报告	tong ji bao gao	18
绩优股	ji you gu	2
绩差	ji cha	8
绩差公司	ji cha gong si	4
绩差股	ji cha gu	6
维科精华	wei ke jing hua	1
维达国际	wei da guo ji	6
综合税	zong he shui	6
绿景	lv jing	13
绿景地产	lv jing di chan	2
缩量	suo liang	10
缴足	jiao zu	2
网下	wang xia	13
网付	wang fu	3
网商	wang shang	9
网银	wang yin	21
罗克韦尔	luo ke wei er	39
罗平锌电	luo ping xin dian	3
罗普斯金	luo pu si jin	5
罗莱家纺	luo lai jia fang	9
罚款率	fa kuan lv	2
羊城通	yang cheng tong	24
美丽华酒店	mei li hua jiu dian	5
美元区	mei yuan qu	2
美元危机	mei yuan wei ji	2
美利纸业	mei li zhi ye	5
美欣达	mei xin da	6
美罗药业	mei luo yao ye	2
美联银行	mei lian yin hang	4
美联集团	mei lian ji tuan	1
美股	mei gu	42
美菱股份	mei ling gu fen	7
美雅	mei ya	7
翻一番	fan yi fan	11
翻三番	fan san fan	3
翻两番	fan liang fan	6
老凤祥	lao feng xiang	3
考核指标	kao he zhi biao	5
联信永益	lian xin yong yi	2
联动机制	lian dong ji zhi	2
联华合纤	lian hua he xian	3
联华超市	lian hua chao shi	12
联想集团	lian xiang ji tuan	31
联次	lian ci	7
联油	lian you	4
联益	lian yi	7
联邦存款保险公司	lian bang cun kuan bao xian gong si	13
联邦破产法	lian bang po chan fa	4
聚友	ju you	4
聚富	ju fu	5
股东大会决议	gu dong da hui jue yi	2
股分	gu fen	12
股城网	gu cheng wang	3
股市动态分析	gu shi dong tai fen xi	6
股市快讯	gu shi kuai xun	2
股改	gu gai	6
股权分置改革方案	gu quan fen zhi gai ge fang an	2
股权转让协议	gu quan zhuan rang xie yi	14
股歌	gu ge	4
股票市价	gu piao shi jia	2
股票机	gu piao ji	4
股票界	gu piao jie	3
背书人	bei shu ren	5
胜景山河	sheng jing shan he	2
腹空	fu kong	1
腾邦国际	teng bang guo ji	6
自主创新	zi zhu chuang xin	35
自买	zi mai	2
自仪	zi yi	5
自偿性	zi chang xing	1
自助银行	zi zhu yin hang	2
自然人股	zi ran ren gu	2
自留额	zi liu e	2
自选股	zi xuan gu	6
至高点	zhi gao dian	10
航天机电	hang tian ji dian	2
航天长峰	hang tian chang feng	7
航意险	hang yi xian	5
航民	hang min	7
良运	liang yun	8
艺术品投资	yi shu pin tou zi	2
艺龙	yi long	4
艾略特波浪理论	ai lve te bo lang li lun	2
艾迪西	ai di xi	2
节能减排	jie neng jian pai	38
芜湖港	wu hu gang	5
芝加哥商品交易所	zhi jia ge shang pin jiao yi suo	8
花雕	hua diao	8
苏三山	su san shan	3
苏威孚	su wei fu	3
苏宁环球	su ning huan qiu	1
苏宁环球股份有限公司	su ning huan qiu gu fen you xian gong si	5
苏宁电器	su ning dian qi	3
苏州固锝	su zhou gu de	3
苏州恒久	su zhou heng jiu	3
苏常柴	su chang chai	1
苏常远东	su chang yuan dong	2
苏泊尔	su po er	16
苏物	su wu	4
苏物贸	su wu mao	2
苏福马	su fu ma	2
英化	ying hua	3
英唐智控	ying tang zhi kong	4
英国金融时报	ying guo jin rong shi bao	11
英威腾	ying wei teng	2
英特集团	ying te ji tuan	3
英飞拓	ying fei tuo	3
茉织华	mo zhi hua	4
荷兰万贝银行	he lan wan bei yin hang	2
莎拉李	sha la li	2
莫高股份	mo gao gu fen	7
莱英达	lai ying da	1
莱钢	lai gang	26
营业日	ying ye ri	16
营口港	ying kou gang	7
营销部	ying xiao bu	4
葛州坝	ge zhou ba	2
蒙发利	meng fa li	6
蒙牛乳业	meng niu ru ye	3
虚拟卡	xu ni ka	8
虚涨	xu zhang	5
融信达	rong xin da	3
融资协议	rong zi xie yi	5
融资性	rong zi xing	3
融资方案	rong zi fang an	21
融资款	rong zi kuan	8
融资租赁合同	rong zi zu lin he tong	3
融资网	rong zi wang	3
融资额	rong zi e	5
融通领先	rong tong ling xian	5
行权价	xing quan jia	3
衍生产品	yan sheng chan pin	47
衍生权证	yan sheng quan zheng	1
补仓	bu cang	2
补价	bu jia	14
补充协议	bu chong xie yi	39
补空	bu kong	3
补进	bu jin	28
表首	biao shou	2
袁大头	yuan da tou	6
裸币	luo bi	5
西北轴承股份有限公司	xi bei zhou cheng gu fen you xian gong si	4
西单商场	xi dan shang chang	3
西南合成	xi nan he cheng	4
西安旅游	xi an lv you	3
西昌电	xi chang dian	2
西王糖业	xi wang tang ye	5
西祠胡同	xi ci hu tong	1
西藏天路	xi zang tian lu	1
西藏旅游	xi zang lv you	3
西陇化工	xi long hua gong	4
观音币	guan yin bi	2
规划委	gui hua wei	9
解盘	jie pan	2
詹姆斯邦德	zhan mu si bang de	2
警示教育	jing shi jiao yu	3
计世网	ji shi wang	4
计量经济学	ji liang jing ji xue	37
认同卡	ren tong ka	8
认定标准	ren ding biao zhun	23
认沽期权	ren gu qi quan	4
认沽权证	ren gu quan zheng	3
认购协议	ren gou xie yi	3
认购权证	ren gou quan zheng	5
记录员	ji lu yuan	16
记账员	ji zhang yuan	2
许继电气	xu ji dian qi	5
证券化	zheng quan hua	22
证券周刊	zheng quan zhou kan	3
证券导刊	zheng quan dao kan	2
证券导报	zheng quan dao bao	3
证券市场	zheng quan shi chang	44
证券市场周刊	zheng quan shi chang zhou kan	3
证券市场红周刊	zheng quan shi chang hong zhou kan	4
证券投资分析	zheng quan tou zi fen xi	4
证券投资基金	zheng quan tou zi ji jin	6
证券日报	zheng quan ri bao	7
证券时报	zheng quan shi bao	15
证券法	zheng quan fa	27
证券溢价	zheng quan yi jia	3
证券网	zheng quan wang	1
证券资讯	zheng quan zi xun	6
评价中心	ping jia zhong xin	8
评价体系	ping jia ti xi	19
评价指标	ping jia zhi biao	3
评估办法	ping gu ban fa	5
评估师	ping gu shi	4
评估方案	ping gu fang an	2
评估标准	ping gu biao zhun	20
评估费	ping gu fei	10
试点办法	shi dian ban fa	6
试点方案	shi dian fang an	10
试盘	shi pan	4
试行标准	shi xing biao zhun	4
诚信网	cheng xin wang	7
诚聘英才	cheng pin ying cai	2
诱空	you kong	7
诺安	nuo an	19
诺安平衡	nuo an ping heng	2
谭木匠	tan mu jiang	5
豪盛	hao sheng	7
豫能	yu neng	6
负债率	fu zhai lv	4
负利率	fu li lv	29
财产保险	cai chan bao xian	42
财付通	cai fu tong	4
财会信报	cai kuai xin bao	3
财信通	cai xin tong	2
财务会计	cai wu kuai ji	30
财务状况表	cai wu zhuang kuang biao	1
财华网	cai hua wang	3
财富时报	cai fu shi bao	3
财智	cai zhi	4
财经周刊	cai jing zhou kan	11
财经时报	cai jing shi bao	13
财经网	cai jing wang	45
财经论坛	cai jing lun tan	3
财险	cai xian	13
账户表	zhang hu biao	3
货币主义	huo bi zhu yi	11
货币化	huo bi hua	8
货币战争	huo bi zhan zheng	6
货币流通	huo bi liu tong	20
货币银行学	huo bi yin hang xue	13
质押	zhi ya	29
质押品	zhi ya pin	1
质押物	zhi ya wu	10
购买区	gou mai qu	4
购买美国	gou mai mei guo	16
购房者	gou fang zhe	10
购汇	gou hui	2
购票员	gou piao yuan	4
贵宾厅	gui bin ting	7
贵州百灵	gui zhou bai ling	5
贵研铂业	gui yan bo ye	1
贵绳	gui sheng	5
贷款人	dai kuan ren	33
贷款协议	dai kuan xie yi	11
贷款难	dai kuan nan	2
贸易通	mao yi tong	2
资产公司	zi chan gong si	9
资产评估报告	zi chan ping gu bao gao	18
资产负债率	zi chan fu zhai lv	5
资产负债表	zi chan fu zhai biao	44
资信证明	zi xin zheng ming	3
资助金	zi zhu jin	16
资本利得税	zi ben li de shui	10
资本化	zi ben hua	7
资本化率	zi ben hua lv	4
资本品	zi ben pin	3
资本密集型	zi ben mi ji xing	4
资本运作	zi ben yun zuo	15
资本预算	zi ben yu suan	4
赌彩	du cai	17
赌马	du ma	25
赛格三星	sai ge san xing	3
赛格股份	sai ge gu fen	2
赛格达声	sai ge da sheng	2
赣锋锂业	gan feng li ye	5
超图软件	chao tu ruan jian	1
超声电子	chao sheng dian zi	5
超标者	chao biao zhe	8
超级大乐透	chao ji da le tou	1
超跌	chao die	11
超跌股	chao die gu	8
越秀投资	yue xiu tou zi	1
跌停板	die ting ban	1
跨国银行	kua guo yin hang	5
跨行	kua hang	6
路演	lu yan	47
跳动点	tiao dong dian	2
跳空	tiao kong	8
轧空	ya kong	3
转押	zhuan ya	13
转换价值	zhuan huan jia zhi	3
转换价格	zhuan huan jia ge	3
转换费	zhuan huan fei	4
转期	zhuan qi	2
转配股	zhuan pei gu	2
轮换制	lun huan zhi	5
软控股份	ruan kong gu fen	2
软通货	ruan tong huo	2
轻纺城	qing fang cheng	3
辅导期	fu dao qi	1
达创	da chuang	8
达力集团	da li ji tuan	1
达声	da sheng	5
达尔曼	da er man	4
达标者	da biao zhe	2
运盛	yun sheng	4
运营部	yun ying bu	9
运通公司	yun tong gong si	3
运通卡	yun tong ka	2
还本付息	huan ben fu xi	7
还款期	huan kuan qi	23
还款计划	huan kuan ji hua	6
远东经济评论	yuan dong jing ji ping lun	5
远望谷	yuan wang gu	1
违约率	wei yue lv	3
迟付	chi fu	1
追加保证金	zhui jia bao zheng jin	2
追收	zhui shou	10
追涨	zhui zhang	11
追索权	zhui suo quan	4
送股	song gu	1
送配	song pei	6
逃汇	tao hui	3
逆势	ni shi	28
选股	xuan gu	13
递延	di yan	17
通威股份	tong wei gu fen	2
通知期	tong zhi qi	7
通科	tong ke	5
通程控股	tong cheng kong gu	4
通胀率	tong zhang lv	32
通行权	tong xing quan	26
通达卡	tong da ka	7
通道制	tong dao zhi	4
通金	tong jin	4
速贷通	su dai tong	7
邀会	yao hui	3
邮币卡	you bi ka	9
郑州燃气	zheng zhou ran qi	2
鄂绒	e rong	4
配股	pei gu	12
配额制	pei e zhi	11
酒鬼酒	jiu gui jiu	10
采掘业	cai jue ye	5
重仓	zhong cang	3
重仓股	zhong cang gu	9
重仪	zhong yi	13
重估	chong gu	11
重单	chong dan	4
重庆中药	chong qing zhong yao	3
重庆华亚	chong qing hua ya	3
重庆川仪	chong qing chuan yi	4
重庆机电	chong qing ji dian	3
重庆港九	chong qing gang jiu	6
重庆银行	chong qing yin hang	8
重新转向	chong xin zhuan xiang	6
重要公告	zhong yao gong gao	1
金业公司	jin ye gong si	3
金交所	jin jiao suo	9
金健米业	jin jian mi ye	8
金元宝	jin yuan bao	11
金利华电	jin li hua dian	4
金利来集团	jin li lai ji tuan	8
金利科技	jin li ke ji	2
金利通	jin li tong	4
金化	jin hua	22
金固股份	jin gu gu fen	3
金地集团	jin di ji tuan	8
金城股份	jin cheng gu fen	3
金宇车城	jin yu che cheng	6
金宇集团	jin yu ji tuan	1
金宝通	jin bao tong	2
金山工业	jin shan gong ye	1
金山软件	jin shan ruan jian	11
金岭	jin ling	25
金帝	jin di	9
金普	jin pu	28
金普卡	jin pu ka	4
金智科技	jin zhi ke ji	2
金朝阳集团	jin chao yang ji tuan	6
金本位制	jin ben wei zhi	10
金果	jin guo	6
金枫酒业	jin feng jiu ye	1
金榜集团	jin bang ji tuan	4
金海股份	jin hai gu fen	1
金源米业	jin yuan mi ye	2
金瑞矿业	jin rui kuang ye	3
金瑞科技	jin rui ke ji	3
金盘	jin pan	38
金种子	jin zhong zi	12
金穗卡	jin sui ka	6
金葵花	jin kui hua	7
金融世界	jin rong shi jie	2
金融体制	jin rong ti zhi	12
金融创新	jin rong chuang xin	16
金融办	jin rong ban	5
金融史	jin rong shi	7
金融大街	jin rong da jie	21
金融市	jin rong shi	5
金融投资	jin rong tou zi	42
金融投资报	jin rong tou zi bao	5
金融股	jin rong gu	12
金融许可证	jin rong xu ke zheng	2
金融资产	jin rong zi chan	35
金融部	jin rong bu	12
金路集团	jin lu ji tuan	2
金辉集团	jin hui ji tuan	4
金通灵	jin tong ling	6
金银币	jin yin bi	9
金陵饭店	jin ling fan dian	3
金隅股份	jin yu gu fen	3
金风科技	jin feng ke ji	1
金飞达	jin fei da	6
金马投票	jin ma tou piao	3
金马股份	jin ma gu fen	3
金马集团	jin ma ji tuan	4
金龙机电	jin long ji dian	2
鑫光	xin guang	6
鑫富药业	xin fu yao ye	3
鑫新	xin xin	6
针线街	zhen xian jie	5
钛金	tai jin	4
钛金卡	tai jin ka	1
钢研高纳	gang yan gao na	5
钢镚儿	gang beng er	1
钱江摩托	qian jiang mo tuo	1
钱经	qian jing	7
钱袋网	qian dai wang	3
铜城	tong cheng	6
银之杰	yin zhi jie	7
银债	yin zhai	5
银华	yin hua	34
银基发展	yin ji fa zhan	2
银基集团	yin ji ji tuan	1
银广厦	yin guang sha	4
银广夏	yin guang xia	7
银建	yin jian	1
银承	yin cheng	5
银期	yin qi	6
银河银泰	yin he yin tai	3
银泰百货	yin tai bai huo	23
银率网	yin lv wang	8
银监会	yin jian hui	30
银监局	yin jian ju	36
银行券	yin hang quan	43
银行卡号	yin hang ka hao	1
银行学	yin hang xue	6
银行承兑汇票	yin hang cheng dui hui piao	2
银行界	yin hang jie	30
银行管理	yin hang guan li	7
银行部	yin hang bu	13
银证通	yin zheng tong	4
销卡	xiao ka	1
销售代理协议	xiao shou dai li xie yi	2
销售合同	xiao shou he tong	6
销货清单	xiao huo qing dan	2
锁仓	suo cang	6
锌业	xin ye	5
锦化	jin hua	2
锦州港	jin zhou gang	3
锦州石化	jin zhou shi hua	1
锦江酒店	jin jiang jiu dian	1
锦港	jin gang	4
长城卡	chang cheng ka	5
长城特钢	chang cheng te gang	2
长城集团	chang cheng ji tuan	3
长控	chang kong	3
长电	chang dian	5
长百集团	chang bai ji tuan	3
长盛	chang sheng	25
长盛中证	chang sheng zhong zheng	3
长盛同德	chang sheng tong de	5
长盛同智	chang sheng tong zhi	2
长盛同瑞	chang sheng tong rui	2
长盛同禧	chang sheng tong xi	4
长盛基金	chang sheng ji jin	4
长盛环球	chang sheng huan qiu	4
长航凤凰	chang hang feng huang	2
长运	chang yun	12
问题解答	wen ti jie da	11
闽信集团	min xin ji tuan	2
闽福发	min fu fa	1
阜丰集团	fu feng ji tuan	5
阳光城	yang guang cheng	4
阳谷华泰	yang gu hua tai	6
阿比银行	a bi yin hang	2
附单	fu dan	8
际华集团	ji hua ji tuan	18
陇达	long da	2
限售期	xian shou qi	2
限售股	xian shou gu	1
陕西金叶	shan xi jin ye	2
除净	chu jing	7
除息	chu xi	23
隆基机械	long ji ji xie	2
雄震	xiong zhen	4
雅天妮	ya tian ni	4
雅居乐地产	ya ju le di chan	3
雅戈	ya ge	29
雅戈尔	ya ge er	6
雅虎公司	ya hu gong si	6
雅虎财经	ya hu cai jing	1
集琦	ji qi	1
集资款	ji zi kuan	8
雪莱特	xue lai te	8
零七股份	ling qi gu fen	6
零售银行	ling shou yin hang	22
零息	ling xi	3
零手	ling shou	2
零首付	ling shou fu	2
雷柏科技	lei bai ke ji	2
雷鸣科化	lei ming ke hua	2
霸王条款	ba wang tiao kuan	6
青山纸业	qing shan zhi ye	1
青岛海信	qing dao hai xin	7
青岛海尔	qing dao hai er	2
青岛碱业	qing dao jian ye	1
青鸟华光	qing niao hua guang	4
青龙管业	qing long guan ye	2
非公经济	fei gong jing ji	2
非正常户	fei zheng chang hu	6
非现金	fei xian jin	10
非融资性	fei rong zi xing	6
韵达	yun da	8
项目融资	xiang mu rong zi	10
顺发恒业	shun fa heng ye	2
顺诚	shun cheng	3
领军者	ling jun zhe	6
领票	ling piao	5
领购簿	ling gou bu	7
领跌	ling die	11
颈圈	jing quan	11
颈线	jing xian	14
风控	feng kong	10
风神股份	feng shen gu fen	3
风险投资商	feng xian tou zi shang	1
风险提示	feng xian ti shi	3
风险提示函	feng xian ti shi han	3
风险系数	feng xian xi shu	10
飚升	biao sheng	8
飞力达	fei li da	6
飞行者	fei xing zhe	35
飞马国际	fei ma guo ji	2
食品饮料	shi pin yin liao	23
饱和点	bao he dian	7
首付款	shou fu kuan	6
首创置业	shou chuang zhi ye	3
香梨	xiang li	3
验审	yan shen	7
验旧	yan jiu	8
骗线	pian xian	3
高价股	gao jia gu	2
高息揽存	gao xi lan cun	1
高斯达	gao si da	4
高新兴	gao xin xing	7
高新发展	gao xin fa zhan	2
高新张铜	gao xin zhang tong	1
高溢价	gao yi jia	1
高点	gao dian	10
高特利	gao te li	2
高盛集团	gao sheng ji tuan	37
高金食品	gao jin shi pin	5
高银地产	gao yin di chan	10
魏桥纺织	wei qiao fang zhi	1
鲁商置业	lu shang zhi ye	2
鲁政委	lu zheng wei	3
鲁泰	lu tai	2
鲁泰纺织股份有限公司	lu tai fang zhi gu fen you xian gong si	4
鲁润	lu run	5
鲁石化	lu shi hua	3
鲁置业	lu zhi ye	2
鲁证	lu zheng	6
鲁银	lu yin	7
鹏博士	peng bo shi	3
鹰美	ying mei	3
麦科特	mai ke te	2
麦考林	mai kao lin	3
麦达斯	mai da si	5
黄山金马股份有限公司	huang shan jin ma gu fen you xian gong si	2
黄金储备	huang jin chu bei	14
黄金宝	huang jin bao	10
黄金投资	huang jin tou zi	1
黄金网	huang jin wang	2
黄金集团	huang jin ji tuan	6
黄页	huang ye	34
黑卡	hei ka	10
黑牡丹	hei mu dan	4
黑白菜	hei bai cai	3
黑盒子	hei he zi	45
黑色星期五	hei se xing qi wu	13
黑龙股份	hei long gu fen	2
黔中天	qian zhong tian	1
黔凯涤	qian kai di	2
鼎天	ding tian	6
鼎泰新材	ding tai xin cai	2
鼎盛天工	ding sheng tian gong	3
齐星铁塔	qi xing tie ta	4
齐翔腾达	qi xiang teng da	5
齐鲁石化	qi lu shi hua	6
龙卡	long ka	10
龙双	long shuang	4
龙头股	long tou gu	4
龙建	long jian	12
龙星化工	long xing hua gong	4
龙涤股份	long di gu fen	2
龙源电力	long yuan dian li	3
