# 青简领域词库：成语，由 qingjian-dict-convert lexicon 从 THUOCL 拆出，基础词库里没有的部分。词	音节	词频
一不做二不休	yi bu zuo er bu xiu	14
一丘一壑	yi qiu yi he	3
一个半个	yi ge ban ge	7
一个萝卜一个坑	yi ge luo bo yi ge keng	27
一举成功	yi ju cheng gong	8
一人之下万人之上	yi ren zhi xia wan ren zhi shang	12
一人做事一人当	yi ren zuo shi yi ren dang	11
一人得道	yi ren de dao	5
一人得道鸡犬升天	yi ren de dao ji quan sheng tian	8
一介书生	yi jie shu sheng	9
一代不如一代	yi dai bu ru yi dai	28
一代楷模	yi dai kai mo	6
一以贯之	yi yi guan zhi	21
一传十十传百	yi chuan shi shi chuan bai	14
一元复始	yi yuan fu shi	2
一决胜负	yi jue sheng fu	44
一分一毫	yi fen yi hao	16
一分耕耘一分收获	yi fen geng yun yi fen shou huo	18
一切众生	yi qie zhong sheng	36
一则以喜	yi ze yi xi	7
一动不如一静	yi dong bu ru yi jing	4
一发而不可收拾	yi fa er bu ke shou shi	3
一口一声	yi kou yi sheng	6
一口吃个胖子	yi kou chi ge pang zi	8
一口咬定	yi kou yao ding	45
一叶障目	yi ye zhang mu	27
一叶障目不见泰山	yi ye zhang mu bu jian tai shan	3
一命归西	yi ming gui xi	1
一唱三叹	yi chang san tan	3
一回生两回熟	yi hui sheng liang hui shu	11
一块石头落了地	yi kuai shi tou luo liao di	1
一块石头落地	yi kuai shi tou luo di	2
一天一地	yi tian yi di	5
一夫当关	yi fu dang guan	16
一夫当关万夫莫开	yi fu dang guan wan fu mo kai	5
一字之师	yi zi zhi shi	6
一字千钧	yi zi qian jun	6
一官半职	yi guan ban zhi	11
一寸光阴一寸金	yi cun guang yin yi cun jin	20
一己之私	yi ji zhi si	6
一己之见	yi ji zhi jian	14
一年之计在于春	yi nian zhi ji zai yu chun	47
一往直前	yi wang zhi qian	17
一悲一喜	yi bei yi xi	6
一手一脚	yi shou yi jiao	8
一手包揽	yi shou bao lan	1
一抔黄土	yi pou huang tu	7
一报还一报	yi bao huan yi bao	13
一拥而上	yi yong er shang	29
一拥而入	yi yong er ru	1
一掷百万	yi zhi bai wan	6
一文钱难倒英雄汉	yi wen qian nan dao ying xiong han	5
一无可取	yi wu ke qu	6
一无所成	yi wu suo cheng	7
一无所长	yi wu suo chang	3
一日三省	yi ri san xing	7
一日之计在于晨	yi ri zhi ji zai yu chen	1
一日夫妻百日恩	yi ri fu qi bai ri en	14
一时三刻	yi shi san ke	2
一时之选	yi shi zhi xuan	7
一星半点	yi xing ban dian	43
一是一二是二	yi shi yi er shi er	1
一曝十寒	yi pu shi han	7
一望而知	yi wang er zhi	2
一朝天子一朝臣	yi zhao tian zi yi zhao chen	1
一朝权在手	yi zhao quan zai shou	1
一本万利	yi ben wan li	1
一条道走到黑	yi tiao dao zou dao hei	49
一来一往	yi lai yi wang	11
一枕黄粱	yi zhen huang liang	1
一柱擎天	yi zhu qing tian	29
一波未平	yi bo wei ping	4
一波未平一波又起	yi bo wei ping yi bo you qi	36
一片丹心	yi pian dan xin	16
一片汪洋	yi pian wang yang	21
一片焦土	yi pian jiao tu	9
一物不知	yi wu bu zhi	7
一瓣心香	yi ban xin xiang	6
一男半女	yi nan ban nv	4
一画开天	yi hua kai tian	5
一着不慎	yi zhao bu shen	1
一着不慎满盘皆输	yi zhao bu shen man pan jie shu	6
一碧万顷	yi bi wan qing	2
一笑一颦	yi xiao yi pin	7
一笑了之	yi xiao liao zhi	22
一笔抹煞	yi bi mo sha	6
一箭之地	yi jian zhi di	1
一箭之遥	yi jian zhi yao	7
一线生机	yi xian sheng ji	38
一花独放	yi hua du fang	1
一草一木	yi cao yi mu	1
一蟹不如一蟹	yi xie bu ru yi xie	5
一览无遗	yi lan wu yi	31
一言中的	yi yan zhong di	6
一言兴邦	yi yan xing bang	6
一言既出	yi yan ji chu	23
一语不发	yi yu bu fa	1
一误再误	yi wu zai wu	6
一路货色	yi lu huo se	1
一路风尘	yi lu feng chen	6
一蹴可几	yi cu ke ji	1
一身二任	yi shen er ren	6
一身是胆	yi shen shi dan	2
一针一线	yi zhen yi xian	45
一长一短	yi chang yi duan	25
一问三不知	yi wen san bu zhi	36
一隅之地	yi yu zhi di	6
一饮而尽	yi yin er jin	36
一鼻子灰	yi bi zi hui	7
丁丁当当	ding ding dang dang	7
丁是丁卯是卯	ding shi ding mao shi mao	1
七尺之躯	qi chi zhi qu	1
七弯八拐	qi wan ba guai	8
七擒七纵	qi qin qi zong	1
七步成诗	qi bu cheng shi	4
七窍流血	qi qiao liu xue	18
七零八散	qi ling ba san	1
万万千千	wan wan qian qian	5
万世师表	wan shi shi biao	17
万事俱备只欠东风	wan shi ju bei zhi qian dong feng	15
万变不离其宗	wan bian bu li qi zong	26
万古长存	wan gu chang cun	6
万夫莫开	wan fu mo kai	4
万头攒动	wan tou cuan dong	7
万应灵丹	wan ying ling dan	6
万应灵药	wan ying ling yao	6
万目睽睽	wan mu kui kui	6
万语千言	wan yu qian yan	11
万贯家财	wan guan jia cai	10
万里迢迢	wan li tiao tiao	1
万里鹏程	wan li peng cheng	5
丈二和尚	zhang er he shang	3
丈二和尚摸不着头脑	zhang er he shang mo bu zhao tou nao	10
三三五五	san san wu wu	6
三个臭皮匠	san ge chou pi jiang	13
三人成虎	san ren cheng hu	40
三人行必有我师	san ren xing bi you wo shi	23
三从四德	san cong si de	41
三元及第	san yuan ji di	5
三十六行	san shi liu hang	6
三十年河东	san shi nian he dong	37
三千里江山	san qian li jiang shan	1
三句话不离本行	san ju hua bu li ben hang	7
三妻四妾	san qi si qie	47
三宫六院	san gong liu yuan	17
三寸不烂之舌	san cun bu lan zhi she	5
三寸之舌	san cun zhi she	1
三寸金莲	san cun jin lian	30
三山五岳	san shan wu yue	6
三年五载	san nian wu zai	8
三心两意	san xin liang yi	7
三思后行	san si hou xing	10
三拳两脚	san quan liang jiao	1
三月不知肉味	san yue bu zhi rou wei	3
三朋四友	san peng si you	6
三朝元老	san chao yuan lao	9
三申五令	san shen wu ling	6
三男两女	san nan liang nv	12
三男四女	san nan si nv	4
三省吾身	san xing wu shen	24
三纲五常	san gang wu chang	10
三跪九叩	san gui jiu kou	18
三阳开泰	san yang kai tai	7
上下一心	shang xia yi xin	7
上下同心	shang xia tong xin	3
上下同欲	shang xia tong yu	1
上不着天	shang bu zhuo tian	1
上传下达	shang chuan xia da	2
上兵伐谋	shang bing fa mou	8
上天无路	shang tian wu lu	6
上情下达	shang qing xia da	1
上无片瓦	shang wu pian wa	7
上有天堂下有苏杭	shang you tian tang xia you su hang	16
上梁不正下梁歪	shang liang bu zheng xia liang wai	43
上知天文下知地理	shang zhi tian wen xia zhi di li	38
下回分解	xia hui fen jie	30
下情上达	xia qing shang da	2
下笔千言	xia bi qian yan	4
下笔如有神	xia bi ru you shen	16
下自成蹊	xia zi cheng xi	9
下逐客令	xia zhu ke ling	5
不世之功	bu shi zhi gong	6
不为五斗米折腰	bu wei wu dou mi zhe yao	14
不为瓦全	bu wei wa quan	10
不乏先例	bu fa xian li	9
不亢不卑	bu kang bu bei	2
不仁不义	bu ren bu yi	16
不以规矩	bu yi gui ju	1
不值一哂	bu zhi yi shen	1
不值一驳	bu zhi yi bo	7
不入虎穴	bu ru hu xue	2
不入虎穴焉得虎子	bu ru hu xue yan de hu zi	6
不关痛痒	bu guan tong yang	6
不分伯仲	bu fen bo zhong	27
不分彼此	bu fen bi ci	26
不分敌我	bu fen di wo	21
不分胜负	bu fen sheng fu	36
不分轩轾	bu fen xuan zhi	9
不到黄河心不死	bu dao huang he xin bu si	7
不厌其详	bu yan qi xiang	1
不古不今	bu gu bu jin	5
不可企及	bu ke qi ji	13
不可估量	bu ke gu liang	33
不可偏废	bu ke pian fei	4
不可动摇	bu ke dong yao	46
不可忽视	bu ke hu shi	44
不可捉摸	bu ke zhuo mo	11
不可胜计	bu ke sheng ji	18
不可言喻	bu ke yan yu	18
不可言状	bu ke yan zhuang	3
不可限量	bu ke xian liang	5
不吝赐教	bu lin ci jiao	21
不咸不淡	bu xian bu dan	28
不在其位	bu zai qi wei	6
不在其位不谋其政	bu zai qi wei bu mou qi zheng	2
不堪入耳	bu kan ru er	28
不失时机	bu shi shi ji	10
不如归去	bu ru gui qu	11
不安于室	bu an yu shi	1
不容置辩	bu rong zhi bian	6
不差上下	bu cha shang xia	6
不差毫厘	bu cha hao li	1
不干不净	bu gan bu jing	9
不平之鸣	bu ping zhi ming	1
不幸而言中	bu xing er yan zhong	7
不徇私情	bu xun si qing	6
不徐不疾	bu xu bu ji	6
不得人心	bu de ren xin	43
不得其详	bu de qi xiang	6
不得善终	bu de shan zhong	35
不得已而为之	bu de yi er wei zhi	39
不忍释卷	bu ren shi juan	6
不怕一万就怕万一	bu pa yi wan jiu pa wan yi	32
不情之请	bu qing zhi qing	7
不惜工本	bu xi gong ben	5
不改其乐	bu gai qi le	2
不教而诛	bu jiao er zhu	1
不敢越雷池一步	bu gan yue lei chi yi bu	4
不敢造次	bu gan zao ci	41
不敢问津	bu gan wen jin	1
不明事理	bu ming shi li	49
不是冤家不聚头	bu shi yuan jia bu ju tou	14
不服水土	bu fu shui tu	9
不欺暗室	bu qi an shi	1
不死不活	bu si bu huo	8
不求有功	bu qiu you gong	1
不求有功但求无过	bu qiu you gong dan qiu wu guo	8
不求闻达	bu qiu wen da	4
不测之忧	bu ce zhi you	6
不测风云	bu ce feng yun	8
不甘后人	bu gan hou ren	3
不生不灭	bu sheng bu mie	20
不留余地	bu liu yu di	1
不疾不徐	bu ji bu xu	8
不登大雅之堂	bu deng da ya zhi tang	3
不相为谋	bu xiang wei mou	33
不看僧面看佛面	bu kan seng mian kan fo mian	6
不矜细行	bu jin xi xing	7
不知下落	bu zhi xia luo	8
不知何故	bu zhi he gu	44
不知其可	bu zhi qi ke	1
不知其详	bu zhi qi xiang	1
不知凡几	bu zhi fan ji	1
不知怎的	bu zhi zen de	32
不知所以	bu zhi suo yi	19
不知所言	bu zhi suo yan	9
不知有汉	bu zhi you han	4
不知深浅	bu zhi shen qian	3
不知老之将至	bu zhi lao zhi jiang zhi	1
不知肉味	bu zhi rou wei	3
不知轻重	bu zhi qing zhong	15
不知进退	bu zhi jin tui	8
不破不立	bu po bu li	23
不祥之兆	bu xiang zhi zhao	14
不立文字	bu li wen zi	2
不系之舟	bu xi zhi zhou	1
不肖子孙	bu xiao zi sun	3
不能忘怀	bu neng wang huai	35
不能登大雅之堂	bu neng deng da ya zhi tang	3
不能自主	bu neng zi zhu	13
不自由毋宁死	bu zi you wu ning si	4
不舍昼夜	bu she zhou ye	25
不药而愈	bu yao er yu	30
不落俗套	bu luo su tao	27
不虞之誉	bu yu zhi yu	2
不见兔子不撒鹰	bu jian tu zi bu sa ying	6
不见天日	bu jian tian ri	11
不见棺材不掉泪	bu jian guan cai bu diao lei	12
不见棺材不落泪	bu jian guan cai bu luo lei	17
不言不语	bu yan bu yu	29
不识大体	bu shi da ti	7
不识好歹	bu shi hao dai	14
不识庐山真面目	bu shi lu shan zhen mian mu	21
不谋其政	bu mou qi zheng	2
不贪为宝	bu tan wei bao	6
不越雷池	bu yue lei chi	1
不足为外人道	bu zu wei wai ren dao	3
不足为据	bu zu wei ju	7
不足为虑	bu zu wei lv	4
不足为道	bu zu wei dao	2
不辞劳苦	bu ci lao ku	10
不辨真伪	bu bian zhen wei	7
不进则退	bu jin ze tui	28
不远万里	bu yuan wan li	5
不违农时	bu wei nong shi	6
不避艰险	bu bi jian xian	2
不问青红皂白	bu wen qing hong zao bai	5
不露声色	bu lu sheng se	2
不露锋芒	bu lu feng mang	1
不顾大局	bu gu da ju	6
不顾死活	bu gu si huo	1
不预则废	bu yu ze fei	2
与人方便	yu ren fang bian	14
与人方便自己方便	yu ren fang bian zi ji fang bian	6
与时偕行	yu shi xie xing	1
与民更始	yu min geng shi	1
丑态毕露	chou tai bi lu	3
专门利人	zhuan men li ren	3
世代书香	shi dai shu xiang	4
世态人情	shi tai ren qing	3
世道人心	shi dao ren xin	7
业精于勤荒于嬉	ye jing yu qin huang yu xi	5
丛山峻岭	cong shan jun ling	2
东奔西跑	dong ben xi pao	42
东征西讨	dong zheng xi tao	4
东成西就	dong cheng xi jiu	28
东扯西拉	dong che xi la	1
东挪西凑	dong nuo xi cou	9
东摇西摆	dong yao xi bai	6
东方不亮西方亮	dong fang bu liang xi fang liang	6
东歪西倒	dong wai xi dao	2
东游西荡	dong you xi dang	2
东游西逛	dong you xi guang	2
东藏西躲	dong cang xi duo	6
东躲西藏	dong duo xi cang	7
东风压倒西风	dong feng ya dao xi feng	3
东风浩荡	dong feng hao dang	3
丝竹管弦	si zhu guan xian	6
丢盔卸甲	diu kui xie jia	7
两手空空	liang shou kong kong	46
两虎相争	liang hu xiang zheng	1
两面夹攻	liang mian jia gong	6
严于律已	yan yu lv yi	1
严刑峻法	yan xing jun fa	10
个中三昧	ge zhong san mei	2
个中滋味	ge zhong zi wei	29
中外合璧	zhong wai he bi	1
丰姿绰约	feng zi chuo yue	6
串亲访友	chuan qin fang you	6
临事而惧	lin shi er ju	6
临别赠言	lin bie zeng yan	7
临危授命	lin wei shou ming	1
临机处置	lin ji chu zhi	8
临机应变	lin ji ying bian	7
临深履薄	lin shen lv bo	6
临阵磨枪	lin zhen mo qiang	42
临阵退缩	lin zhen tui suo	6
丹书铁券	dan shu tie quan	3
丹凤朝阳	dan feng chao yang	24
丹心碧血	dan xin bi xue	6
丹青妙手	dan qing miao shou	6
为五斗米折腰	wei wu dou mi zhe yao	13
为善最乐	wei shan zui le	1
为国为民	wei guo wei min	23
为渊驱鱼	wei yuan qu yu	1
为非作恶	wei fei zuo e	11
举世皆知	ju shi jie zhi	8
举国一致	ju guo yi zhi	8
举措失当	ju cuo shi dang	3
举止大方	ju zhi da fang	3
举止言谈	ju zhi yan tan	4
举步艰难	ju bu jian nan	7
举贤任能	ju xian ren neng	6
举重若轻	ju zhong ruo qing	16
久旱逢甘雨	jiu han feng gan yu	5
久经风霜	jiu jing feng shuang	3
久闻大名	jiu wen da ming	19
义结金兰	yi jie jin lan	25
义薄云天	yi bo yun tian	22
乐业安居	le ye an ju	6
乐以忘忧	le yi wang you	6
乐而不淫	le er bu yin	2
乔装打扮	qiao zhuang da ban	27
乔装改扮	qiao zhuang gai ban	8
乘兴而来	cheng xing er lai	2
乘兴而来败兴而归	cheng xing er lai bai xing er gui	3
乘其不备	cheng qi bu bei	8
乘机而入	cheng ji er ru	1
乘热打铁	cheng re da tie	2
乘隙而入	cheng xi er ru	6
九五之尊	jiu wu zhi zun	5
九天揽月	jiu tian lan yue	32
九死不悔	jiu si bu hui	6
九泉之下	jiu quan zhi xia	4
习焉不察	xi yan bu cha	8
习非成是	xi fei cheng shi	1
书声琅琅	shu sheng lang lang	2
书香世家	shu xiang shi jia	34
书香人家	shu xiang ren jia	1
买卖公平	mai mai gong ping	3
乱世英雄	luan shi ying xiong	5
了然于胸	liao ran yu xiong	15
了若指掌	liao ruo zhi zhang	26
予取予夺	yu qu yu duo	1
予取予求	yu qu yu qiu	12
争前恐后	zheng qian kong hou	6
争妍斗艳	zheng yan dou yan	1
争强斗狠	zheng qiang dou hen	2
事不关己高高挂起	shi bu guan ji gao gao gua qi	10
事出无奈	shi chu wu nai	2
事后诸葛亮	shi hou zhu ge liang	33
事无大小	shi wu da xiao	9
事缓则圆	shi huan ze yuan	5
二人同心	er ren tong xin	2
二八年华	er ba nian hua	11
二者不可得兼	er zhe bu ke de jian	14
二者必居其一	er zhe bi ju qi yi	1
于今为烈	yu jin wei lie	7
于心何忍	yu xin he ren	36
云中白鹤	yun zhong bai he	6
云开雾散	yun kai wu san	17
云泥之别	yun ni zhi bie	5
云谲波诡	yun jue bo gui	7
互为表里	hu wei biao li	2
互相推诿	hu xiang tui wei	11
五劳七伤	wu lao qi shang	1
五味俱全	wu wei ju quan	12
五子登科	wu zi deng ke	7
五毒俱全	wu du ju quan	17
五福临门	wu fu lin men	27
五谷不分	wu gu bu fen	9
五里雾中	wu li wu zhong	2
井井有序	jing jing you xu	2
井水不犯河水	jing shui bu fan he shui	38
井然有序	jing ran you xu	29
亘古未有	gen gu wei you	2
亡国之音	wang guo zhi yin	4
亡国灭种	wang guo mie zhong	3
亢龙有悔	kang long you hui	8
交口称赞	jiao kou cheng zan	9
交口赞誉	jiao kou zan yu	1
交杯换盏	jiao bei huan zhan	1
亦可覆舟	yi ke fu zhou	8
亦复如是	yi fu ru shi	10
亲临其境	qin lin qi jing	8
亲仁善邻	qin ren shan lin	9
亲如手足	qin ru shou zu	5
亲痛仇快	qin tong chou kuai	1
亲者痛仇者快	qin zhe tong chou zhe kuai	5
人不为己天诛地灭	ren bu wei ji tian zhu di mie	33
人不犯我	ren bu fan wo	34
人不知鬼不觉	ren bu zhi gui bu jue	2
人世沧桑	ren shi cang sang	2
人为刀俎	ren wei dao zu	4
人为刀俎我为鱼肉	ren wei dao zu wo wei yu rou	8
人为财死	ren wei cai si	7
人之将死	ren zhi jiang si	2
人之将死其言也善	ren zhi jiang si qi yan ye shan	6
人事不省	ren shi bu xing	1
人事不知	ren shi bu zhi	4
人五人六	ren wu ren liu	9
人亡政息	ren wang zheng xi	3
人人得而诛之	ren ren de er zhu zhi	40
人人有份	ren ren you fen	29
人人皆知	ren ren jie zhi	19
人人自危	ren ren zi wei	28
人同此心	ren tong ci xin	2
人声鼎沸	ren sheng ding fei	32
人多口杂	ren duo kou za	5
人多手杂	ren duo shou za	5
人多眼杂	ren duo yan za	8
人弃我取	ren qi wo qu	6
人心不足蛇吞象	ren xin bu zu she tun xiang	25
人心叵测	ren xin po ce	43
人心大快	ren xin da kuai	6
人心惟危	ren xin wei wei	7
人心涣散	ren xin huan san	9
人心齐泰山移	ren xin qi tai shan yi	6
人怕出名猪怕壮	ren pa chu ming zhu pa zhuang	47
人情世态	ren qing shi tai	2
人情之常	ren qing zhi chang	6
人才难得	ren cai nan de	2
人文荟萃	ren wen hui cui	6
人无远虑	ren wu yuan lv	11
人无远虑必有近忧	ren wu yuan lv bi you jin you	19
人有旦夕祸福	ren you dan xi huo fu	7
人来客往	ren lai ke wang	6
人活一张脸	ren huo yi zhang lian	5
人烟稠密	ren yan chou mi	5
人生七十古来稀	ren sheng qi shi gu lai xi	4
人生自古谁无死	ren sheng zi gu shei wu si	2
人生路不熟	ren sheng lu bu shu	11
人穷志不短	ren qiong zhi bu duan	11
人穷志短	ren qiong zhi duan	38
人而无信	ren er wu xin	1
人财两失	ren cai liang shi	3
人财两空	ren cai liang kong	43
人逢喜事精神爽	ren feng xi shi jing shen shuang	8
人间地狱	ren jian di yu	30
人间天上	ren jian tian shang	7
人间重晚晴	ren jian zhong wan qing	7
人非圣贤	ren fei sheng xian	30
人非草木	ren fei cao mu	6
人面桃花	ren mian tao hua	30
仁心仁术	ren xin ren shu	14
仁民爱物	ren min ai wu	2
仁者乐山	ren zhe le shan	10
仆仆风尘	pu pu feng chen	6
仇人相见	chou ren xiang jian	4
仇人相见分外眼红	chou ren xiang jian fen wai yan hong	6
仇深似海	chou shen si hai	6
今不如昔	jin bu ru xi	5
今夕何夕	jin xi he xi	16
从中作梗	cong zhong zuo geng	35
从中渔利	cong zhong yu li	4
从善如登	cong shan ru deng	1
从头至尾	cong tou zhi wei	40
从容就义	cong rong jiu yi	2
从容应对	cong rong ying dui	7
从容自在	cong rong zi zai	2
从容自如	cong rong zi ru	1
从容自若	cong rong zi ruo	4
从宽发落	cong kuan fa luo	2
从心所欲	cong xin suo yu	6
从恶如崩	cong e ru beng	3
从谏如流	cong jian ru liu	1
从轻发落	cong qing fa luo	15
仓皇出逃	cang huang chu tao	9
仓皇失措	cang huang shi cuo	3
他乡遇故知	ta xiang yu gu zhi	42
他山之石	ta shan zhi shi	6
付之流水	fu zhi liu shui	2
付诸一炬	fu zhu yi ju	11
付诸一笑	fu zhu yi xiao	6
仙山琼阁	xian shan qiong ge	2
代人受过	dai ren shou guo	1
令人咋舌	ling ren ze she	8
令人喷饭	ling ren pen fan	1
令人瞩目	ling ren zhu mu	30
令人起敬	ling ren qi jing	7
令人齿冷	ling ren chi leng	1
令出如山	ling chu ru shan	6
令出必行	ling chu bi xing	7
以丰补歉	yi feng bu qian	7
以人为鉴	yi ren wei jian	1
以人为镜	yi ren wei jing	3
以其昏昏	yi qi hun hun	1
以其昏昏使人昭昭	yi qi hun hun shi ren zhao zhao	6
以勤补拙	yi qin bu zhuo	1
以古为鉴	yi gu wei jian	6
以古为镜	yi gu wei jing	7
以古喻今	yi gu yu jin	6
以天下为己任	yi tian xia wei ji ren	11
以夷制夷	yi yi zhi yi	2
以子之矛	yi zi zhi mao	3
以子之矛攻子之盾	yi zi zhi mao gong zi zhi dun	7
以守为攻	yi shou wei gong	1
以小人之心	yi xiao ren zhi xin	33
以己度人	yi ji duo ren	41
以德报德	yi de bao de	23
以心传心	yi xin chuan xin	9
以战养战	yi zhan yang zhan	7
以文会友	yi wen hui you	13
以点带面	yi dian dai mian	13
以直报怨	yi zhi bao yuan	17
以眼还眼	yi yan huan yan	19
以管窥豹	yi guan kui bao	6
以绝后患	yi jue hou huan	21
以身报国	yi shen bao guo	3
以身殉国	yi shen xun guo	11
以身试险	yi shen shi xian	8
仪态万千	yi tai wan qian	7
仰不愧天	yang bu kui tian	1
仰之弥高	yang zhi mi gao	3
仰面朝天	yang mian chao tian	4
任凭风浪起	ren ping feng lang qi	8
伉俪情深	kang li qing shen	8
众人拾柴火焰高	zhong ren shi chai huo yan gao	21
众口相传	zhong kou xiang chuan	7
优哉游哉	you zai you zai	17
优胜劣败	you sheng lie bai	5
传为佳话	chuan wei jia hua	30
传为笑谈	chuan wei xiao tan	5
传为美谈	chuan wei mei tan	16
传诵一时	chuan song yi shi	6
伯乐相马	bo le xiang ma	3
伺机而动	si ji er dong	16
似笑非笑	si xiao fei xiao	18
但求无过	dan qiu wu guo	1
位极人臣	wei ji ren chen	4
低吟浅唱	di yin qian chang	8
低声细语	di sheng xi yu	3
低头哈腰	di tou ha yao	5
何乐不为	he le bu wei	11
何其相似乃尔	he qi xiang si nai er	6
何患无辞	he huan wu ci	7
何足为奇	he zu wei qi	3
何足道哉	he zu dao zai	2
余味无穷	yu wei wu qiong	7
余波未平	yu bo wei ping	16
余波荡漾	yu bo dang yang	8
余音缭绕	yu yin liao rao	6
余音袅袅	yu yin niao niao	1
作如是观	zuo ru shi guan	11
你唱我和	ni chang wo he	1
你言我语	ni yan wo yu	6
佳偶天成	jia ou tian cheng	8
依样画葫芦	yi yang hua hu lu	7
依法炮制	yi fa pao zhi	5
依葫芦画瓢	yi hu lu hua piao	12
保存实力	bao cun shi li	33
信口胡言	xin kou hu yan	6
信口胡诌	xin kou hu zhou	5
信笔涂鸦	xin bi tu ya	6
俭以养德	jian yi yang de	6
修心养性	xiu xin yang xing	4
修桥补路	xiu qiao bu lu	3
修齐治平	xiu qi zhi ping	2
俯仰之间	fu yang zhi jian	2
俯仰无愧	fu yang wu kui	5
俯首听命	fu shou ting ming	1
倏忽之间	shu hu zhi jian	7
倚强凌弱	yi qiang ling ruo	1
借古喻今	jie gu yu jin	2
借坡下驴	jie po xia lv	7
借贷无门	jie dai wu men	7
债多不愁	zhai duo bu chou	4
倾囊相助	qing nang xiang zhu	3
假戏成真	jia xi cheng zhen	6
假手于人	jia shou yu ren	1
偏信则暗	pian xin ze an	1
偏安一隅	pian an yi yu	5
做一天和尚撞一天钟	zuo yi tian he shang zhuang yi tian zhong	8
做小动作	zuo xiao dong zuo	7
偷鸡不着蚀把米	tou ji bu zhao shi ba mi	3
傲慢无礼	ao man wu li	13
傲然屹立	ao ran yi li	1
傲然挺立	ao ran ting li	7
傲霜斗雪	ao shuang dou xue	6
儿女之情	er nv zhi qing	3
儿孙自有儿孙福	er sun zi you er sun fu	7
儿行千里母担忧	er xing qian li mu dan you	34
允执厥中	yun zhi jue zhong	9
兄友弟恭	xiong you di gong	14
兄弟阋于墙	xiong di xi yu qiang	1
充满生机	chong man sheng ji	25
先人后己	xian ren hou ji	2
先入之见	xian ru zhi jian	3
先公后私	xian gong hou si	1
先天下之忧而忧	xian tian xia zhi you er you	39
先小人后君子	xian xiao ren hou jun zi	6
先忧后乐	xian you hou le	2
光复旧物	guang fu jiu wu	7
光焰万丈	guang yan wan zhang	6
光荣岁月	guang rong sui yue	4
光辉夺目	guang hui duo mu	1
光阴荏苒	guang yin ren ran	14
光阴虚度	guang yin xu du	6
光风霁月	guang feng ji yue	7
克己复礼	ke ji fu li	7
克己慎行	ke ji shen xing	6
免开尊口	mian kai zun kou	5
兔子不吃窝边草	tu zi bu chi wo bian cao	1
入地无门	ru di wu men	6
入室弟子	ru shi di zi	28
全军覆灭	quan jun fu mie	16
全国一盘棋	quan guo yi pan qi	3
全心全力	quan xin quan li	8
全民皆兵	quan min jie bing	7
全盘托出	quan pan tuo chu	19
八万四千	ba wan si qian	36
八九不离十	ba jiu bu li shi	1
八仙过海各显神通	ba xian guo hai ge xian shen tong	9
八字没一撇	ba zi mei yi pie	47
八府巡按	ba fu xun an	3
八方支持	ba fang zhi chi	7
八方支援	ba fang zhi yuan	9
公平合理	gong ping he li	13
公平正直	gong ping zheng zhi	2
公正廉明	gong zheng lian ming	3
公正廉洁	gong zheng lian jie	3
公说公有理	gong shuo gong you li	20
公诸同好	gong zhu tong hao	2
公道合理	gong dao he li	3
六根清净	liu gen qing jing	23
六畜兴旺	liu chu xing wang	3
六道轮回	liu dao lun hui	23
关山阻隔	guan shan zu ge	6
关心民瘼	guan xin min mo	1
关怀备至	guan huai bei zhi	18
关门闭户	guan men bi hu	5
兴利除害	xing li chu hai	1
兴味索然	xing wei suo ran	2
兴国安邦	xing guo an bang	1
兴旺发达	xing wang fa da	12
兴致索然	xing zhi suo ran	6
兴趣盎然	xing qu ang ran	9
兵多将广	bing duo jiang guang	6
兵无常势	bing wu chang shi	2
兵来将挡	bing lai jiang dang	30
兵来将挡水来土掩	bing lai jiang dang shui lai tu yan	33
兵败如山倒	bing bai ru shan dao	11
兵连祸结	bing lian huo jie	7
兵马未动	bing ma wei dong	1
兵马未动粮草先行	bing ma wei dong liang cao xian xing	7
其不善者而改之	qi bu shan zhe er gai zhi	7
其奈我何	qi nai wo he	6
其实难副	qi shi nan fu	1
其言也善	qi yan ye shan	4
兹事体大	zi shi ti da	5
养儿防老	yang er fang lao	32
养兵千日	yang bing qian ri	2
养兵千日用兵一时	yang bing qian ri yong bing yi shi	7
养家活口	yang jia huo kou	9
养生之道	yang sheng zhi dao	44
养痈成患	yang yong cheng huan	8
养痈遗患	yang yong yi huan	9
养老送终	yang lao song zhong	23
养虎为患	yang hu wei huan	22
兼听则明	jian ting ze ming	14
兼善天下	jian shan tian xia	2
兼容并蓄	jian rong bing xu	20
兼济天下	jian ji tian xia	9
内圣外王	nei sheng wai wang	4
再造之恩	zai zao zhi en	2
冒天下之大不韪	mao tian xia zhi da bu wei	3
军容风纪	jun rong feng ji	6
冤家对头	yuan jia dui tou	8
冤有头债有主	yuan you tou zhai you zhu	22
冯唐易老	feng tang yi lao	7
冰冻三尺	bing dong san chi	9
冰冻三尺非一日之寒	bing dong san chi fei yi ri zhi han	11
冰雪严寒	bing xue yan han	2
冲冠一怒为红颜	chong guan yi nu wei hong yan	6
冲口而出	chong kou er chu	5
决一胜负	jue yi sheng fu	14
决胜于千里之外	jue sheng yu qian li zhi wai	1
决胜千里	jue sheng qian li	7
冷水浇头	leng shui jiao tou	1
冷眼相待	leng yan xiang dai	6
冷若冰霜	leng ruo bing shuang	19
凄风冷雨	qi feng leng yu	14
凌云之志	ling yun zhi zhi	6
凌云壮志	ling yun zhuang zhi	1
凤冠霞帔	feng guan xia pei	13
凤凰于飞	feng huang yu fei	2
凤凰来仪	feng huang lai yi	1
凭空捏造	ping kong nie zao	19
凭空臆造	ping kong yi zao	1
出乎意外	chu hu yi wai	12
出乎预料	chu hu yu liao	17
出于意外	chu yu yi wai	4
出于无奈	chu yu wu nai	13
出人意外	chu ren yi wai	6
出人意表	chu ren yi biao	24
出入人罪	chu ru ren zui	6
出头之日	chu tou zhi ri	2
出头的椽子先烂	chu tou de chuan zi xian lan	6
出师不利	chu shi bu li	22
出师无名	chu shi wu ming	3
出师有名	chu shi you ming	3
出敌不意	chu di bu yi	5
出水芙蓉	chu shui fu rong	35
出污泥而不染	chu wu ni er bu ran	16
出没无常	chu mo wu chang	2
击中要害	ji zhong yao hai	13
击楫中流	ji ji zhong liu	8
凿壁偷光	zao bi tou guang	16
刀下留人	dao xia liu ren	20
刀光血影	dao guang xue ying	6
刀枪入库	dao qiang ru ku	8
刀枪剑戟	dao qiang jian ji	3
分内之事	fen nei zhi shi	13
分化瓦解	fen hua wa jie	12
分外妖娆	fen wai yao rao	8
分家析产	fen jia xi chan	8
分文不值	fen wen bu zhi	5
分文不取	fen wen bu qu	10
分文未取	fen wen wei qu	5
分毫不差	fen hao bu cha	12
分身无术	fen shen wu shu	8
分进合击	fen jin he ji	11
切中时弊	qie zhong shi bi	6
切中要害	qie zhong yao hai	15
切磋琢磨	qie cuo zhuo mo	5
切齿痛恨	qie chi tong hen	5
创业维艰	chuang ye wei jian	8
创巨痛深	chuang ju tong shen	6
初生牛犊不怕虎	chu sheng niu du bu pa hu	22
初试啼声	chu shi ti sheng	29
初试锋芒	chu shi feng mang	7
判若云泥	pan ruo yun ni	3
判若霄壤	pan ruo xiao rang	1
刨根究底	pao gen jiu di	4
利害得失	li hai de shi	4
利害攸关	li hai you guan	1
利害相关	li hai xiang guan	3
利益均沾	li yi jun zhan	2
别出新意	bie chu xin yi	2
别无他物	bie wu ta wu	6
别有滋味	bie you zi wei	10
刺刀见红	ci dao jian hong	4
刻画入微	ke hua ru wei	6
刻苦耐劳	ke ku nai lao	7
刻骨仇恨	ke gu chou hen	3
削职为民	xue zhi wei min	14
前不着村后不着店	qian bu zhao cun hou bu zhao dian	23
前事不忘	qian shi bu wang	4
前事不忘后事之师	qian shi bu wang hou shi zhi shi	3
前人栽树	qian ren zai shu	6
前人栽树后人乘凉	qian ren zai shu hou ren cheng liang	8
前人种树后人乘凉	qian ren zhong shu hou ren cheng liang	1
前堵后追	qian du hou zhui	2
前怕狼后怕虎	qian pa lang hou pa hu	9
前无古人后无来者	qian wu gu ren hou wu lai zhe	31
前程万里	qian cheng wan li	2
前车可鉴	qian che ke jian	1
剑及履及	jian ji lv ji	2
剑胆琴心	jian dan qin xin	5
剥茧抽丝	bo jian chou si	8
割据一方	ge ju yi fang	15
劈风斩浪	pi feng zhan lang	6
力不能及	li bu neng ji	5
力不能支	li bu neng zhi	5
力所不及	li suo bu ji	6
力所不逮	li suo bu dai	7
力有未逮	li you wei dai	5
力透纸背	li tou zhi bei	6
功到自然成	gong dao zi ran cheng	6
功名利禄	gong ming li lu	15
功名富贵	gong ming fu gui	2
功夫之王	gong fu zhi wang	14
功臣自居	gong chen zi ju	7
功高震主	gong gao zhen zhu	4
加官进爵	jia guan jin jue	13
动之以情	dong zhi yi qing	26
动荡不定	dong dang bu ding	1
势单力孤	shi dan li gu	8
势如水火	shi ru shui huo	4
勃然变色	bo ran bian se	1
勇者不惧	yong zhe bu ju	5
勒索敲诈	le suo qiao zha	2
勤学好问	qin xue hao wen	12
勤能补拙	qin neng bu zhuo	38
勿以善小而不为	wu yi shan xiao er bu wei	25
勿以恶小而为之	wu yi e xiao er wei zhi	21
勿谓言之不预也	wu wei yan zhi bu yu ye	2
包办代替	bao ban dai ti	1
包罗万有	bao luo wan you	3
包藏祸心	bao cang huo xin	3
化敌为友	hua di wei you	26
化腐朽为神奇	hua fu xiu wei shen qi	31
化零为整	hua ling wei zheng	3
北门锁钥	bei men suo yue	6
匠心独具	jiang xin du ju	5
匹夫无罪	pi fu wu zui	1
匹夫有责	pi fu you ze	24
区区小事	qu qu xiao shi	3
十二万分	shi er wan fen	14
十二金钗	shi er jin chai	4
十八般兵器	shi ba ban bing qi	4
十字街口	shi zi jie kou	3
十年树木	shi nian shu mu	7
十年树木百年树人	shi nian shu mu bai nian shu ren	5
十年生聚	shi nian sheng ju	2
十有八九	shi you ba jiu	5
十目所视	shi mu suo shi	6
十里洋场	shi li yang chang	8
千人一面	qian ren yi mian	6
千依百顺	qian yi bai shun	5
千古不朽	qian gu bu xiu	6
千古绝唱	qian gu jue chang	5
千古罪人	qian gu zui ren	6
千叮万嘱	qian ding wan zhu	7
千回百转	qian hui bai zhuan	25
千姿万态	qian zi wan tai	6
千峰万壑	qian feng wan he	6
千年万载	qian nian wan zai	1
千斤重担	qian jin zhong dan	9
千沟万壑	qian gou wan he	3
千秋万世	qian qiu wan shi	5
千里之堤	qian li zhi di	10
千里之堤毁于蚁穴	qian li zhi di hui yu yi xue	8
千里之堤溃于蚁穴	qian li zhi di kui yu yi xue	8
千里之行	qian li zhi xing	11
千里之行始于足下	qian li zhi xing shi yu zu xia	9
千里姻缘一线牵	qian li yin yuan yi xian qian	13
千里送鹅毛	qian li song e mao	9
千金一诺	qian jin yi nuo	2
千金不换	qian jin bu huan	3
千门万户	qian men wan hu	7
千难万苦	qian nan wan ku	6
千难万难	qian nan wan nan	4
半丝半缕	ban si ban lv	1
半壁江山	ban bi jiang shan	9
半壁河山	ban bi he shan	6
半懂不懂	ban dong bu dong	8
半文半白	ban wen ban bai	4
半斤对八两	ban jin dui ba liang	7
半新半旧	ban xin ban jiu	6
半生半熟	ban sheng ban shu	4
半真半假	ban zhen ban jia	25
半部论语治天下	ban bu lun yu zhi tian xia	2
半饥半饱	ban ji ban bao	1
协力同心	xie li tong xin	2
卑之无甚高论	bei zhi wu shen gao lun	6
卑鄙无耻	bei bi wu chi	7
卑鄙龌龊	bei bi wo chuo	1
卓然不群	zhuo ran bu qun	6
单丝不成线	dan si bu cheng xian	7
单人匹马	dan ren pi ma	10
单刀赴会	dan dao fu hui	13
卖儿卖女	mai er mai nv	6
卖弄风骚	mai nong feng sao	2
卖文为生	mai wen wei sheng	3
南征北讨	nan zheng bei tao	4
南橘北枳	nan ju bei zhi	4
南船北马	nan chuan bei ma	1
南郭先生	nan guo xian sheng	2
博学多闻	bo xue duo wen	29
博拉尔德	bo la er de	1
博采众议	bo cai zhong yi	6
博闻强识	bo wen qiang zhi	9
危急存亡	wei ji cun wang	4
危急存亡之秋	wei ji cun wang zhi qiu	8
即兴之作	ji xing zhi zuo	2
历久弥坚	li jiu mi jian	2
历历可数	li li ke shu	1
历历可见	li li ke jian	1
历尽沧桑	li jin cang sang	15
厉行节约	li xing jie yue	10
厚今薄古	hou jin bo gu	3
厚德载物	hou de zai wu	29
原封未动	yuan feng wei dong	1
去头去尾	qu tou qu wei	7
参差不一	cen ci bu yi	1
参差错落	cen ci cuo luo	1
又见一帘幽梦	you jian yi lian you meng	13
双管猎枪	shuang guan lie qiang	4
反哺之情	fan bu zhi qing	6
反复推敲	fan fu tui qiao	12
反躬自省	fan gong zi xing	3
反骄破满	fan jiao po man	6
取义成仁	qu yi cheng ren	2
取之不尽	qu zhi bu jin	16
取之不尽用之不竭	qu zhi bu jin yong zhi bu jie	6
取之不竭	qu zhi bu jie	3
取信于人	qu xin yu ren	7
取其精华去其糟粕	qu qi jing hua qu qi zao po	8
取精用宏	qu jing yong hong	1
受制于人	shou zhi yu ren	11
变动不居	bian dong bu ju	9
变化无穷	bian hua wu qiong	7
变化莫测	bian hua mo ce	34
变幻无常	bian huan wu chang	25
变幻无穷	bian huan wu qiong	6
口不择言	kou bu ze yan	45
口出不逊	kou chu bu xun	6
口口相传	kou kou xiang chuan	34
口含天宪	kou han tian xian	6
口惠而实不至	kou hui er shi bu zhi	10
口齿伶俐	kou chi ling li	23
古今中外	gu jin zhong wai	44
古圣先贤	gu sheng xian xian	5
古木参天	gu mu can tian	9
古稀之年	gu xi zhi nian	12
另眼相待	ling yan xiang dai	3
另请高明	ling qing gao ming	19
另谋高就	ling mou gao jiu	14
叨陪末座	tao pei mo zuo	6
只欠东风	zhi qian dong feng	14
只此一家	zhi ci yi jia	17
只此一家别无分店	zhi ci yi jia bie wu fen dian	6
只知其一不知其二	zhi zhi qi yi bu zhi qi er	2
只见树木	zhi jian shu mu	1
只见树木不见森林	zhi jian shu mu bu jian sen lin	8
只许州官放火	zhi xu zhou guan fang huo	33
可乘之隙	ke cheng zhi xi	6
可望不可即	ke wang bu ke ji	17
史不绝书	shi bu jue shu	2
号啕大哭	hao tao da ku	13
司马昭之心路人皆知	si ma zhao zhi xin lu ren jie zhi	7
吃不了兜着走	chi bu liao dou zhe zou	28
吃穿用度	chi chuan yong du	11
吃软不吃硬	chi ruan bu chi ying	23
各不相让	ge bu xiang rang	3
各为其主	ge wei qi zhu	11
各人自扫门前雪	ge ren zi sao men qian xue	2
各取所长	ge qu suo chang	1
各执己见	ge zhi ji jian	8
各显其能	ge xian qi neng	1
各有所短	ge you suo duan	1
各色人等	ge se ren deng	7
各色各样	ge se ge yang	6
吉凶未卜	ji xiong wei bu	1
吉凶祸福	ji xiong huo fu	8
吉日良辰	ji ri liang chen	4
吉星高照	ji xing gao zhao	21
同声同气	tong sheng tong qi	10
同声相应	tong sheng xiang ying	2
同床共枕	tong chuang gong zhen	8
同心共济	tong xin gong ji	7
同心合力	tong xin he li	6
同心戮力	tong xin lu li	1
同日而语	tong ri er yu	4
同气相求	tong qi xiang qiu	2
同气连枝	tong qi lian zhi	4
同轴电缆	tong zhou dian lan	30
名不正言不顺	ming bu zheng yan bu shun	13
名利兼收	ming li jian shou	1
名利双收	ming li shuang shou	25
名士风流	ming shi feng liu	1
名实相副	ming shi xiang fu	2
名山胜水	ming shan sheng shui	6
名师出高徒	ming shi chu gao tu	43
名扬天下	ming yang tian xia	13
名目繁多	ming mu fan duo	10
名缰利锁	ming jiang li suo	7
名重一时	ming zhong yi shi	5
名门闺秀	ming men gui xiu	4
名闻天下	ming wen tian xia	4
名震一时	ming zhen yi shi	5
后人乘凉	hou ren cheng liang	5
后天下之乐而乐	hou tian xia zhi le er le	17
后悔不及	hou hui bu ji	4
后患无穷	hou huan wu qiong	32
后来者居上	hou lai zhe ju shang	18
后浪推前浪	hou lang tui qian lang	25
后生小子	hou sheng xiao zi	6
后继无人	hou ji wu ren	16
后继有人	hou ji you ren	40
吐气扬眉	tu qi yang mei	1
君子一言	jun zi yi yan	39
君子之交	jun zi zhi jiao	24
君子固穷	jun zi gu qiong	1
君子好逑	jun zi hao qiu	25
君臣佐使	jun chen zuo shi	7
含笑九泉	han xiao jiu quan	20
含苞欲放	han bao yu fang	10
含英咀华	han ying ju hua	2
听其言而观其行	ting qi yan er guan qi xing	6
吴下阿蒙	wu xia a meng	1
吴头楚尾	wu tou chu wei	2
吴带当风	wu dai dang feng	3
吹牛拍马	chui niu pai ma	1
吹皱一池春水	chui zhou yi chi chun shui	2
吹糠见米	chui kang jian mi	8
吹面不寒杨柳风	chui mian bu han yang liu feng	2
告贷无门	gao dai wu men	6
呢喃细语	ni nan xi yu	2
周公吐哺	zhou gong tu bu	2
味如嚼蜡	wei ru jiao la	7
呵欠连天	he qian lian tian	6
呼朋唤友	hu peng huan you	23
命丧黄泉	ming sang huang quan	4
和气致祥	he qi zhi xiang	1
和而不同	he er bu tong	10
和衣而卧	he yi er wo	8
咸与维新	xian yu wei xin	6
哀哀父母	ai ai fu mu	6
哀而不伤	ai er bu shang	11
哀莫大于心死	ai mo da yu xin si	29
哀鸿遍野	ai hong bian ye	6
哭天喊地	ku tian han di	34
唠唠叨叨	lao lao dao dao	31
唾面自干	tuo mian zi gan	7
啃硬骨头	ken ying gu tou	13
啧啧称奇	ze ze cheng qi	18
啧啧称赞	ze ze cheng zan	2
喃喃细语	nan nan xi yu	3
喃喃自语	nan nan zi yu	32
喊冤叫屈	han yuan jiao qu	8
喘息未定	chuan xi wei ding	2
喜不自胜	xi bu zi sheng	6
喜怒不形于色	xi nu bu xing yu se	14
喜逐颜开	xi zhu yan kai	1
喟然长叹	kui ran chang tan	6
喷薄欲出	pen bo yu chu	1
嘉言懿行	jia yan yi xing	1
嘤其鸣矣	ying qi ming yi	6
器宇轩昂	qi yu xuan ang	4
嚣张一时	xiao zhang yi shi	6
囊中取物	nang zhong qu wu	6
囊萤映雪	nang ying ying xue	6
四体不勤	si ti bu qin	5
四体不勤五谷不分	si ti bu qin wu gu bu fen	9
四方八面	si fang ba mian	9
四时八节	si shi ba jie	3
四海之内皆兄弟	si hai zhi nei jie xiong di	9
四海升平	si hai sheng ping	2
四肢百骸	si zhi bai hai	7
四面出击	si mian chu ji	2
四面受敌	si mian shou di	9
回天之力	hui tian zhi li	9
回天乏术	hui tian fa shu	22
回天无力	hui tian wu li	11
因循苟且	yin xun gou qie	6
固执己见	gu zhi ji jian	28
国仇家恨	guo chou jia hen	13
国家兴亡匹夫有责	guo jia xing wang pi fu you ze	7
国家栋梁	guo jia dong liang	29
国将不国	guo jiang bu guo	6
国无宁日	guo wu ning ri	7
国而忘家	guo er wang jia	6
国难当头	guo nan dang tou	10
图穷匕见	tu qiong bi xian	3
图穷匕首见	tu qiong bi shou xian	6
图财害命	tu cai hai ming	1
土洋结合	tu yang jie he	8
在此一举	zai ci yi ju	14
地利不如人和	di li bu ru ren he	1
地利人和	di li ren he	7
地动山摇	di dong shan yao	25
地覆天翻	di fu tian fan	6
坎坷不平	kan ke bu ping	11
坐拥书城	zuo yong shu cheng	6
坐收渔人之利	zuo shou yu ren zhi li	3
坐言起行	zuo yan qi xing	1
坚定意志	jian ding yi zhi	19
坚强不屈	jian qiang bu qu	6
坚苦卓绝	jian ku zhuo jue	1
坚贞不渝	jian zhen bu yu	6
坦然自若	tan ran zi ruo	4
垂手可得	chui shou ke de	7
埋头苦干	mai tou ku gan	14
城门失火	cheng men shi huo	5
城门失火殃及池鱼	cheng men shi huo yang ji chi yu	1
堂皇富丽	tang huang fu li	7
堆积如山	dui ji ru shan	49
塞上江南	sai shang jiang nan	4
塞北江南	sai bei jiang nan	1
填海造地	tian hai zao di	23
墙头马上	qiang tou ma shang	1
墙里开花墙外香	qiang li kai hua qiang wai xiang	5
壁垒分明	bi lei fen ming	6
壁立千仞	bi li qian ren	5
士为知己者死	shi wei zhi ji zhe si	2
士农工商	shi nong gong shang	8
士别三日	shi bie san ri	1
士可杀不可辱	shi ke sha bu ke ru	21
壮士断腕	zhuang shi duan wan	9
壮心不已	zhuang xin bu yi	23
壮志凌云	zhuang zhi ling yun	19
壮志豪情	zhuang zhi hao qing	8
声如洪钟	sheng ru hong zhong	6
声气相通	sheng qi xiang tong	2
声誉鹊起	sheng yu que qi	1
备而不用	bei er bu yong	2
夏日炎炎	xia ri yan yan	26
夏虫不可语冰	xia chong bu ke yu bing	47
外刚内柔	wai gang nei rou	21
外圆内方	wai yuan nei fang	9
外方内圆	wai fang nei yuan	6
外柔内刚	wai rou nei gang	14
夙夜匪懈	su ye fei xie	3
夙夜在公	su ye zai gong	1
多一事不如少一事	duo yi shi bu ru shao yi shi	41
多不胜数	duo bu sheng shu	22
多行不义必自毙	duo xing bu yi bi zi bi	27
多言多语	duo yan duo yu	6
多费口舌	duo fei kou she	18
夜不成寐	ye bu cheng mei	1
夜阑人静	ye lan ren jing	6
大中至正	da zhong zhi zheng	10
大事化小小事化了	da shi hua xiao xiao shi hua liao	11
大人先生	da ren xian sheng	6
大仁大义	da ren da yi	1
大动肝火	da dong gan huo	1
大厦将倾	da sha jiang qing	3
大发议论	da fa yi lun	1
大呼小叫	da hu xiao jiao	39
大喝一声	da he yi sheng	9
大嚷大叫	da rang da jiao	6
大地回春	da di hui chun	16
大地春回	da di chun hui	2
大声疾呼	da sheng ji hu	34
大处着眼	da chu zhuo yan	11
大头小尾	da tou xiao wei	7
大家风范	da jia feng fan	20
大将风度	da jiang feng du	13
大展宏图	da zhan hong tu	39
大巧若拙	da qiao ruo zhuo	4
大度包容	da du bao rong	2
大开大合	da kai da he	7
大张声势	da zhang sheng shi	6
大张挞伐	da zhang ta fa	6
大得人心	da de ren xin	1
大放光明	da fang guang ming	2
大放悲声	da fang bei sheng	6
大智大勇	da zhi da yong	2
大有其人	da you qi ren	6
大有可观	da you ke guan	3
大有所为	da you suo wei	2
大有裨益	da you bi yi	15
大有起色	da you qi se	1
大权在握	da quan zai wo	19
大权旁落	da quan pang luo	9
大权独揽	da quan du lan	8
大树底下好乘凉	da shu di xia hao cheng liang	7
大水冲了龙王庙	da shui chong le long wang miao	14
大江东去	da jiang dong qu	27
大浪淘沙	da lang tao sha	49
大禹治水	da yu zhi shui	36
大笔一挥	da bi yi hui	7
大红大绿	da hong da lv	31
大肆挥霍	da si hui huo	4
大肆铺张	da si pu zhang	6
大费周折	da fei zhou zhe	4
大门不出二门不迈	da men bu chu er men bu mai	35
大雨如注	da yu ru zhu	4
大雨滂沱	da yu pang tuo	46
大音希声	da yin xi sheng	4
大题小做	da ti xiao zuo	8
天下一家	tian xia yi jia	8
天下为公	tian xia wei gong	8
天下乌鸦一般黑	tian xia wu ya yi ban hei	48
天下兴亡	tian xia xing wang	9
天下兴亡匹夫有责	tian xia xing wang pi fu you ze	4
天下归心	tian xia gui xin	4
天下无双	tian xia wu shuang	35
天下无难事	tian xia wu nan shi	5
天下本无事	tian xia ben wu shi	3
天不作美	tian bu zuo mei	1
天不假年	tian bu jia nian	1
天人之际	tian ren zhi ji	3
天地不容	tian di bu rong	6
天堂地狱	tian tang di yu	15
天外飞来	tian wai fei lai	6
天摇地动	tian yao di dong	14
天无绝人之路	tian wu jue ren zhi lu	21
天时不如地利	tian shi bu ru di li	1
天有不测风云	tian you bu ce feng yun	42
天朗气清	tian lang qi qing	30
天涯咫尺	tian ya zhi chi	20
天清气朗	tian qing qi lang	4
天王老子	tian wang lao zi	21
天理人情	tian li ren qing	6
天理昭昭	tian li zhao zhao	1
天理良心	tian li liang xin	5
天知地知	tian zhi di zhi	24
天知地知你知我知	tian zhi di zhi ni zhi wo zhi	23
天网恢恢疏而不漏	tian wang hui hui shu er bu lou	5
天若有情天亦老	tian ruo you qing tian yi lao	41
天随人愿	tian sui ren yuan	5
天高皇帝远	tian gao huang di yuan	30
太岁头上动土	tai sui tou shang dong tu	3
太平无事	tai ping wu shi	9
太平盛世	tai ping sheng shi	32
夫妻反目	fu qi fan mu	8
夫子自道	fu zi zi dao	2
夫贵妻荣	fu gui qi rong	6
失之东隅	shi zhi dong yu	9
失之东隅收之桑榆	shi zhi dong yu shou zhi sang yu	6
失之毫厘	shi zhi hao li	3
失败为成功之母	shi bai wei cheng gong zhi mu	2
失败是成功之母	shi bai shi cheng gong zhi mu	27
头悬梁锥刺股	tou xuan liang zhui ci gu	17
头昏目眩	tou hun mu xuan	1
头晕眼花	tou yun yan hua	1
头痛医头	tou tong yi tou	12
头痛医头脚痛医脚	tou tong yi tou jiao tong yi jiao	10
头痛脑热	tou tong nao re	2
头角峥嵘	tou jiao zheng rong	1
夸父追日	kua fu zhui ri	2
夸父逐日	kua fu zhu ri	7
夹枪带棒	jia qiang dai bang	4
夹道欢呼	jia dao huan hu	2
奇思妙想	qi si miao xiang	49
奇技淫巧	qi ji yin qiao	1
奇花异卉	qi hua yi hui	3
奇风异俗	qi feng yi su	6
奉为圭臬	feng wei gui nie	7
奉为楷模	feng wei kai mo	6
奉为至宝	feng wei zhi bao	7
奉天承运	feng tian cheng yun	3
奔波劳碌	ben bo lao lu	27
奔流不息	ben liu bu xi	4
奔腾澎湃	ben teng peng pai	6
奖罚分明	jiang fa fen ming	2
女大当嫁	nv da dang jia	14
女娲补天	nv wa bu tian	17
女流之辈	nv liu zhi bei	9
奸淫掳掠	jian yin lu lve	12
好事不出门	hao shi bu chu men	36
好事之徒	hao shi zhi tu	4
好人难做	hao ren nan zuo	43
好勇斗狠	hao yong dou hen	9
好善乐施	hao shan le shi	3
好学不倦	hao xue bu juan	16
好学深思	hao xue shen si	1
好整以暇	hao zheng yi xia	2
好汉不吃眼前亏	hao han bu chi yan qian kui	11
好生之德	hao sheng zhi de	11
好色之徒	hao se zhi tu	6
好言好语	hao yan hao yu	16
好骑者堕	hao qi zhe duo	6
如临深渊如履薄冰	ru lin shen yuan ru lv bo bing	6
如之奈何	ru zhi nai he	3
如入无人之境	ru ru wu ren zhi jing	9
如切如磋	ru qie ru cuo	8
如坐春风	ru zuo chun feng	1
如是我闻	ru shi wo wen	11
如梦方醒	ru meng fang xing	1
如椽之笔	ru chuan zhi bi	6
如烹小鲜	ru peng xiao xian	1
如痴如狂	ru chi ru kuang	4
如簧之舌	ru huang zhi she	6
如芒刺背	ru mang ci bei	5
如见其人	ru jian qi ren	4
如诉如泣	ru su ru qi	1
如闻其声	ru wen qi sheng	6
如鲠在喉	ru geng zai hou	29
妇人之仁	fu ren zhi ren	10
妙手偶得	miao shou ou de	2
妙语如珠	miao yu ru zhu	1
妙语连珠	miao yu lian zhu	30
始乱终弃	shi luan zhong qi	46
始于足下	shi yu zu xia	11
始终不懈	shi zhong bu xie	7
姑妄听之	gu wang ting zhi	8
姓甚名谁	xing shen ming shui	22
姜太公钓鱼	jiang tai gong diao yu	17
姜是老的辣	jiang shi lao de la	7
姿态万千	zi tai wan qian	4
威武不能屈	wei wu bu neng qu	11
威胁利诱	wei xie li you	19
威震天下	wei zhen tian xia	3
威风八面	wei feng ba mian	9
娓娓而谈	wei wei er tan	8
婆娑起舞	po suo qi wu	6
媒妁之言	mei shuo zhi yan	15
嫁狗随狗	jia gou sui gou	2
嫁祸于人	jia huo yu ren	3
嫁鸡随鸡嫁狗随狗	jia ji sui ji jia gou sui gou	6
嫌贫爱富	xian pin ai fu	32
嬉笑怒骂皆成文章	xi xiao nu ma jie cheng wen zhang	2
子为父隐	zi wei fu yin	2
子曰诗云	zi yue shi yun	6
孔孟之道	kong meng zhi dao	8
存乎一心	cun hu yi xin	1
存亡绝续	cun wang jue xu	3
存亡续绝	cun wang xu jue	1
存心不良	cun xin bu liang	3
存而不论	cun er bu lun	3
孜孜矻矻	zi zi ku ku	3
孝悌忠信	xiao ti zhong xin	2
孟母三迁	meng mu san qian	10
孟母择邻	meng mu ze lin	6
孤儿寡妇	gu er gua fu	5
孤军作战	gu jun zuo zhan	15
孤军深入	gu jun shen ru	25
孤立无助	gu li wu zhu	3
学然后知不足	xue ran hou zhi bu zu	6
学而优则仕	xue er you ze shi	1
学而时习之	xue er shi xi zhi	1
学非所用	xue fei suo yong	2
孰不可忍	shu bu ke ren	6
孰能无过	shu neng wu guo	18
宁为玉碎	ning wei yu sui	9
宁为玉碎不为瓦全	ning wei yu sui bu wei wa quan	5
宁折不弯	ning zhe bu wan	6
宁静致远	ning jing zhi yuan	49
它山之石可以攻玉	ta shan zhi shi ke yi gong yu	1
守土有责	shou tu you ze	4
安不忘危	an bu wang wei	1
安内攘外	an nei rang wai	1
安危与共	an wei yu gong	1
安家乐业	an jia le ye	2
安家立业	an jia li ye	4
安家落户	an jia luo hu	19
安然无事	an ran wu shi	10
安邦定国	an bang ding guo	2
安邦治国	an bang zhi guo	1
完好无缺	wan hao wu que	30
宏图大志	hong tu da zhi	7
宏图大略	hong tu da lve	1
官官相卫	guan guan xiang wei	6
定于一尊	ding yu yi zun	21
定国安邦	ding guo an bang	9
宛转悠扬	wan zhuan you yang	1
宜室宜家	yi shi yi jia	7
宝刀不老	bao dao bu lao	21
宝马香车	bao ma xiang che	4
宠辱皆忘	chong ru jie wang	2
客死他乡	ke si ta xiang	7
客随主便	ke sui zhu bian	9
宦海浮沉	huan hai fu chen	6
家书抵万金	jia shu di wan jin	1
家人父子	jia ren fu zi	6
家学渊源	jia xue yuan yuan	10
家财万贯	jia cai wan guan	33
家贫如洗	jia pin ru xi	1
家贼难防	jia zei nan fang	10
宽宏大度	kuan hong da du	2
宾客如云	bin ke ru yun	6
宾客盈门	bin ke ying men	3
宾朋满座	bin peng man zuo	8
寂寂无闻	ji ji wu wen	8
寂然无声	ji ran wu sheng	6
密不通风	mi bu tong feng	1
密锣紧鼓	mi luo jin gu	4
富商巨贾	fu shang ju gu	2
富国强民	fu guo qiang min	2
富甲一方	fu jia yi fang	39
富而好礼	fu er hao li	2
富贵不淫	fu gui bu yin	6
富贵不能淫	fu gui bu neng yin	9
富贵吉祥	fu gui ji xiang	4
富贵在天	fu gui zai tian	11
富贵荣华	fu gui rong hua	14
富贵逼人	fu gui bi ren	6
寓情于景	yu qing yu jing	1
寓意深远	yu yi shen yuan	5
寓意深长	yu yi shen chang	4
寝不安席	qin bu an xi	3
寥寥可数	liao liao ke shu	16
寸土不让	cun tu bu rang	5
寸有所长	cun you suo chang	2
寸步难移	cun bu nan yi	3
寸草春晖	cun cao chun hui	7
对天发誓	dui tian fa shi	34
对症之药	dui zheng zhi yao	1
对症用药	dui zheng yong yao	8
寻幽探胜	xun you tan sheng	6
寻根问底	xun gen wen di	4
寻踪觅迹	xun zong mi ji	7
寿山福海	shou shan fu hai	1
封疆大吏	feng jiang da li	4
射人先射马	she ren xian she ma	1
将功折罪	jiang gong zhe zui	2
将本求利	jiang ben qiu li	1
将欲取之	jiang yu qu zhi	2
将熊熊一窝	jiang xiong xiong yi wo	6
将门虎子	jiang men hu zi	2
小不忍则乱大谋	xiao bu ren ze luan da mou	44
小国寡民	xiao guo gua min	4
小康之家	xiao kang zhi jia	18
小惩大诫	xiao cheng da jie	3
小时了了	xiao shi liao liao	6
小脚女人	xiao jiao nv ren	2
少不经事	shao bu jing shi	5
少年夫妻老来伴	shao nian fu qi lao lai ban	4
尔俸尔禄	er feng er lu	2
尺寸之功	chi cun zhi gong	7
尺有所短	chi you suo duan	2
尽信书不如无书	jin xin shu bu ru wu shu	5
尽释前嫌	jin shi qian xian	5
局促不安	ju cu bu an	5
居功厥伟	ju gong jue wei	7
居功自傲	ju gong zi ao	4
居大不易	ju da bu yi	2
居无求安	ju wu qiu an	3
屏声静气	bing sheng jing qi	6
屏气凝神	bing qi ning shen	2
展翅高飞	zhan chi gao fei	43
履险如夷	lv xian ru yi	6
山乡巨变	shan xiang ju bian	1
山崩地裂	shan beng di lie	21
山摇地动	shan yao di dong	7
山明水秀	shan ming shui xiu	19
山水相连	shan shui xiang lian	6
山重水复	shan chong shui fu	10
山长水远	shan chang shui yuan	42
山雨欲来风满楼	shan yu yu lai feng man lou	16
山高水远	shan gao shui yuan	23
山高水长	shan gao shui chang	28
山高皇帝远	shan gao huang di yuan	17
山鸣谷应	shan ming gu ying	6
岁寒三友	sui han san you	11
岁寒知松柏	sui han zhi song bai	6
岁月不居	sui yue bu ju	2
岁月峥嵘	sui yue zheng rong	1
岁月蹉跎	sui yue cuo tuo	46
峨冠博带	e guan bo dai	1
崎岖不平	qi qu bu ping	40
崛地而起	jue di er qi	7
巍然屹立	wei ran yi li	11
州官放火	zhou guan fang huo	7
工欲善其事	gong yu shan qi shi	28
左右两难	zuo you liang nan	2
左邻右里	zuo lin you li	5
巧妇难为无米之炊	qiao fu nan wei wu mi zhi chui	30
巨细无遗	ju xi wu yi	9
巫山云雨	wu shan yun yu	11
差之毫厘	cha zhi hao li	9
差之毫厘谬以千里	cha zhi hao li miu yi qian li	5
巴山夜雨	ba shan ye yu	17
巾帼英雄	jin guo ying xiong	36
市井无赖	shi jing wu lai	3
师出有名	shi chu you ming	5
常胜将军	chang sheng jiang jun	16
幕天席地	mu tian xi di	2
干净利索	gan jing li suo	1
干卿何事	gan qing he shi	6
干打雷不下雨	gan da lei bu xia yu	8
干脆利索	gan cui li suo	1
平地一声雷	ping di yi sheng lei	7
平时不烧香	ping shi bu shao xiang	5
平等互惠	ping deng hu hui	7
年幼无知	nian you wu zhi	30
年深月久	nian shen yue jiu	2
年老色衰	nian lao se shuai	2
年轻力壮	nian qing li zhuang	48
年近古稀	nian jin gu xi	2
年近花甲	nian jin hua jia	3
年逾不惑	nian yu bu huo	1
年逾古稀	nian yu gu xi	3
年逾花甲	nian yu hua jia	1
广征博引	guang zheng bo yin	1
广袤无垠	guang mao wu yin	5
庄周梦蝶	zhuang zhou meng die	8
庆父不死	qing fu bu si	5
庐山真面	lu shan zhen mian	7
应付自如	ying fu zi ru	3
应对如流	ying dui ru liu	1
应答如流	ying da ru liu	2
庖丁解牛	pao ding jie niu	4
废话连篇	fei hua lian pian	28
庸庸碌碌	yong yong lu lu	20
开卷有益	kai juan you yi	19
开合自如	kai he zi ru	6
开国元老	kai guo yuan lao	2
开山鼻祖	kai shan bi zu	18
开弓没有回头箭	kai gong mei you hui tou jian	11
开怀畅饮	kai huai chang yin	15
开物成务	kai wu cheng wu	7
开疆拓土	kai jiang tuo tu	13
开疆辟土	kai jiang pi tu	4
开科取士	kai ke qu shi	4
开花结实	kai hua jie shi	2
开路先锋	kai lu xian feng	37
开门七件事	kai men qi jian shi	10
开阔眼界	kai kuo yan jie	23
异香扑鼻	yi xiang pu bi	6
弃之可惜	qi zhi ke xi	47
弃如敝屣	qi ru bi xi	1
弃恶从善	qi e cong shan	7
弃笔从戎	qi bi cong rong	5
弃若敝屣	qi ruo bi xi	2
弄巧反拙	nong qiao fan zhuo	4
弊绝风清	bi jue feng qing	9
引以为憾	yin yi wei han	1
引以为耻	yin yi wei chi	10
引车卖浆	yin che mai jiang	8
弥天大祸	mi tian da huo	1
弦外之意	xian wai zhi yi	2
弹尽援绝	dan jin yuan jue	5
弹指之间	tan zhi zhi jian	3
强中更有强中手	qiang zhong geng you qiang zhong shou	3
强中自有强中手	qiang zhong zi you qiang zhong shou	17
强国富民	qiang guo fu min	2
强奸民意	qiang jian min yi	7
强将手下无弱兵	qiang jiang shou xia wu ruo bing	5
强龙不压地头蛇	qiang long bu ya di tou she	4
归去来兮	gui qu lai xi	23
归根结蒂	gui gen jie di	1
当一天和尚撞一天钟	dang yi tian he shang zhuang yi tian zhong	7
当众出丑	dang zhong chu chou	4
当断不断	dang duan bu duan	45
当替罪羊	dang ti zui yang	3
当耳旁风	dang er pang feng	13
当耳边风	dang er bian feng	13
当面锣对面鼓	dang mian luo dui mian gu	7
形只影单	xing zhi ying dan	2
形容憔悴	xing rong qiao cui	1
形格势禁	xing ge shi jin	6
形迹可疑	xing ji ke yi	21
形销骨立	xing xiao gu li	2
彻底澄清	che di cheng qing	7
待人接物	dai ren jie wu	47
待字闺中	dai zi gui zhong	23
徇情枉法	xun qing wang fa	2
徒劳无益	tu lao wu yi	10
徒有其名	tu you qi ming	3
得失成败	de shi cheng bai	3
得意之作	de yi zhi zuo	16
得意之笔	de yi zhi bi	7
得意之色	de yi zhi se	1
得意门生	de yi men sheng	49
得道多助	de dao duo zhu	4
徘徊不前	pai huai bu qian	7
徘徊观望	pai huai guan wang	7
心中无数	xin zhong wu shu	2
心口不一	xin kou bu yi	47
心如死灰	xin ru si hui	5
心心相通	xin xin xiang tong	6
心怀忐忑	xin huai tan te	1
心急如火	xin ji ru huo	6
心惊胆寒	xin jing dan han	4
心旌摇曳	xin jing yao ye	1
心无挂碍	xin wu gua ai	1
心有余而力不足	xin you yu er li bu zu	3
心比天高	xin bi tian gao	41
心浮气躁	xin fu qi zao	34
心焦如焚	xin jiao ru fen	1
心病还须心药医	xin bing huan xu xin yao yi	9
心神不定	xin shen bu ding	14
心神恍惚	xin shen huang hu	3
心细如发	xin xi ru fa	8
心腹大患	xin fu da huan	10
心醉神迷	xin zui shen mi	18
心高气傲	xin gao qi ao	33
必争之地	bi zheng zhi di	33
必先利其器	bi xian li qi qi	30
必有一失	bi you yi shi	10
必有勇夫	bi you yong fu	2
必有我师	bi you wo shi	2
必有近忧	bi you jin you	10
忍辱偷生	ren ru tou sheng	3
志在千里	zhi zai qian li	35
忘战必危	wang zhan bi wei	2
忙中出错	mang zhong chu cuo	5
忠孝两全	zhong xiao liang quan	3
忠孝节义	zhong xiao jie yi	19
忠肝义胆	zhong gan yi dan	15
忧谗畏讥	you chan wei ji	6
念兹在兹	nian zi zai zi	2
念念不舍	nian nian bu she	5
忸怩作态	niu ni zuo tai	1
忿忿不平	fen fen bu ping	20
怀忧丧志	huai you sang zhi	6
怀璧其罪	huai bi qi zui	5
怒气冲冲	nu qi chong chong	17
怒气冲天	nu qi chong tian	3
怒火冲天	nu huo chong tian	3
怒火攻心	nu huo gong xin	18
怡情养性	yi qing yang xing	8
怡然自乐	yi ran zi le	4
怡然自得	yi ran zi de	46
急不及待	ji bu ji dai	3
急人之困	ji ren zhi kun	6
急急如律令	ji ji ru lv ling	13
急赤白脸	ji chi bai lian	4
性命交关	xing ming jiao guan	6
怨天怨地	yuan tian yuan di	10
怨气冲天	yuan qi chong tian	1
怪力乱神	guai li luan shen	11
恍如梦境	huang ru meng jing	6
恍若隔世	huang ruo ge shi	20
恒河沙数	heng he sha shu	4
恣意妄为	zi yi wang wei	15
恩威并重	en wei bing zhong	5
恩怨分明	en yuan fen ming	5
恭敬不如从命	gong jing bu ru cong ming	39
恭贺新禧	gong he xin xi	32
恶意中伤	e yi zhong shang	43
恶语中伤	e yu zhong shang	12
恶语伤人	e yu shang ren	23
恶语相加	e yu xiang jia	37
悄然无声	qiao ran wu sheng	3
悔之不及	hui zhi bu ji	6
悔之晚矣	hui zhi wan yi	9
悔之莫及	hui zhi mo ji	1
悔恨交加	hui hen jiao jia	1
悔罪自新	hui zui zi xin	5
悠游自在	you you zi zai	3
患难之交	huan nan zhi jiao	5
患难夫妻	huan nan fu qi	7
患难相恤	huan nan xiang xu	5
悬崖峭壁	xuan ya qiao bi	37
悬梁刺股	xuan liang ci gu	14
悲喜交集	bei xi jiao ji	13
悲观厌世	bei guan yan shi	10
情意绵绵	qing yi mian mian	34
情深义重	qing shen yi zhong	24
惊叹不已	jing tan bu yi	14
惊喜交加	jing xi jiao jia	8
惊喜交集	jing xi jiao ji	1
惊喜若狂	jing xi ruo kuang	6
惊慌失色	jing huang shi se	7
惊才绝艳	jing cai jue yan	6
惊疑不定	jing yi bu ding	6
惊诧莫名	jing cha mo ming	8
惊魂不定	jing hun bu ding	1
惊魂未定	jing hun wei ding	47
惟利是图	wei li shi tu	9
惟命是从	wei ming shi cong	2
惟精惟一	wei jing wei yi	8
惠而不费	hui er bu fei	7
惠风和畅	hui feng he chang	14
惶恐不安	huang kong bu an	35
惶惶不可终日	huang huang bu ke zhong ri	4
惶惶不安	huang huang bu an	7
惹人注目	re ren zhu mu	8
愁云惨淡	chou yun can dan	4
愁眉不展	chou mei bu zhan	8
愁眉紧锁	chou mei jin suo	8
愁肠百结	chou chang bai jie	3
意义深长	yi yi shen chang	6
意在沛公	yi zai pei gong	1
愚昧无知	yu mei wu zhi	39
愧不敢当	kui bu gan dang	39
慌不择路	huang bu ze lu	14
慌作一团	huang zuo yi tuan	8
慌张失措	huang zhang shi cuo	2
慎始敬终	shen shi jing zhong	6
慎终如始	shen zhong ru shi	7
慎终追远	shen zhong zhui yuan	6
慎重其事	shen zhong qi shi	2
慢声细语	man sheng xi yu	1
慨当以慷	kai dang yi kang	6
慨然应允	kai ran ying yun	2
慷慨就义	kang kai jiu yi	2
慷慨悲歌	kang kai bei ge	9
慷慨激扬	kang kai ji yang	6
慷慨赴义	kang kai fu yi	6
憎爱分明	zeng ai fen ming	6
憨态可掬	han tai ke ju	25
戎马生涯	rong ma sheng ya	10
成也萧何	cheng ye xiao he	2
成也萧何败也萧何	cheng ye xiao he bai ye xiao he	2
成事不足	cheng shi bu zu	8
成事不足败事有余	cheng shi bu zu bai shi you yu	1
成事在人	cheng shi zai ren	4
成何体统	cheng he ti tong	44
成千成万	cheng qian cheng wan	2
成名成家	cheng ming cheng jia	1
成王败寇	cheng wang bai kou	43
成由勤俭败由奢	cheng you qin jian bai you she	9
成群结伙	cheng qun jie huo	1
成败利钝	cheng bai li dun	1
成败在此一举	cheng bai zai ci yi ju	12
成败得失	cheng bai de shi	6
成败萧何	cheng bai xiao he	7
我为鱼肉	wo wei yu rou	5
我见犹怜	wo jian you lian	28
戒备森严	jie bei sen yan	36
戒急用忍	jie ji yong ren	5
战天斗地	zhan tian dou di	3
战火纷飞	zhan huo fen fei	16
戮力同心	lu li tong xin	2
所答非所问	suo da fei suo wen	12
所费不赀	suo fei bu zi	7
扇枕温衾	shan zhen wen qin	6
手无缚鸡之力	shou wu fu ji zhi li	2
手胼足胝	shou pian zu zhi	6
手脚干净	shou jiao gan jing	6
才华出众	cai hua chu zhong	29
才德兼备	cai de jian bei	3
才情横溢	cai qing heng yi	1
打个照面	da ge zhao mian	10
打入另册	da ru ling ce	8
打开天窗说亮话	da kai tian chuang shuo liang hua	9
打得火热	da de huo re	48
打破常规	da po chang gui	29
打破沙锅问到底	da po sha guo wen dao di	9
打肿脸充胖子	da zhong lian chong pang zi	39
打蛇打七寸	da she da qi cun	3
打铁先得自身硬	da tie xian de zi shen ying	7
打铁趁热	da tie chen re	2
扬名四海	yang ming si hai	6
扬幡招魂	yang fan zhao hun	1
扬清抑浊	yang qing yi zhuo	6
扬清激浊	yang qing ji zhuo	5
扶危救困	fu wei jiu kun	7
扶弱抑强	fu ruo yi qiang	1
扶摇而上	fu yao er shang	7
扼腕叹息	e wan tan xi	5
扼腕长叹	e wan chang tan	2
承欢膝下	cheng huan xi xia	5
抑强扶弱	yi qiang fu ruo	2
抑郁寡欢	yi yu gua huan	1
投机钻营	tou ji zuan ying	11
投鞭断流	tou bian duan liu	7
抖擞精神	dou sou jing shen	4
抚今思昔	fu jin si xi	6
抚掌大笑	fu zhang da xiao	2
报仇雪耻	bao chou xue chi	3
报应不爽	bao ying bu shuang	6
披红戴花	pi hong dai hua	8
抱头大哭	bao tou da ku	8
抱成一团	bao cheng yi tuan	22
抱打不平	bao da bu ping	3
抱薪救火	bao xin jiu huo	1
抽丝剥茧	chou si bo jian	30
抽刀断水	chou dao duan shui	6
拂袖而去	fu xiu er qu	16
担当不起	dan dang bu qi	40
拆东墙补西墙	chai dong qiang bu xi qiang	8
拆东补西	chai dong bu xi	7
拈花一笑	nian hua yi xiao	5
拈花微笑	nian hua wei xiao	1
拉大旗作虎皮	la da qi zuo hu pi	1
拉拉杂杂	la la za za	1
拍板定案	pai ban ding an	10
拍案惊奇	pai an jing qi	16
拒人于千里之外	ju ren yu qian li zhi wai	4
拒人千里之外	ju ren qian li zhi wai	5
拔出萝卜带出泥	ba chu luo bo dai chu ni	1
拔刀相向	ba dao xiang xiang	15
招贤纳士	zhao xian na shi	4
招降纳叛	zhao xiang na pan	2
拣了芝麻丢了西瓜	jian le zhi ma diu le xi gua	1
拨云见日	bo yun jian ri	16
择优录取	ze you lu qu	32
择其善者而从之	ze qi shan zhe er cong zhi	1
择邻而居	ze lin er ju	1
拱手相让	gong shou xiang rang	20
拱手让人	gong shou rang ren	23
拳不离手	quan bu li shou	1
持盈保泰	chi ying bao tai	1
挂免战牌	gua mian zhan pai	1
挂冠求去	gua guan qiu qu	2
挈妇将雏	qie fu jiang chu	6
挖肉补疮	wa rou bu chuang	6
挟天子以令诸侯	xie tian zi yi ling zhu hou	4
挥霍无度	hui huo wu du	28
挨打受气	ai da shou qi	5
挨打受骂	ai da shou ma	6
挨门挨户	ai men ai hu	3
挨门逐户	ai men zhu hu	3
挫骨扬灰	cuo gu yang hui	26
振兴中华	zhen xing zhong hua	19
振振有辞	zhen zhen you ci	2
振臂一呼	zhen bi yi hu	9
捉刀代笔	zhuo dao dai bi	6
捉摸不定	zhuo mo bu ding	30
捏了一把汗	nie le yi ba han	13
损人害己	sun ren hai ji	1
损己利人	sun ji li ren	3
捧腹大笑	peng fu da xiao	21
捷报频传	jie bao pin chuan	2
授业解惑	shou ye jie huo	30
授人以柄	shou ren yi bing	8
授受不亲	shou shou bu qin	6
掎角之势	ji jiao zhi shi	9
排斥异己	pai chi yi ji	2
排除异己	pai chu yi ji	21
探赜索隐	tan ze suo yin	2
接连不断	jie lian bu duan	49
推三推四	tui san tui si	1
推崇备至	tui chong bei zhi	5
推本溯源	tui ben su yuan	6
推而广之	tui er guang zhi	10
掩鼻而过	yan bi er guo	9
掰开揉碎	bai kai rou sui	2
插翅难逃	cha chi nan tao	9
搬弄是非	ban nong shi fei	23
搬石砸脚	ban shi za jiao	1
摇头叹息	yao tou tan xi	10
摇摇摆摆	yao yao bai bai	3
摧眉折腰	cui mei zhe yao	13
摩肩擦踵	mo jian ca zhong	3
撒泼打滚	sa po da gun	1
撒豆成兵	sa dou cheng bing	3
操纵自如	cao zong zi ru	1
擒贼先擒王	qin zei xian qin wang	2
擒贼擒王	qin zei qin wang	6
擦脂抹粉	ca zhi mo fen	3
支吾其词	zhi wu qi ci	1
支支吾吾	zhi zhi wu wu	44
收之桑榆	shou zhi sang yu	11
收回成命	shou hui cheng ming	15
改名易姓	gai ming yi xing	5
改弦易张	gai xian yi zhang	7
改过迁善	gai guo qian shan	10
攻其一点不及其余	gong qi yi dian bu ji qi yu	6
攻其无备	gong qi wu bei	1
攻子之盾	gong zi zhi dun	2
攻心为上	gong xin wei shang	1
放下包袱	fang xia bao fu	30
放下屠刀立地成佛	fang xia tu dao li di cheng fo	32
放之四海而皆准	fang zhi si hai er jie zhun	6
放浪不羁	fang lang bu ji	23
放火烧山	fang huo shao shan	17
放眼世界	fang yan shi jie	15
放纵不羁	fang zong bu ji	31
放长线钓大鱼	fang chang xian diao da yu	26
放马后炮	fang ma hou pao	6
故作高深	gu zuo gao shen	11
故土难离	gu tu nan li	4
故技重演	gu ji chong yan	1
敌众我寡	di zhong wo gua	17
敏而好学	min er hao xue	12
救人一命	jiu ren yi ming	30
救急不救穷	jiu ji bu jiu qiong	17
救民于水火	jiu min yu shui huo	2
救灾恤患	jiu zai xu huan	1
敢作敢当	gan zuo gan dang	42
敢怒不敢言	gan nu bu gan yan	38
敢怒敢言	gan nu gan yan	4
敢怒而不敢言	gan nu er bu gan yan	3
敢想敢说	gan xiang gan shuo	2
敬业乐群	jing ye le qun	4
敬老尊贤	jing lao zun xian	1
敬若神明	jing ruo shen ming	1
敲骨吸髓	qiao gu xi sui	7
整军经武	zheng jun jing wu	3
整旧如新	zheng jiu ru xin	6
敷衍搪塞	fu yan tang se	8
文人学士	wen ren xue shi	4
文以载道	wen yi zai dao	2
文弱书生	wen ruo shu sheng	16
文情并茂	wen qing bing mao	2
文武之道	wen wu zhi dao	1
文武兼备	wen wu jian bei	10
文治武功	wen zhi wu gong	2
文理不通	wen li bu tong	3
文采风流	wen cai feng liu	1
文韬武略	wen tao wu lve	4
斗志昂扬	dou zhi ang yang	26
料峭春寒	liao qiao chun han	1
斜风细雨	xie feng xi yu	2
斩关夺隘	zhan guan duo ai	6
断井颓垣	duan jing tui yuan	1
断线风筝	duan xian feng zheng	5
断绝往来	duan jue wang lai	18
斯斯文文	si si wen wen	22
新人新事	xin ren xin shi	1
新仇旧恨	xin chou jiu hen	11
方便之门	fang bian zhi men	14
方寸之地	fang cun zhi di	3
旁枝末节	pang zhi mo jie	7
旁逸斜出	pang yi xie chu	7
旖旎风光	yi ni feng guang	2
无事生事	wu shi sheng shi	6
无人之地	wu ren zhi di	9
无人之境	wu ren zhi jing	25
无从置喙	wu cong zhi hui	7
无关大局	wu guan da ju	1
无出其右	wu chu qi you	17
无则加勉	wu ze jia mian	24
无可估量	wu ke gu liang	3
无可匹敌	wu ke pi di	10
无可名状	wu ke ming zhuang	1
无可奈何花落去	wu ke nai he hua luo qu	25
无可置喙	wu ke zhi hui	1
无名小卒	wu ming xiao zu	41
无名小辈	wu ming xiao bei	5
无头无尾	wu tou wu wei	4
无始无终	wu shi wu zhong	7
无官一身轻	wu guan yi shen qing	5
无容身之地	wu rong shen zhi di	7
无巧不成书	wu qiao bu cheng shu	28
无影无形	wu ying wu xing	2
无往不利	wu wang bu li	16
无心插柳柳成荫	wu xin cha liu liu cheng yin	9
无所不及	wu suo bu ji	8
无所不晓	wu suo bu xiao	3
无所不有	wu suo bu you	10
无所不通	wu suo bu tong	3
无所忌惮	wu suo ji dan	6
无敌于天下	wu di yu tian xia	2
无源之水	wu yuan zhi shui	1
无源之水无本之木	wu yuan zhi shui wu ben zhi mu	6
无用武之地	wu yong wu zhi di	27
无立足之地	wu li zu zhi di	4
无立锥之地	wu li zhui zhi di	2
无补于事	wu bu yu shi	12
无踪无影	wu zong wu ying	6
无边无垠	wu bian wu yin	6
无远弗届	wu yuan fu jie	7
无迹可寻	wu ji ke xun	17
无风三尺浪	wu feng san chi lang	2
无风起浪	wu feng qi lang	6
日丽风和	ri li feng he	5
日久弥新	ri jiu mi xin	6
日出而作	ri chu er zuo	3
日出而作日入而息	ri chu er zuo ri ru er xi	6
日夜兼程	ri ye jian cheng	10
日思夜盼	ri si ye pan	7
日月无光	ri yue wu guang	1
日月经天	ri yue jing tian	6
日落西山	ri luo xi shan	3
日行千里	ri xing qian li	5
日进斗金	ri jin dou jin	3
旦夕之间	dan xi zhi jian	3
旧事重提	jiu shi chong ti	18
旧地重游	jiu di chong you	20
旧瓶新酒	jiu ping xin jiu	6
旧瓶装新酒	jiu ping zhuang xin jiu	9
旧病复发	jiu bing fu fa	10
旧话重提	jiu hua chong ti	3
早知今日	zao zhi jin ri	1
早知今日何必当初	zao zhi jin ri he bi dang chu	8
旭日东升	xu ri dong sheng	11
旭日初升	xu ri chu sheng	1
时势造英雄	shi shi zao ying xiong	12
时移世易	shi yi shi yi	3
时移势易	shi yi shi yi	3
时运不济	shi yun bu ji	47
旷世奇才	kuang shi qi cai	12
旷古未有	kuang gu wei you	3
昂头挺胸	ang tou ting xiong	3
明修栈道	ming xiu zhan dao	5
明修栈道暗度陈仓	ming xiu zhan dao an du chen cang	3
明升暗降	ming sheng an jiang	4
明察暗访	ming cha an fang	8
明德惟馨	ming de wei xin	2
明心见性	ming xin jian xing	16
明月清风	ming yue qing feng	8
明枪易躲	ming qiang yi duo	6
明枪易躲暗箭难防	ming qiang yi duo an jian nan fang	5
明白如话	ming bai ru hua	6
明眸善睐	ming mou shan lai	5
昏头转向	hun tou zhuan xiang	2
易地而处	yi di er chu	4
星星之火可以燎原	xing xing zhi huo ke yi liao yuan	22
星月交辉	xing yue jiao hui	1
春去秋来	chun qu qiu lai	26
春和景明	chun he jing ming	3
春回大地	chun hui da di	20
春宵一刻值千金	chun xiao yi ke zhi qian jin	42
春满人间	chun man ren jian	8
春生夏长	chun sheng xia zhang	1
春生夏长秋收冬藏	chun sheng xia zhang qiu shou dong cang	1
春色满园	chun se man yuan	1
春花秋月	chun hua qiu yue	16
春蚕到死丝方尽	chun can dao si si fang jin	2
春风浩荡	chun feng hao dang	1
春风雨露	chun feng yu lu	5
是可忍孰不可忍	shi ke ren shu bu ke ren	11
是非之心	shi fei zhi xin	1
是非分明	shi fei fen ming	17
是非得失	shi fei de shi	7
是非自有公论	shi fei zi you gong lun	6
是非颠倒	shi fei dian dao	8
昼伏夜行	zhou fu ye xing	2
昼夜兼程	zhou ye jian cheng	5
显山露水	xian shan lu shui	17
显露头角	xian lu tou jiao	2
晓以大义	xiao yi da yi	9
晓风残月	xiao feng can yue	14
晕晕沉沉	yun yun chen chen	6
晨光熹微	chen guang xi wei	8
晨钟暮鼓	chen zhong mu gu	2
智者千虑	zhi zhe qian lv	15
智者见智	zhi zhe jian zhi	43
暗度陈仓	an du chen cang	14
暗箭伤人	an jian shang ren	6
暗箭难防	an jian nan fang	5
暧昧不明	ai mei bu ming	12
暮色苍茫	mu se cang mang	7
暴涨暴跌	bao zhang bao die	11
暴露目标	bao lu mu biao	16
曲不离口	qu bu li kou	1
曲意迎合	qu yi ying he	1
曲突徙薪	qu tu xi xin	6
替天行道	ti tian xing dao	49
月圆花好	yue yuan hua hao	2
月晕而风	yue yun er feng	6
月朗星稀	yue lang xing xi	8
月朗风清	yue lang feng qing	7
月满则亏	yue man ze kui	6
有一搭没一搭	you yi da mei yi da	18
有其父必有其子	you qi fu bi you qi zi	21
有凤来仪	you feng lai yi	5
有凭有据	you ping you ju	9
有则改之	you ze gai zhi	21
有则改之无则加勉	you ze gai zhi wu ze jia mian	34
有勇无谋	you yong wu mou	9
有勇有谋	you yong you mou	25
有口难言	you kou nan yan	10
有头无尾	you tou wu wei	5
有害无利	you hai wu li	6
有志不在年高	you zhi bu zai nian gao	4
有志之士	you zhi zhi shi	28
有所顾忌	you suo gu ji	25
有条有理	you tiao you li	14
有来无回	you lai wu hui	14
有来有往	you lai you wang	40
有样学样	you yang xue yang	31
有案可查	you an ke cha	1
有案可稽	you an ke ji	2
有百害而无一利	you bai hai er wu yi li	2
有福同享有难同当	you fu tong xiang you nan tong dang	30
有约在先	you yue zai xian	3
有耻且格	you chi qie ge	7
有苦难言	you ku nan yan	35
有负众望	you fu zhong wang	6
有财有势	you cai you shi	1
有贼心没贼胆	you zei xin mei zei dan	38
有过之无不及	you guo zhi wu bu ji	7
有进无退	you jin wu tui	2
有钱有势	you qian you shi	48
有鼻子有眼	you bi zi you yan	17
朋友妻不可欺	peng you qi bu ke qi	18
朝乾夕惕	zhao qian xi ti	6
朝生暮死	zhao sheng mu si	1
朝野上下	chao ye shang xia	6
木牛流马	mu niu liu ma	9
未为不可	wei wei bu ke	2
未定之天	wei ding zhi tian	8
未竟之志	wei jing zhi zhi	5
未能免俗	wei neng mian su	8
本乡本土	ben xiang ben tu	9
本固邦宁	ben gu bang ning	1
本小利薄	ben xiao li bo	7
本性难移	ben xing nan yi	3
本来面目	ben lai mian mu	14
朴素无华	pu su wu hua	3
机不可失时不再来	ji bu ke shi shi bu zai lai	13
朽木不可雕	xiu mu bu ke diao	27
杀人放火	sha ren fang huo	16
杀伐决断	sha fa jue duan	8
杀父之仇	sha fu zhi chou	36
杀鸡儆猴	sha ji jing hou	14
杀鸡焉用牛刀	sha ji yan yong niu dao	6
杀鸡骇猴	sha ji hai hou	7
杂乱无序	za luan wu xu	1
权倾天下	quan qing tian xia	1
权宜之策	quan yi zhi ce	8
李广难封	li guang nan feng	5
杏花春雨	xing hua chun yu	7
杜绝后患	du jue hou huan	3
杜鹃啼血	du juan ti xue	3
杞人之忧	qi ren zhi you	8
束手无措	shu shou wu cuo	3
来势凶猛	lai shi xiong meng	9
来去无踪	lai qu wu zong	9
来去自由	lai qu zi you	36
来回来去	lai hui lai qu	13
来处不易	lai chu bu yi	13
来者不善	lai zhe bu shan	17
来者可追	lai zhe ke zhui	5
来而不往非礼也	lai er bu wang fei li ye	27
杨柳依依	yang liu yi yi	22
杯中之物	bei zhong zhi wu	1
杯觥交错	bei gong jiao cuo	6
杯酒释兵权	bei jiu shi bing quan	3
杳无人烟	yao wu ren yan	5
杳无人迹	yao wu ren ji	3
杳无消息	yao wu xiao xi	6
杳无踪影	yao wu zong ying	2
杳无踪迹	yao wu zong ji	8
极目远望	ji mu yuan wang	1
极目远眺	ji mu yuan tiao	3
极而言之	ji er yan zhi	1
枝节横生	zhi jie heng sheng	6
枭首示众	xiao shou shi zhong	15
枯枝败叶	ku zhi bai ye	7
枯瘦如柴	ku shou ru chai	3
柔情蜜意	rou qing mi yi	10
柔肠百转	rou chang bai zhuan	1
查无实据	cha wu shi ju	15
柳绿花红	liu lv hua hong	2
栉比鳞次	zhi bi lin ci	7
栋梁之才	dong liang zhi cai	13
树大根深	shu da gen shen	29
树欲静而风不止	shu yu jing er feng bu zhi	40
桂子飘香	gui zi piao xiang	1
桃之夭夭	tao zhi yao yao	39
桃李不言	tao li bu yan	8
桃李不言下自成蹊	tao li bu yan xia zi cheng xi	1
桃李遍天下	tao li bian tian xia	1
桃花流水	tao hua liu shui	4
案牍劳形	an du lao xing	3
桑间濮上	sang jian pu shang	6
梅妻鹤子	mei qi he zi	2
梦幻泡影	meng huan pao ying	17
梦笔生花	meng bi sheng hua	6
梨园子弟	li yuan zi di	5
森严壁垒	sen yan bi lei	7
楚河汉界	chu he han jie	20
楼台亭阁	lou tai ting ge	4
榜上无名	bang shang wu ming	10
横冲直闯	heng chong zhi chuang	5
横平竖直	heng ping shu zhi	18
横扫千军	heng sao qian jun	17
横挑鼻子竖挑眼	heng tiao bi zi shu tiao yan	1
横槊赋诗	heng shuo fu shi	2
横行天下	heng xing tian xia	3
欢呼雀跃	huan hu que yue	44
欢呼雷动	huan hu lei dong	6
欲加之罪	yu jia zhi zui	8
欲加之罪何患无辞	yu jia zhi zui he huan wu ci	1
欲扬先抑	yu yang xian yi	21
欲速不达	yu su bu da	1
歃血为盟	sha xue wei meng	32
止于至善	zhi yu zhi shan	8
止戈为武	zhi ge wei wu	2
正心诚意	zheng xin cheng yi	1
正正经经	zheng zheng jing jing	46
正直无私	zheng zhi wu si	6
正经八百	zheng jing ba bai	24
此一时彼一时	ci yi shi bi yi shi	21
此伏彼起	ci fu bi qi	8
此起彼落	ci qi bi luo	17
此风不可长	ci feng bu ke zhang	7
步履矫健	bu lv jiao jian	1
步履艰辛	bu lv jian xin	6
步履蹒跚	bu lv pan shan	23
步步登高	bu bu deng gao	2
步步高升	bu bu gao sheng	15
步调一致	bu diao yi zhi	25
武艺超群	wu yi chao qun	7
死不足惜	si bu zu xi	1
死无葬身之地	si wu zang shen zhi di	5
死而复生	si er fu sheng	46
死而无憾	si er wu han	28
死马当活马医	si ma dang huo ma yi	2
残暴不仁	can bao bu ren	6
残汤剩饭	can tang sheng fan	6
残破不堪	can po bu kan	41
残缺不全	can que bu quan	30
残羹冷炙	can geng leng zhi	9
残羹剩饭	can geng sheng fan	18
残花败柳	can hua bai liu	23
殚精竭力	dan jing jie li	1
殷忧启圣	yin you qi sheng	8
殷鉴不远	yin jian bu yuan	1
殿堂楼阁	dian tang lou ge	6
毁于蚁穴	hui yu yi xue	8
毁誉不一	hui yu bu yi	1
母以子贵	mu yi zi gui	1
母慈子孝	mu ci zi xiao	2
每下愈况	mei xia yu kuang	1
比上不足比下有余	bi shang bu zu bi xia you yu	8
比手画脚	bi shou hua jiao	15
比翼双飞	bi yi shuang fei	47
比肩接踵	bi jian jie zhong	8
比肩而立	bi jian er li	3
毕其功于一役	bi qi gong yu yi yi	1
毛将焉附	mao jiang yan fu	1
毫不介意	hao bu jie yi	15
毫不利己	hao bu li ji	4
毫不利己专门利人	hao bu li ji zhuan men li ren	2
毫不动摇	hao bu dong yao	14
毫不讳言	hao bu hui yan	1
毫无所知	hao wu suo zhi	6
毫无逊色	hao wu xun se	6
民不畏死	min bu wei si	7
民为邦本	min wei bang ben	1
民办公助	min ban gong zhu	10
民富国强	min fu guo qiang	2
民怨沸腾	min yuan fei teng	14
民生凋敝	min sheng diao bi	5
民生在勤	min sheng zai qin	6
民胞物与	min bao wu yu	3
民膏民脂	min gao min zhi	6
民贵君轻	min gui jun qing	1
气喘吁吁	qi chuan xu xu	1
气喘如牛	qi chuan ru niu	6
气定神闲	qi ding shen xian	2
气数已尽	qi shu yi jin	12
气焰嚣张	qi yan xiao zhang	11
水光山色	shui guang shan se	1
水可载舟	shui ke zai zhou	4
水可载舟亦可覆舟	shui ke zai zhou yi ke fu zhou	6
水天一色	shui tian yi se	2
水月观音	shui yue guan yin	4
水月镜花	shui yue jing hua	3
水木清华	shui mu qing hua	8
水来土掩	shui lai tu yan	15
水漫金山	shui man jin shan	4
水火不相容	shui huo bu xiang rong	3
水火之中	shui huo zhi zhong	17
水碧山青	shui bi shan qing	6
水能载舟	shui neng zai zhou	28
水能载舟亦能覆舟	shui neng zai zhou yi neng fu zhou	8
水至清则无鱼	shui zhi qing ze wu yu	30
水调歌头	shui diao ge tou	17
水过地皮湿	shui guo di pi shi	7
永不磨灭	yong bu mo mie	25
永垂青史	yong chui qing shi	3
永无宁日	yong wu ning ri	2
永矢弗谖	yong shi fu xuan	1
求人不如求己	qiu ren bu ru qiu ji	26
求仁得仁	qiu ren de ren	28
求其友声	qiu qi you sheng	6
求大同存小异	qiu da tong cun xiao yi	2
求才若渴	qiu cai ruo ke	7
求生不得	qiu sheng bu de	1
求知若渴	qiu zhi ruo ke	7
求神问卜	qiu shen wen bu	3
求贤如渴	qiu xian ru ke	6
求过于供	qiu guo yu gong	2
汉贼不两立	han zei bu liang li	2
汗流满面	han liu man mian	9
江东父老	jiang dong fu lao	33
江天一色	jiang tian yi se	1
江山如画	jiang shan ru hua	5
江山易改	jiang shan yi gai	1
江山易改本性难移	jiang shan yi gai ben xing nan yi	6
江汉朝宗	jiang han chao zong	6
江河行地	jiang he xing di	6
汪洋大海	wang yang da hai	9
汪洋恣肆	wang yang zi si	1
沃野千里	wo ye qian li	2
沉心静气	chen xin jing qi	3
沉思默想	chen si mo xiang	6
沉渣泛起	chen zha fan qi	1
沉滓泛起	chen zi fan qi	6
沉郁顿挫	chen yu dun cuo	1
沐猴而冠	mu hou er guan	7
没头没脸	mei tou mei lian	6
没有不透风的墙	mei you bu tou feng de qiang	10
没齿难忘	mo chi nan wang	11
沦落风尘	lun luo feng chen	5
沧海遗珠	cang hai yi zhu	11
河东狮吼	he dong shi hou	27
河海不择细流	he hai bu ze xi liu	6
油光可鉴	you guang ke jian	3
治丝益棼	zhi si yi fen	2
治国安民	zhi guo an min	1
泄露天机	xie lu tian ji	27
法不阿贵	fa bu e gui	7
泛泛之交	fan fan zhi jiao	24
泛泛之谈	fan fan zhi tan	1
泛滥成灾	fan lan cheng zai	49
波光粼粼	bo guang lin lin	33
波平浪静	bo ping lang jing	7
波澜起伏	bo lan qi fu	39
波谲云诡	bo jue yun gui	5
泥古不化	ni gu bu hua	6
泪如雨下	lei ru yu xia	38
泪眼汪汪	lei yan wang wang	24
泰山不让土壤	tai shan bu rang tu rang	6
泰山压顶不弯腰	tai shan ya ding bu wan yao	7
泼妇骂街	po fu ma jie	49
泽被后世	ze bei hou shi	1
洁白无瑕	jie bai wu xia	20
洁身自爱	jie shen zi ai	22
洒扫应对	sa sao ying dui	6
洞察秋毫	dong cha qiu hao	1
洪福齐天	hong fu qi tian	28
洪钟大吕	hong zhong da lv	6
活色生香	huo se sheng xiang	6
活龙活现	huo long huo xian	6
流年不利	liu nian bu li	49
流年似水	liu nian si shui	13
流水不腐	liu shui bu fu	3
流水无情	liu shui wu qing	22
流水行云	liu shui xing yun	1
流离颠沛	liu li dian pei	4
流芳千古	liu fang qian gu	4
流芳百世	liu fang bai shi	22
流落他乡	liu luo ta xiang	3
流言止于智者	liu yan zhi yu zhi zhe	18
流言飞语	liu yan fei yu	1
浅斟低唱	qian zhen di chang	1
济世安民	ji shi an min	1
济世安邦	ji shi an bang	6
济世救人	ji shi jiu ren	9
济困扶危	ji kun fu wei	2
浑然不觉	hun ran bu jue	31
浓妆淡抹	nong zhuang dan mo	14
浓荫蔽日	nong yin bi ri	1
浩气长存	hao qi chang cun	27
浩浩汤汤	hao hao shang shang	1
浩然之气	hao ran zhi qi	3
浩若烟海	hao ruo yan hai	6
浮生若梦	fu sheng ruo meng	42
浴火凤凰	yu huo feng huang	9
海不扬波	hai bu yang bo	4
海底捞针	hai di lao zhen	3
海晏河清	hai yan he qing	4
海纳百川	hai na bai chuan	13
海角天涯	hai jiao tian ya	25
海阔天高	hai kuo tian gao	1
涂炭生灵	tu tan sheng ling	3
消极怠工	xiao ji dai gong	32
涕泗横流	ti si heng liu	25
涕泪交加	ti lei jiao jia	2
涕泪交流	ti lei jiao liu	6
涸泽而渔	he ze er yu	1
淡泊以明志	dan bo yi ming zhi	1
淡泊明志	dan bo ming zhi	8
淡然处之	dan ran chu zhi	40
深入骨髓	shen ru gu sui	4
深山密林	shen shan mi lin	1
深山幽谷	shen shan you gu	6
深得人心	shen de ren xin	25
深恶痛疾	shen wu tong ji	5
混淆是非	hun xiao shi fei	17
混淆黑白	hun xiao hei bai	4
混混沌沌	hun hun dun dun	2
清华东门	qing hua dong men	1
清官难断家务事	qing guan nan duan jia wu shi	22
清廉正直	qing lian zheng zhi	11
清新俊逸	qing xin jun yi	3
清闲自在	qing xian zi zai	7
清静无为	qing jing wu wei	4
清风两袖	qing feng liang xiu	1
清风明月	qing feng ming yue	41
清风朗月	qing feng lang yue	5
渔翁之利	yu weng zhi li	16
渔翁得利	yu weng de li	24
温文儒雅	wen wen ru ya	34
温柔敦厚	wen rou dun hou	8
温良恭俭让	wen liang gong jian rang	3
游必有方	you bi you fang	41
游目骋怀	you mu cheng huai	2
游移不定	you yi bu ding	3
渺无音讯	miao wu yin xun	2
湖光山色	hu guang shan se	15
湮没无闻	yan mo wu wen	6
溃于蚁穴	kui yu yi xue	9
源头活水	yuan tou huo shui	2
源源不绝	yuan yuan bu jue	40
源源而来	yuan yuan er lai	7
溘然长逝	ke ran chang shi	11
溢美之辞	yi mei zhi ci	1
滂沱大雨	pang tuo da yu	21
滑天下之大稽	hua tian xia zhi da ji	14
滔天大罪	tao tian da zui	2
滔天罪行	tao tian zui xing	10
满口答应	man kou da ying	5
满园春色	man yuan chun se	5
满坑满谷	man keng man gu	4
满天星斗	man tian xing dou	6
满山满谷	man shan man gu	6
满盘皆输	man pan jie shu	11
满目琳琅	man mu lin lang	1
满目青山	man mu qing shan	2
满脸堆笑	man lian dui xiao	3
满脸春风	man lian chun feng	6
满腔热忱	man qiang re chen	5
满腹牢骚	man fu lao sao	1
满腹狐疑	man fu hu yi	3
满面笑容	man mian xiao rong	2
满面红光	man mian hong guang	8
滴水成河	di shui cheng he	1
漫天叫价	man tian jiao jia	1
漫天开价	man tian kai jia	7
漫天要价	man tian yao jia	3
漫天遍野	man tian bian ye	6
漫无止境	man wu zhi jing	1
激昂慷慨	ji ang kang kai	1
火上加油	huo shang jia you	33
火上添油	huo shang tian you	7
火光冲天	huo guang chong tian	4
火力集中	huo li ji zhong	10
灭绝人性	mie jue ren xing	6
灯火辉煌	deng huo hui huang	4
灿烂辉煌	can lan hui huang	5
灿若繁星	can ruo fan xing	4
炮火连天	pao huo lian tian	22
点头称是	dian tou cheng shi	4
点铁成金	dian tie cheng jin	2
炼石补天	lian shi bu tian	5
烂熟于心	lan shu yu xin	11
烂醉如泥	lan zui ru ni	9
烈士暮年	lie shi mu nian	8
烈火烹油	lie huo peng you	1
烈火见真金	lie huo jian zhen jin	7
烫手山芋	tang shou shan yu	14
热锅上的蚂蚁	re guo shang de ma yi	11
热锅上蚂蚁	re guo shang ma yi	1
烽火四起	feng huo si qi	1
烽火连天	feng huo lian tian	2
焉得虎子	yan de hu zi	3
焕发青春	huan fa qing chun	10
焚林而猎	fen lin er lie	6
焚琴煮鹤	fen qin zhu he	7
焚膏继晷	fen gao ji gui	1
焦灼不安	jiao zhuo bu an	8
焦躁不安	jiao zao bu an	35
照章办事	zhao zhang ban shi	6
熔于一炉	rong yu yi lu	1
熬更守夜	ao geng shou ye	5
燎原之火	liao yuan zhi huo	3
燕瘦环肥	yan shou huan fei	5
爬山涉水	pa shan she shui	33
爱惜羽毛	ai xi yu mao	12
爱民如子	ai min ru zi	15
爱钱如命	ai qian ru ming	5
父为子隐	fu wei zi yin	7
父债子还	fu zhai zi huan	1
父慈子孝	fu ci zi xiao	5
父母之邦	fu mu zhi bang	2
爽心悦目	shuang xin yue mu	6
片瓦不留	pian wa bu liu	6
片瓦无存	pian wa wu cun	6
片言只字	pian yan zhi zi	2
牛之一毛	niu zhi yi mao	6
牛高马大	niu gao ma da	10
牢骚太盛防肠断	lao sao tai sheng fang chang duan	6
牢骚满腹	lao sao man fu	4
物华天宝	wu hua tian bao	12
物归原主	wu gui yuan zhu	42
物竞天择	wu jing tian ze	44
牵一发而动全身	qian yi fa er dong quan shen	16
牵牛织女	qian niu zhi nv	5
犀牛望月	xi niu wang yue	6
犁庭扫穴	li ting sao xue	6
狂涛巨浪	kuang tao ju lang	7
狂涛骇浪	kuang tao hai lang	6
狂风怒号	kuang feng nu hao	2
狂风恶浪	kuang feng e lang	7
狂风骤雨	kuang feng zhou yu	40
狗咬吕洞宾	gou yao lv dong bin	22
狗屁不通	gou pi bu tong	1
狗拿耗子	gou na hao zi	22
独往独来	du wang du lai	2
独排众议	du pai zhong yi	3
独揽大权	du lan da quan	25
独断独行	du duan du xing	9
独木不成林	du mu bu cheng lin	3
独此一家	du ci yi jia	11
独步天下	du bu tian xia	45
独运匠心	du yun jiang xin	1
独霸一方	du ba yi fang	10
狭路相逢勇者胜	xia lu xiang feng yong zhe sheng	21
狰狞面目	zheng ning mian mu	9
狼烟四起	lang yan si qi	3
狼狈逃窜	lang bei tao cuan	2
猖獗一时	chang jue yi shi	1
猜拳行令	cai quan xing ling	1
率先垂范	shuai xian chui fan	14
率土之滨	shuai tu zhi bin	1
玉不琢不成器	yu bu zhuo bu cheng qi	4
玉树琼枝	yu shu qiong zhi	1
玉汝于成	yu ru yu cheng	5
玉液琼浆	yu ye qiong jiang	1
王侯将相	wang hou jiang xiang	21
王祥卧冰	wang xiang wo bing	6
王顾左右而言他	wang gu zuo you er yan ta	8
玫瑰人生	mei gui ren sheng	21
环肥燕瘦	huan fei yan shou	8
现世现报	xian shi xian bao	2
玲珑小巧	ling long xiao qiao	2
珍馐美馔	zhen xiu mei zhuan	3
班师回朝	ban shi hui chao	33
琴心剑胆	qin xin jian dan	6
琴瑟和谐	qin se he xie	5
琼浆玉液	qiong jiang yu ye	8
璀璨夺目	cui can duo mu	45
瓜分豆剖	gua fen dou pou	7
瓜瓞绵绵	gua die mian mian	3
瓦釜雷鸣	wa fu lei ming	6
甘之若饴	gan zhi ruo yi	7
甘居人后	gan ju ren hou	6
甘心情愿	gan xin qing yuan	10
甘苦与共	gan ku yu gong	4
甚于防川	shen yu fang chuan	1
甜酸苦辣	tian suan ku la	11
生于忧患死于安乐	sheng yu you huan si yu an le	6
生拉硬扯	sheng la ying che	2
生死不渝	sheng si bu yu	7
生死相依	sheng si xiang yi	4
生生死死	sheng sheng si si	1
生米做成熟饭	sheng mi zuo cheng shu fan	3
生米煮成熟饭	sheng mi zhu cheng shu fan	38
生而知之	sheng er zhi zhi	3
生财之道	sheng cai zhi dao	26
用之不竭	yong zhi bu jie	8
用兵如神	yong bing ru shen	1
用其所长	yong qi suo chang	1
用尽心机	yong jin xin ji	9
田连阡陌	tian lian qian mo	6
由浅入深	you qian ru shen	7
由近及远	you jin ji yuan	9
电光石火	dian guang shi huo	9
男儿有泪不轻弹	nan er you lei bu qing tan	46
男儿膝下有黄金	nan er xi xia you huang jin	12
男大当婚	nan da dang hun	11
男大当婚女大当嫁	nan da dang hun nv da dang jia	10
男女老幼	nan nv lao you	35
男婚女嫁	nan hun nv jia	16
男欢女爱	nan huan nv ai	24
男耕女织	nan geng nv zhi	13
画中有诗	hua zhong you shi	4
画栋雕梁	hua dong diao liang	6
画虎不成反类犬	hua hu bu cheng fan lei quan	10
畅行无阻	chang xing wu zu	11
畏罪潜逃	wei zui qian tao	13
留得青山在	liu de qing shan zai	28
留恋不舍	liu lian bu she	3
留有余地	liu you yu di	4
略窥一斑	lve kui yi ban	6
略高一筹	lve gao yi chou	7
畸形发展	ji xing fa zhan	2
畸重畸轻	ji zhong ji qing	1
疏而不漏	shu er bu lou	3
疲乏不堪	pi fa bu kan	6
疾风暴雨	ji feng bao yu	1
疾风知劲草	ji feng zhi jing cao	1
病从口入	bing cong kou ru	1
病急乱投医	bing ji luan tou yi	23
病来如山倒	bing lai ru shan dao	49
病魔缠身	bing mo chan shen	16
痛入骨髓	tong ru gu sui	2
痴男怨女	chi nan yuan nv	20
瘦死的骆驼比马大	shou si de luo tuo bi ma da	9
瘦骨如柴	shou gu ru chai	8
癞蛤蟆想吃天鹅肉	lai ha ma xiang chi tian e rou	7
登高望远	deng gao wang yuan	41
白云苍狗	bai yun cang gou	24
白刀子进红刀子出	bai dao zi jin hong dao zi chu	2
白发人送黑发人	bai fa ren song hei fa ren	23
白山黑水	bai shan hei shui	11
白手兴家	bai shou xing jia	5
白沙在涅	bai sha zai nie	6
白浪滔天	bai lang tao tian	1
白衣秀士	bai yi xiu shi	6
白费力气	bai fei li qi	27
白首偕老	bai shou xie lao	8
白首方悔读书迟	bai shou fang hui du shu chi	3
百万雄兵	bai wan xiong bing	4
百业萧条	bai ye xiao tiao	5
百媚千娇	bai mei qian jiao	6
百密一疏	bai mi yi shu	18
百尺竿头更进一步	bai chi gan tou geng jin yi bu	4
百岁之后	bai sui zhi hou	6
百川归海	bai chuan gui hai	1
百年之后	bai nian zhi hou	42
百年之好	bai nian zhi hao	4
百年大业	bai nian da ye	8
百年树人	bai nian shu ren	7
百废俱兴	bai fei ju xing	1
百废待举	bai fei dai ju	7
百弊丛生	bai bi cong sheng	6
百折不屈	bai zhe bu qu	6
百折千回	bai zhe qian hui	6
百无一用	bai wu yi yong	27
百无一用是书生	bai wu yi yong shi shu sheng	11
百病丛生	bai bing cong sheng	1
百端待举	bai duan dai ju	6
百般刁难	bai ban diao nan	14
百般折磨	bai ban zhe mo	5
百花争妍	bai hua zheng yan	1
百花争艳	bai hua zheng yan	2
百花凋零	bai hua diao ling	6
百花生日	bai hua sheng ri	7
百花盛开	bai hua sheng kai	4
百花齐放百家争鸣	bai hua qi fang bai jia zheng ming	6
百读不厌	bai du bu yan	3
百足之虫	bai zu zhi chong	2
百足之虫死而不僵	bai zu zhi chong si er bu jiang	6
皇天不负苦心人	huang tian bu fu ku xin ren	5
皓首穷经	hao shou qiong jing	8
皮之不存	pi zhi bu cun	1
皮之不存毛将焉附	pi zhi bu cun mao jiang yan fu	2
益寿延年	yi shou yan nian	6
盖棺定论	gai guan ding lun	19
盗亦有道	dao yi you dao	37
盘古开天地	pan gu kai tian di	1
盛况空前	sheng kuang kong qian	19
盛名之下	sheng ming zhi xia	5
盛名之下其实难副	sheng ming zhi xia qi shi nan fu	1
目不忍视	mu bu ren shi	12
目不暇给	mu bu xia ji	4
目光炯炯	mu guang jiong jiong	6
目无尊长	mu wu zun zhang	13
目迷五色	mu mi wu se	6
盲人骑瞎马	mang ren qi xia ma	2
直上直下	zhi shang zhi xia	13
直抒己见	zhi shu ji jian	2
直抒胸臆	zhi shu xiong yi	25
直捣黄龙	zhi dao huang long	14
直认不讳	zhi ren bu hui	2
相对无言	xiang dui wu yan	13
相形失色	xiang xing shi se	5
相忍为国	xiang ren wei guo	6
相时而动	xiang shi er dong	1
相机而动	xiang ji er dong	7
相沿成习	xiang yan cheng xi	7
相煎何急	xiang jian he ji	7
相煎太急	xiang jian tai ji	6
相见时难别亦难	xiang jian shi nan bie yi nan	34
相视而笑	xiang shi er xiao	21
相貌堂堂	xiang mao tang tang	18
相逢恨晚	xiang feng hen wan	13
眉头一皱	mei tou yi zhou	29
眉毛胡子一把抓	mei mao hu zi yi ba zhua	1
眉目传情	mei mu chuan qing	23
看家本事	kan jia ben shi	1
看家本领	kan jia ben ling	12
看菜吃饭	kan cai chi fan	1
真人不露相	zhen ren bu lou xiang	35
真伪莫辨	zhen wei mo bian	7
真刀真枪	zhen dao zhen qiang	12
真心诚意	zhen xin cheng yi	47
真情实意	zhen qing shi yi	31
真枪实弹	zhen qiang shi dan	31
真金不怕火炼	zhen jin bu pa huo lian	9
眼中钉肉中刺	yan zhong ding rou zhong ci	6
眼尖手快	yan jian shou kuai	6
眼明心亮	yan ming xin liang	3
眼观六路	yan guan liu lu	12
眼观六路耳听八方	yan guan liu lu er ting ba fang	10
眼观四路	yan guan si lu	2
睁一眼闭一眼	zheng yi yan bi yi yan	7
睚眦必报	ya zi bi bao	26
睥睨一切	pi ni yi qie	6
瞄准射击	miao zhun she ji	27
瞎子摸鱼	xia zi mo yu	7
瞒上欺下	man shang qi xia	6
瞠乎其后	cheng hu qi hou	6
瞬息之间	shun xi zhi jian	5
矢口否认	shi kou fou ren	33
矢志不移	shi zhi bu yi	4
知其不可而为之	zhi qi bu ke er wei zhi	7
知命之年	zhi ming zhi nian	1
知子莫若父	zhi zi mo ruo fu	5
知彼知己	zhi bi zhi ji	1
知恩报恩	zhi en bao en	2
知情不举	zhi qing bu ju	1
知我罪我	zhi wo zui wo	8
知无不言	zhi wu bu yan	36
知无不言言无不尽	zhi wu bu yan yan wu bu jin	9
知易行难	zhi yi xing nan	24
知止不殆	zhi zhi bu dai	1
知足不辱	zhi zu bu ru	1
知足知止	zhi zu zhi zhi	6
短小精干	duan xiao jing gan	5
短斤少两	duan jin shao liang	2
砍瓜切菜	kan gua qie cai	3
砥柱中流	di zhu zhong liu	2
破旧不堪	po jiu bu kan	26
破旧立新	po jiu li xin	7
破格录用	po ge lu yong	6
破烂不堪	po lan bu kan	9
破玩意儿	po wan yi er	33
破竹之势	po zhu zhi shi	4
破门而出	po men er chu	4
破除迷信	po chu mi xin	14
础润而雨	chu run er yu	6
硕大无比	shuo da wu bi	1
确有其事	que you qi shi	31
碎尸万段	sui shi wan duan	21
碧水青山	bi shui qing shan	2
碧空万里	bi kong wan li	2
碧空如洗	bi kong ru xi	7
磨刀不误砍柴工	mo dao bu wu kan chai gong	11
磨嘴皮子	mo zui pi zi	7
礼义廉耻	li yi lian chi	36
礼仪之邦	li yi zhi bang	14
礼崩乐坏	li beng yue huai	3
祛病延年	qu bing yan nian	7
神乎其技	shen hu qi ji	13
神完气足	shen wan qi zu	6
神工鬼斧	shen gong gui fu	6
神思恍惚	shen si huang hu	7
神情恍惚	shen qing huang hu	20
神情自若	shen qing zi ruo	7
神气十足	shen qi shi zu	9
神清气和	shen qing qi he	6
神色自若	shen se zi ruo	16
神采飞扬	shen cai fei yang	44
神闲气定	shen xian qi ding	1
祸福相依	huo fu xiang yi	13
福地洞天	fu di dong tian	2
福寿双全	fu shou shuang quan	9
福寿康宁	fu shou kang ning	4
福星高照	fu xing gao zhao	43
福禄寿喜	fu lu shou xi	7
离乡别井	li xiang bie jing	9
离合悲欢	li he bei huan	2
离奇古怪	li qi gu guai	4
离情别绪	li qing bie xu	6
离题万里	li ti wan li	8
秀才不出门	xiu cai bu chu men	2
秀才造反	xiu cai zao fan	6
私相授受	si xiang shou shou	6
秉公办理	bing gong ban li	5
秉笔直书	bing bi zhi shu	4
秋收冬藏	qiu shou dong cang	23
秋月春风	qiu yue chun feng	4
秋毫无犯	qiu hao wu fan	11
秋水伊人	qiu shui yi ren	3
秋风落叶	qiu feng luo ye	8
种瓜得瓜	zhong gua de gua	14
种瓜得瓜种豆得豆	zhong gua de gua zhong dou de dou	12
种豆得豆	zhong dou de dou	10
积习难改	ji xi nan gai	2
积善之家必有余庆	ji shan zhi jia bi you yu qing	6
积善成德	ji shan cheng de	6
积土成山	ji tu cheng shan	9
积小成大	ji xiao cheng da	7
积毁销骨	ji hui xiao gu	3
积水成渊	ji shui cheng yuan	1
积沙成塔	ji sha cheng ta	5
积谷防饥	ji gu fang ji	1
积非成是	ji fei cheng shi	2
称心满意	chen xin man yi	2
称王称霸	cheng wang cheng ba	16
移山填海	yi shan tian hai	4
稀世之宝	xi shi zhi bao	1
程门立雪	cheng men li xue	2
稍胜一筹	shao sheng yi chou	2
稍逊一筹	shao xun yi chou	5
稳操胜算	wen cao sheng suan	1
穷且益坚	qiong qie yi jian	2
穷则独善其身	qiong ze du shan qi shen	25
穷奢极侈	qiong she ji chi	3
穷家富路	qiong jia fu lu	7
穷寇莫追	qiong kou mo zhui	5
穷山僻壤	qiong shan pi rang	14
穷形尽相	qiong xing jin xiang	6
穷愁潦倒	qiong chou liao dao	1
空口说白话	kong kou shuo bai hua	10
空空道人	kong kong dao ren	2
空话连篇	kong hua lian pian	7
空谷幽兰	kong gu you lan	27
穿红着绿	chuan hong zhuo lv	1
窒碍难行	zhi ai nan xing	8
窥见一斑	kui jian yi ban	1
窥豹一斑	kui bao yi ban	6
立业成家	li ye cheng jia	11
立于不败	li yu bu bai	7
立于不败之地	li yu bu bai zhi di	16
立德立言	li de li yan	3
立身行事	li shen xing shi	2
竖子成名	shu zi cheng ming	1
竭尽心力	jie jin xin li	5
竭忠尽智	jie zhong jin zhi	6
竹报平安	zhu bao ping an	20
竹篮打水	zhu lan da shui	7
竹篱茅舍	zhu li mao she	6
笑而不答	xiao er bu da	8
笔下生花	bi xia sheng hua	5
笔酣墨饱	bi han mo bao	6
笨嘴拙舌	ben zui zhuo she	2
笼中之鸟	long zhong zhi niao	1
笼络人心	long luo ren xin	11
等因奉此	deng yin feng ci	6
等闲之辈	deng xian zhi bei	18
筋疲力竭	jin pi li jie	34
简明扼要	jian ming e yao	37
管鲍之交	guan bao zhi jiao	6
箭在弦上不得不发	jian zai xian shang bu de bu fa	3
箭无虚发	jian wu xu fa	5
篡党夺权	cuan dang duo quan	16
粉妆玉琢	fen zhuang yu zhuo	6
粉妆玉砌	fen zhuang yu qi	6
粉饰太平	fen shi tai ping	7
粗通文墨	cu tong wen mo	1
粥少僧多	zhou shao seng duo	1
粮草先行	liang cao xian xing	9
精力过人	jing li guo ren	1
精妙绝伦	jing miao jue lun	8
精明能干	jing ming neng gan	20
精确瞄准	jing que miao zhun	6
精神恍惚	jing shen huang hu	7
精神焕发	jing shen huan fa	5
精神百倍	jing shen bai bei	4
精神矍铄	jing shen jue shuo	15
精美绝伦	jing mei jue lun	11
精诚团结	jing cheng tuan jie	2
精诚所至	jing cheng suo zhi	9
精诚所至金石为开	jing cheng suo zhi jin shi wei kai	12
精锐之师	jing rui zhi shi	3
糟糠之妻	zao kang zhi qi	44
糟糠之妻不下堂	zao kang zhi qi bu xia tang	1
索然寡味	suo ran gua wei	6
紫气东来	zi qi dong lai	29
繁荣兴旺	fan rong xing wang	3
繁荣富强	fan rong fu qiang	5
纡尊降贵	yu zun jiang gui	5
红袖添香	hong xiu tian xiang	7
纤尘不染	xian chen bu ran	6
纯属骗局	chun shu pian ju	7
纲纪废弛	gang ji fei chi	6
纵横天下	zong heng tian xia	30
纷纷攘攘	fen fen rang rang	1
纸上得来终觉浅	zhi shang de lai zhong jue qian	15
纸里包不住火	zhi li bao bu zhu huo	8
细微末节	xi wei mo jie	5
终南捷径	zhong nan jie jing	1
终成泡影	zhong cheng pao ying	6
经久不息	jing jiu bu xi	16
经天纬地	jing tian wei di	2
经纬万端	jing wei wan duan	6
经营惨淡	jing ying can dan	1
绕道而行	rao dao er xing	28
绝世佳人	jue shi jia ren	6
绝代佳人	jue dai jia ren	6
绝口不谈	jue kou bu tan	1
绝路逢生	jue lu feng sheng	2
绝顶聪明	jue ding cong ming	22
绳锯木断	sheng ju mu duan	1
绵延不断	mian yan bu duan	6
绵绵不断	mian mian bu duan	10
绵绵不绝	mian mian bu jue	13
绿叶成荫	lv ye cheng yin	1
绿林好汉	lv lin hao han	13
绿水青山	lv shui qing shan	47
绿肥红瘦	lv fei hong shou	10
绿草如茵	lv cao ru yin	2
缄口不言	jian kou bu yan	6
缓不济急	huan bu ji ji	12
缩衣节食	suo yi jie shi	5
缺吃少穿	que chi shao chuan	1
缺衣少食	que yi shao shi	4
罚不当罪	fa bu dang zui	6
罢黜百家	ba chu bai jia	7
罪加一等	zui jia yi deng	2
罪孽深重	zui nie shen zhong	8
罪恶深重	zui e shen zhong	4
罪恶滔天	zui e tao tian	1
罪责难逃	zui ze nan tao	1
置之不顾	zhi zhi bu gu	4
置之死地	zhi zhi si di	3
置之死地而后快	zhi zhi si di er hou kuai	7
置之死地而后生	zhi zhi si di er hou sheng	2
羊续悬鱼	yang xu xuan yu	6
羊肠小径	yang chang xiao jing	1
美人迟暮	mei ren chi mu	12
羚羊挂角	ling yang gua jiao	1
群而不党	qun er bu dang	1
群英荟萃	qun ying hui cui	21
群起效尤	qun qi xiao you	6
群起而攻之	qun qi er gong zhi	22
群雄逐鹿	qun xiong zhu lu	8
羽毛丰满	yu mao feng man	1
翩翩公子	pian pian gong zi	11
翩翩少年	pian pian shao nian	25
翩翩风度	pian pian feng du	1
翩若惊鸿	pian ruo jing hong	7
翻手为云	fan shou wei yun	6
翻手为云覆手为雨	fan shou wei yun fu shou wei yu	8
翻箱倒箧	fan xiang dao qie	5
老之将至	lao zhi jiang zhi	7
老僧入定	lao seng ru ding	2
老子英雄儿好汉	lao zi ying xiong er hao han	2
老无所依	lao wu suo yi	35
老有所终	lao you suo zhong	2
老王卖瓜	lao wang mai gua	6
老鼠过街	lao shu guo jie	3
老鼠过街人人喊打	lao shu guo jie ren ren han da	4
耐人咀嚼	nai ren ju jue	6
耳听八方	er ting ba fang	14
耳朵起茧	er duo qi jian	10
耳根清净	er gen qing jing	9
耳顺之年	er shun zhi nian	2
耸入云霄	song ru yun xiao	6
耿耿忠心	geng geng zhong xin	6
聊备一格	liao bei yi ge	2
聚众滋事	ju zhong zi shi	6
聚少成多	ju shao cheng duo	7
聪明一世	cong ming yi shi	9
聪明反被聪明误	cong ming fan bei cong ming wu	31
聪明智慧	cong ming zhi hui	12
聪明睿智	cong ming rui zhi	8
聪明能干	cong ming neng gan	6
聪明过人	cong ming guo ren	15
聪颖过人	cong ying guo ren	12
肆意妄为	si yi wang wei	43
肆意横行	si yi heng xing	4
肆虐横行	si nve heng xing	3
肉眼凡胎	rou yan fan tai	3
肉食者鄙	rou shi zhe bi	2
股掌之上	gu zhang zhi shang	1
肤如凝脂	fu ru ning zhi	22
胜不骄败不馁	sheng bu jiao bai bu nei	3
胜券在握	sheng quan zai wo	16
胜友如云	sheng you ru yun	6
胜读十年书	sheng du shi nian shu	43
胜败乃兵家常事	sheng bai nai bing jia chang shi	17
胯下之辱	kua xia zhi ru	8
胸中块垒	xiong zhong kuai lei	1
胸中有数	xiong zhong you shu	8
胸怀大志	xiong huai da zhi	44
胸有丘壑	xiong you qiu he	5
能者为师	neng zhe wei shi	2
脉络分明	mai luo fen ming	1
脉脉含情	mo mo han qing	5
脍不厌细	kuai bu yan xi	7
脚不沾地	jiao bu zhan di	14
脚不点地	jiao bu dian di	6
脱缰之马	tuo jiang zhi ma	1
脸红耳热	lian hong er re	6
脸红耳赤	lian hong er chi	7
腹心之疾	fu xin zhi ji	6
腾空而起	teng kong er qi	7
膏腴之地	gao yu zhi di	1
自以为得计	zi yi wei de ji	7
自出机杼	zi chu ji zhu	6
自取灭亡	zi qu mie wang	40
自命清高	zi ming qing gao	22
自成一格	zi cheng yi ge	22
自我治疗	zi wo zhi liao	14
自我表现	zi wo biao xian	9
自掘坟墓	zi jue fen mu	21
自有公论	zi you gong lun	8
自由放任	zi you fang ren	34
自由泛滥	zi you fan lan	6
自视甚高	zi shi shen gao	34
自觉自愿	zi jue zi yuan	11
自食恶果	zi shi e guo	23
臭不可闻	chou bu ke wen	11
臭名昭彰	chou ming zhao zhang	8
至亲好友	zhi qin hao you	14
至亲骨肉	zhi qin gu rou	5
至圣先师	zhi sheng xian shi	32
至死不渝	zhi si bu yu	18
舌战群儒	she zhan qun ru	18
舍命救人	she ming jiu ren	2
舍命陪君子	she ming pei jun zi	39
舍己为公	she ji wei gong	6
舍得一身剐	she de yi shen gua	2
舍本求末	she ben qiu mo	8
舍身为国	she shen wei guo	6
舍身成仁	she shen cheng ren	2
船坚炮利	chuan jian pao li	6
良知良能	liang zhi liang neng	5
良禽择木	liang qin ze mu	4
良莠不分	liang you bu fen	8
良辰吉日	liang chen ji ri	5
艰深晦涩	jian shen hui se	1
艰苦创业	jian ku chuang ye	18
艰苦朴素	jian ku pu su	48
艰难困苦	jian nan kun ku	27
艰难曲折	jian nan qu zhe	4
色胆包天	se dan bao tian	9
艺高人胆大	yi gao ren dan da	47
艺高胆大	yi gao dan da	4
芙蓉出水	fu rong chu shui	2
芝兰之室	zhi lan zhi shi	1
芬芳馥郁	fen fang fu yu	2
花无百日红	hua wu bai ri hong	2
花样百出	hua yang bai chu	15
花甲之年	hua jia zhi nian	10
花红柳绿	hua hong liu lv	17
花花型警	hua hua xing jing	2
花香鸟语	hua xiang niao yu	3
苍松翠柏	cang song cui bai	2
苍白无力	cang bai wu li	5
苍翠欲滴	cang cui yu di	1
若有所悟	ruo you suo wu	2
若有若无	ruo you ruo wu	30
若烹小鲜	ruo peng xiao xian	2
若要人不知	ruo yao ren bu zhi	23
苦不聊生	ku bu liao sheng	7
苦乐不均	ku le bu jun	2
苦口良药	ku kou liang yao	36
苦心积虑	ku xin ji lv	6
苦心经营	ku xin jing ying	13
苦海无边	ku hai wu bian	48
苦难深重	ku nan shen zhong	9
英姿勃勃	ying zi bo bo	8
英姿焕发	ying zi huan fa	1
英雄无用武之地	ying xiong wu yong wu zhi di	3
英雄豪杰	ying xiong hao jie	27
英雄辈出	ying xiong bei chu	5
茂林修竹	mao lin xiu zhu	5
荆楚岁时记	jing chu sui shi ji	6
草率从事	cao shuai cong shi	6
草船借箭	cao chuan jie jian	3
草草了事	cao cao liao shi	9
草草收兵	cao cao shou bing	7
草蛇灰线	cao she hui xian	7
草长莺飞	cao zhang ying fei	11
荒唐无稽	huang tang wu ji	4
荒淫无度	huang yin wu du	5
荒淫无耻	huang yin wu chi	3
荒淫无道	huang yin wu dao	7
荟萃一堂	hui cui yi tang	8
荣华富贵	rong hua fu gui	19
荦荦大端	luo luo da duan	6
荦荦大者	luo luo da zhe	6
药到病除	yao dao bing chu	48
莫可奈何	mo ke nai he	2
获益匪浅	huo yi fei qian	14
莺飞草长	ying fei cao zhang	8
萎靡不振	wei mi bu zhen	49
落拓不羁	luo tuo bu ji	3
落日余晖	luo ri yu hui	2
落花有意	luo hua you yi	28
落花有意流水无情	luo hua you yi liu shui wu qing	6
落英缤纷	luo ying bin fen	14
落草为寇	luo cao wei kou	5
蓬生麻中	peng sheng ma zhong	1
蓬荜生辉	peng bi sheng hui	26
蓬蓬勃勃	peng peng bo bo	9
蔚成风气	wei cheng feng qi	1
薄情寡义	bo qing gua yi	49
薄技在身	bo ji zai shen	1
薪尽火传	xin jin huo chuan	1
藏之名山	cang zhi ming shan	1
虎口逃生	hu kou tao sheng	1
虎落平阳	hu luo ping yang	13
虚度年华	xu du nian hua	23
虚晃一枪	xu huang yi qiang	7
虚虚实实	xu xu shi shi	18
虱多不痒	shi duo bu yang	1
虽死犹生	sui si you sheng	3
蚁穴溃堤	yi xue kui di	6
蚍蜉撼树	pi fu han shu	4
蚕食鲸吞	can shi jing tun	2
蛇蝎心肠	she xie xin chang	27
蛊惑人心	gu huo ren xin	25
蛮横无理	man heng wu li	13
蜀中无大将	shu zhong wu da jiang	6
蜂拥而入	feng yong er ru	4
蜂拥而出	feng yong er chu	2
蜂拥而来	feng yong er lai	6
蜕化变质	tui hua bian zhi	2
蜚短流长	fei duan liu chang	4
蝇头小利	ying tou xiao li	15
蝇头小楷	ying tou xiao kai	1
螳臂挡车	tang bi dang che	10
螳螂捕蝉	tang lang bu chan	14
螳螂捕蝉黄雀在后	tang lang bu chan huang que zai hou	15
蟾宫折桂	chan gong zhe gui	1
血债累累	xue zhai lei lei	1
血光之灾	xue guang zhi zai	3
血性男儿	xue xing nan er	8
血染沙场	xue ran sha chang	1
血泪斑斑	xue lei ban ban	3
血流成河	xue liu cheng he	11
血迹斑斑	xue ji ban ban	20
行不更名	xing bu geng ming	11
行己有耻	xing ji you chi	6
行有余力	xing you yu li	3
行百里者半九十	xing bai li zhe ban jiu shi	11
行而不远	xing er bu yuan	7
行行出状元	hang hang chu zhuang yuan	35
街坊四邻	jie fang si lin	5
街坊邻里	jie fang lin li	3
街头巷议	jie tou xiang yi	7
衣来伸手	yi lai shen shou	12
衣来伸手饭来张口	yi lai shen shou fan lai zhang kou	18
衣衫褴褛	yi shan lan lv	26
衣锦夜行	yi jin ye xing	3
衣香鬓影	yi xiang bin ying	3
补偏救弊	bu pian jiu bi	5
表里一致	biao li yi zhi	1
表里山河	biao li shan he	1
衮衮诸公	gun gun zhu gong	7
袅袅娜娜	niao niao nuo nuo	1
袒胸露背	tan xiong lu bei	2
装潢门面	zhuang huang men mian	6
装点门面	zhuang dian men mian	4
褒衣博带	bao yi bo dai	1
西出阳关无故人	xi chu yang guan wu gu ren	29
要死要活	yao si yao huo	1
要而言之	yao er yan zhi	7
覆巢之下无完卵	fu chao zhi xia wu wan luan	1
见利思义	jian li si yi	2
见势不妙	jian shi bu miao	15
见惯不惊	jian guan bu jing	8
见机而作	jian ji er zuo	2
见物不见人	jian wu bu jian ren	9
见猎心喜	jian lie xin xi	1
见贤思齐	jian xian si qi	19
见风转舵	jian feng zhuan duo	6
见龙卸甲	jian long xie jia	4
观者云集	guan zhe yun ji	6
观者如云	guan zhe ru yun	7
规行矩步	gui xing ju bu	2
视为儿戏	shi wei er xi	7
视为畏途	shi wei wei tu	6
视为知己	shi wei zhi ji	3
视同儿戏	shi tong er xi	7
视如珍宝	shi ru zhen bao	4
视死如生	shi si ru sheng	6
视民如伤	shi min ru shang	6
视而不见听而不闻	shi er bu jian ting er bu wen	3
觊觎之心	ji yu zhi xin	2
解放思想	jie fang si xiang	19
解民倒悬	jie min dao xuan	2
解疑释惑	jie yi shi huo	2
解铃还须系铃人	jie ling hai xu xi ling ren	10
触手可及	chu shou ke ji	13
触景伤情	chu jing shang qing	44
言之无文	yan zhi wu wen	6
言之谆谆	yan zhi zhun zhun	7
言人人殊	yan ren ren shu	7
言出法随	yan chu fa sui	6
言必信行必果	yan bi xin xing bi guo	1
言必有据	yan bi you ju	6
言无不尽	yan wu bu jin	15
言有尽而意无穷	yan you jin er yi wu qiong	6
言笑晏晏	yan xiao yan yan	2
言简意深	yan jian yi shen	1
言者谆谆	yan zhe zhun zhun	7
言而有信	yan er you xin	25
言行一致	yan xing yi zhi	29
言行不一	yan xing bu yi	22
言谈举止	yan tan ju zhi	28
言近旨远	yan jin zhi yuan	6
誉满天下	yu man tian xia	2
誓死不屈	shi si bu qu	6
计上心头	ji shang xin tou	1
计上心来	ji shang xin lai	1
认祖归宗	ren zu gui zong	18
议论纷纭	yi lun fen yun	7
议论纷纷	yi lun fen fen	47
议论风生	yi lun feng sheng	11
讲信修睦	jiang xin xiu mu	9
讲经说法	jiang jing shuo fa	16
讷言敏行	ne yan min xing	1
证据确凿	zheng ju que zao	44
识时务者为俊杰	shi shi wu zhe wei jun jie	28
识途老马	shi tu lao ma	6
诗中有画	shi zhong you hua	4
诗礼传家	shi li chuan jia	3
诗酒风流	shi jiu feng liu	6
诚心实意	cheng xin shi yi	5
诚心正意	cheng xin zheng yi	6
诛心之论	zhu xin zhi lun	2
话不投机	hua bu tou ji	2
话不投机半句多	hua bu tou ji ban ju duo	7
话里带刺	hua li dai ci	6
诡谲多变	gui jue duo bian	5
语不惊人	yu bu jing ren	9
语不惊人死不休	yu bu jing ren si bu xiu	1
诱敌深入	you di shen ru	29
诲淫诲盗	hui yin hui dao	7
说千道万	shuo qian dao wan	7
说时迟那时快	shuo shi chi na shi kuai	20
诸恶莫作	zhu e mo zuo	6
读书破万卷	du shu po wan juan	11
谁是谁非	shui shi shui fei	26
调和阴阳	tiao he yin yang	3
调和鼎鼐	tiao he ding nai	2
谆谆告诫	zhun zhun gao jie	1
谆谆善诱	zhun zhun shan you	5
谆谆教导	zhun zhun jiao dao	8
谈古论今	tan gu lun jin	5
谈天论地	tan tian lun di	1
谈笑有鸿儒	tan xiao you hong ru	16
谈笑自如	tan xiao zi ru	2
谋事在人	mou shi zai ren	32
谓予不信	wei yu bu xin	6
谦虚谨慎	qian xu jin shen	20
谬以千里	miu yi qian li	6
谬种流传	miu zhong liu chuan	7
谬误百出	miu wu bai chu	1
谷贱伤农	gu jian shang nong	9
豁达大度	huo da da du	4
豪情壮志	hao qing zhuang zhi	7
豺狼当道	chai lang dang dao	2
豺狼虎豹	chai lang hu bao	13
负债累累	fu zhai lei lei	47
负重致远	fu zhong zhi yuan	6
财不露白	cai bu lu bai	8
财务主管	cai wu zhu guan	34
财源滚滚	cai yuan gun gun	7
财运亨通	cai yun heng tong	28
败事有余	bai shi you yu	7
败兴而归	bai xing er gui	3
败军之将	bai jun zhi jiang	3
败絮其中	bai xu qi zhong	14
贩夫走卒	fan fu zou zu	4
贪多嚼不烂	tan duo jiao bu lan	7
贪心不足	tan xin bu zu	23
贪财好色	tan cai hao se	3
贫困潦倒	pin kun liao dao	18
贫贱不移	pin jian bu yi	6
贫贱不能移	pin jian bu neng yi	9
贯彻始终	guan che shi zhong	10
贵在知心	gui zai zhi xin	1
费心劳力	fei xin lao li	2
费心劳神	fei xin lao shen	2
贻人口实	yi ren kou shi	1
贼心不死	zei xin bu si	8
贿赂公行	hui lu gong xing	4
赌咒发誓	du zhou fa shi	2
赏心乐事	shang xin le shi	7
赔了夫人又折兵	pei le fu ren you zhe bing	15
赞口不绝	zan kou bu jue	1
赞叹不已	zan tan bu yi	28
赤身露体	chi shen lu ti	1
走为上策	zou wei shang ce	17
走为上计	zou wei shang ji	4
赶鸭子上架	gan ya zi shang jia	38
趁人之危	chen ren zhi wei	19
超然独立	chao ran du li	6
超群出众	chao qun chu zhong	2
趋吉避凶	qu ji bi xiong	11
趑趄不前	zi ju bu qian	7
足不出门	zu bu chu men	4
跃马扬鞭	yue ma yang bian	2
跑了和尚跑不了庙	pao le he shang pao bu liao miao	1
路人皆知	lu ren jie zhi	35
路见不平拔刀相助	lu jian bu ping ba dao xiang zhu	17
路遥知马力	lu yao zhi ma li	40
踉踉跄跄	liang liang qiang qiang	10
踌躇不决	chou chu bu jue	1
踏破铁鞋	ta po tie xie	4
踏破铁鞋无觅处	ta po tie xie wu mi chu	8
踟蹰不前	chi chu bu qian	1
踽踽独行	ju ju du xing	3
身体发肤	shen ti fa fu	40
身单力薄	shen dan li bo	2
身历其境	shen li qi jing	17
身在曹营心在汉	shen zai cao ying xin zai han	39
身在江湖	shen zai jiang hu	4
身心交瘁	shen xin jiao cui	7
身教重于言教	shen jiao zhong yu yan jiao	2
身无长物	shen wu chang wu	9
躬行实践	gong xing shi jian	2
躬逢其盛	gong feng qi sheng	1
车如流水马如龙	che ru liu shui ma ru long	6
转悲为喜	zhuan bei wei xi	1
转战千里	zhuan zhan qian li	1
转眼之间	zhuan yan zhi jian	26
轮流做庄	lun liu zuo zhuang	5
软弱无力	ruan ruo wu li	24
软弱无能	ruan ruo wu neng	20
轻如鸿毛	qing ru hong mao	7
轻徭薄赋	qing yao bo fu	3
轻装前进	qing zhuang qian jin	3
轻装简从	qing zhuang jian cong	3
轻言细语	qing yan xi yu	5
轻诺寡信	qing nuo gua xin	6
载沉载浮	zai chen zai fu	6
载舟覆舟	zai zhou fu zhou	6
辩才无碍	bian cai wu ai	7
达则兼济天下	da ze jian ji tian xia	19
达官显宦	da guan xian huan	1
迁客骚人	qian ke sao ren	6
迁怒于人	qian nu yu ren	5
迂回曲折	yu hui qu zhe	14
过五关斩六将	guo wu guan zhan liu jiang	13
过从甚密	guo cong shen mi	26
过江之鲫	guo jiang zhi ji	1
过河卒子	guo he zu zi	1
过而能改	guo er neng gai	1
过路财神	guo lu cai shen	1
过门不入	guo men bu ru	3
迎神赛会	ying shen sai hui	8
迎风招展	ying feng zhao zhan	3
近乡情怯	jin xiang qing qie	12
近在眉睫	jin zai mei jie	5
近悦远来	jin yue yuan lai	8
还我河山	huan wo he shan	10
这山望着那山高	zhe shan wang zhe na shan gao	7
进德修业	jin de xiu ye	6
进身之阶	jin shen zhi jie	1
进退失据	jin tui shi ju	13
进退有度	jin tui you du	7
进道若退	jin dao ruo tui	7
远亲不如近邻	yuan qin bu ru jin lin	18
远亲近邻	yuan qin jin lin	3
远水不解近渴	yuan shui bu jie jin ke	9
远水解不了近渴	yuan shui jie bu liao jin ke	9
连中三元	lian zhong san yuan	12
连战皆捷	lian zhan jie jie	3
连日连夜	lian ri lian ye	2
连绵不断	lian mian bu duan	22
连绵不绝	lian mian bu jue	47
连绵起伏	lian mian qi fu	15
迟暮之年	chi mu zhi nian	4
迟疑不决	chi yi bu jue	5
迟疑不定	chi yi bu ding	1
迟疑观望	chi yi guan wang	6
迥然不同	jiong ran bu tong	28
迷惑不解	mi huo bu jie	6
追根求源	zhui gen qiu yuan	7
追根溯源	zhui gen su yuan	16
追根问底	zhui gen wen di	1
追风逐日	zhui feng zhu ri	6
送君千里	song jun qian li	13
送旧迎新	song jiu ying xin	1
适者生存	shi zhe sheng cun	20
适逢其时	shi feng qi shi	9
逆我者亡	ni wo zhe wang	5
逆耳之言	ni er zhi yan	1
选贤与能	xuan xian yu neng	3
选贤举能	xuan xian ju neng	6
逐句逐字	zhu ju zhu zi	6
逐鹿中原	zhu lu zhong yuan	11
通力合作	tong li he zuo	45
逝者如斯	shi zhe ru si	10
逞强好胜	cheng qiang hao sheng	2
逢山开路	feng shan kai lu	2
逢山开路遇水搭桥	feng shan kai lu yu shui da qiao	6
逢山开道	feng shan kai dao	7
逸兴遄飞	yi xing chuan fei	1
逸趣横生	yi qu heng sheng	1
逸闻趣事	yi wen qu shi	3
逼不得已	bi bu de yi	23
逼人太甚	bi ren tai shen	7
遇水架桥	yu shui jia qiao	1
遐迩闻名	xia er wen ming	8
道德文章	dao de wen zhang	3
道路以目	dao lu yi mu	6
道骨仙风	dao gu xian feng	3
道高一丈	dao gao yi zhang	3
道高一尺	dao gao yi chi	9
道高一尺魔高一丈	dao gao yi chi mo gao yi zhang	22
遗世独立	yi shi du li	6
遗患无穷	yi huan wu qiong	8
遗老遗少	yi lao yi shao	3
遥遥在望	yao yao zai wang	7
遥遥相对	yao yao xiang dui	11
遮人耳目	zhe ren er mu	1
避人耳目	bi ren er mu	4
避实击虚	bi shi ji xu	3
避而不谈	bi er bu tan	46
避难就易	bi nan jiu yi	6
邪不胜正	xie bu sheng zheng	23
郁郁不乐	yu yu bu le	6
郁郁不得志	yu yu bu de zhi	24
酒后失言	jiu hou shi yan	6
酒后无德	jiu hou wu de	1
酒池肉林	jiu chi rou lin	30
酒绿灯红	jiu lv deng hong	1
酒醉饭饱	jiu zui fan bao	6
酗酒滋事	xu jiu zi shi	9
酣然入梦	han ran ru meng	1
里勾外连	li gou wai lian	5
重于泰山	zhong yu tai shan	24
重建家园	chong jian jia yuan	46
重操旧业	chong cao jiu ye	20
重赏之下	zhong shang zhi xia	1
重赏之下必有勇夫	zhong shang zhi xia bi you yong fu	5
野火烧不尽	ye huo shao bu jin	44
量力而为	liang li er wei	28
量才录用	liang cai lu yong	2
金刚怒目	jin gang nu mu	3
金声玉振	jin sheng yu zhen	2
金无足赤	jin wu zu chi	1
金玉其外	jin yu qi wai	15
金玉其外败絮其中	jin yu qi wai bai xu qi zhong	13
金玉良缘	jin yu liang yuan	29
金风送爽	jin feng song shuang	1
金马碧鸡	jin ma bi ji	6
金鼓齐鸣	jin gu qi ming	1
釜底之鱼	fu di zhi yu	6
鉴往知来	jian wang zhi lai	1
针尖对麦芒	zhen jian dui mai mang	7
钩心斗角	gou xin dou jiao	1
钻心刺骨	zuan xin ci gu	1
钻木取火	zuan mu qu huo	41
铁嘴钢牙	tie zui gang ya	7
铁画银钩	tie hua yin gou	2
铁面无情	tie mian wu qing	7
铁马金戈	tie ma jin ge	1
铜壶滴漏	tong hu di lou	1
铩羽而归	sha yu er gui	26
铭心刻骨	ming xin ke gu	9
铭记不忘	ming ji bu wang	6
铮铮有声	zheng zheng you sheng	6
铮铮铁汉	zheng zheng tie han	4
银样镴枪头	yin yang la qiang tou	6
铸剑为犁	zhu jian wei li	5
铸成大错	zhu cheng da cuo	6
铺平道路	pu ping dao lu	27
铿锵有力	keng qiang you li	47
锄强扶弱	chu qiang fu ruo	10
错上加错	cuo shang jia cuo	15
锦绣山河	jin xiu shan he	2
锦绣江山	jin xiu jiang shan	5
锦绣河山	jin xiu he shan	5
长乐未央	chang le wei yang	6
长幼尊卑	chang you zun bei	7
长幼有序	chang you you xu	8
长歌当哭	chang ge dang ku	3
长江七号	chang jiang qi hao	20
长江天堑	chang jiang tian qian	3
长生不死	chang sheng bu si	17
长篇累牍	chang pian lei du	3
长足进展	chang zu jin zhan	3
长风破浪	chang feng po lang	4
门户之争	men hu zhi zheng	1
门户开放	men hu kai fang	23
门户洞开	men hu dong kai	4
门禁森严	men jin sen yan	8
闭口不言	bi kou bu yan	6
闭门不出	bi men bu chu	32
闭门读书	bi men du shu	13
问鼎中原	wen ding zhong yuan	7
闲杂人等	xian za ren deng	49
闲言闲语	xian yan xian yu	14
闻者足戒	wen zhe zu jie	1
闻风而至	wen feng er zhi	6
闻风而逃	wen feng er tao	2
防微虑远	fang wei lv yuan	8
防民之口	fang min zhi kou	2
防民之口甚于防川	fang min zhi kou shen yu fang chuan	4
阴曹地府	yin cao di fu	13
陈谷子烂芝麻	chen gu zi lan zhi ma	6
陌路相逢	mo lu xiang feng	2
降尊纡贵	jiang zun yu gui	6
降格以求	jiang ge yi qiu	9
险遭不测	xian zao bu ce	1
隐名埋姓	yin ming mai xing	2
隐忍不发	yin ren bu fa	1
隔行如隔山	ge hang ru ge shan	43
难乎其难	nan hu qi nan	7
难以为继	nan yi wei ji	43
难以企及	nan yi qi ji	17
难以名状	nan yi ming zhuang	11
难以挽回	nan yi wan hui	5
难以理喻	nan yi li yu	1
难以逆料	nan yi ni liao	6
难以预料	nan yi yu liao	34
难分难舍	nan fen nan she	11
难如登天	nan ru deng tian	11
难登大雅之堂	nan deng da ya zhi tang	10
雀屏中选	que ping zhong xuan	14
雁过留声	yan guo liu sheng	11
雄伟壮观	xiong wei zhuang guan	12
雄赳赳气昂昂	xiong jiu jiu qi ang ang	29
雍容典雅	yong rong dian ya	2
雍容大度	yong rong da du	2
雏鹰展翅	chu ying zhan chi	1
雕栏玉砌	diao lan yu qi	1
雕龙画凤	diao long hua feng	1
雨打风吹	yu da feng chui	7
雨淋日晒	yu lin ri shai	2
零乱不堪	ling luan bu kan	6
零零星星	ling ling xing xing	8
雷声大雨点小	lei sheng da yu dian xiao	30
雷电交加	lei dian jiao jia	43
雷霆一击	lei ting yi ji	1
震天动地	zhen tian dong di	4
霞光万道	xia guang wan dao	1
露出马脚	lu chu ma jiao	11
露水夫妻	lu shui fu qi	4
青云之志	qing yun zhi zhi	1
青出于蓝胜于蓝	qing chu yu lan sheng yu lan	25
青史留名	qing shi liu ming	1
青山不老	qing shan bu lao	5
青枝绿叶	qing zhi lv ye	2
青灯古佛	qing deng gu fo	9
青灯黄卷	qing deng huang juan	3
静若处子	jing ruo chu zi	48
非一日之寒	fei yi ri zhi han	1
非分之财	fei fen zhi cai	3
非同儿戏	fei tong er xi	1
非学无以广才	fei xue wu yi guang cai	1
非宁静无以致远	fei ning jing wu yi zhi yuan	4
非志无以成学	fei zhi wu yi cheng xue	6
非我族类	fei wo zu lei	13
非淡泊无以明志	fei dan bo wu yi ming zhi	2
靠天吃饭	kao tian chi fan	5
靠山吃山	kao shan chi shan	12
靠山吃山靠水吃水	kao shan chi shan kao shui chi shui	8
靠水吃水	kao shui chi shui	10
靡不有初	mi bu you chu	1
面不改色	mian bu gai se	9
面不改色心不跳	mian bu gai se xin bu tiao	7
面无人色	mian wu ren se	6
面有菜色	mian you cai se	6
面目可憎	mian mu ke zeng	27
面目狰狞	mian mu zheng ning	43
面红耳热	mian hong er re	6
鞠躬尽瘁死而后已	ju gong jin cui si er hou yi	7
韦编三绝	wei bian san jue	3
音信杳无	yin xin yao wu	6
音容宛在	yin rong wan zai	5
顷刻之间	qing ke zhi jian	5
项庄舞剑	xiang zhuang wu jian	1
项庄舞剑意在沛公	xiang zhuang wu jian yi zai pei gong	1
顺我者昌	shun wo zhe chang	8
顺我者昌逆我者亡	shun wo zhe chang ni wo zhe wang	1
顺时而动	shun shi er dong	1
顺水行舟	shun shui xing zhou	5
顺水顺风	shun shui shun feng	6
须发皆白	xu fa jie bai	3
顽固不化	wan gu bu hua	16
顾前不顾后	gu qian bu gu hou	2
顾头不顾尾	gu tou bu gu wei	1
顾盼生姿	gu pan sheng zi	2
顾盼生辉	gu pan sheng hui	6
顾盼自雄	gu pan zi xiong	6
顿足捶胸	dun zu chui xiong	6
颗粒无收	ke li wu shou	32
颜面扫地	yan mian sao di	10
颠簸不破	dian bo bu po	6
风中之烛	feng zhong zhi zhu	3
风云变色	feng yun bian se	9
风云际会	feng yun ji hui	6
风俗人情	feng su ren qing	5
风吹云散	feng chui yun san	4
风吹浪打	feng chui lang da	1
风声鹤唳草木皆兵	feng sheng he li cao mu jie bing	6
风尘女子	feng chen nv zi	27
风急浪高	feng ji lang gao	8
风月无边	feng yue wu bian	6
风流人物	feng liu ren wu	10
风流才子	feng liu cai zi	20
风流潇洒	feng liu xiao sa	8
风清月朗	feng qing yue lang	1
风清气爽	feng qing qi shuang	8
风牛马不相及	feng niu ma bu xiang ji	1
风行水上	feng xing shui shang	1
风行草偃	feng xing cao yan	6
风雨不改	feng yu bu gai	19
风霜雨雪	feng shuang yu xue	6
飒爽英姿	sa shuang ying zi	2
飞珠溅玉	fei zhu jian yu	6
飞龙在天	fei long zai tian	22
食不下咽	shi bu xia yan	28
食不厌精	shi bu yan jing	7
食不知味	shi bu zhi wei	26
食洋不化	shi yang bu hua	1
食而不化	shi er bu hua	6
食言而肥	shi yan er fei	7
餐风露宿	can feng lu su	3
餐风饮露	can feng yin lu	6
饕餮之徒	tao tie zhi tu	6
饭来张口	fan lai zhang kou	28
饮食男女	yin shi nan nv	45
饮食起居	yin shi qi ju	14
饮马长江	yin ma chang jiang	1
饱以老拳	bao yi lao quan	2
饱学之士	bao xue zhi shi	4
饱暖思淫欲	bao nuan si yin yu	7
饱经忧患	bao jing you huan	7
饱经风雨	bao jing feng yu	7
饱食终日	bao shi zhong ri	7
饶有兴味	rao you xing wei	9
饶有风趣	rao you feng qu	1
饿殍遍野	e piao bian ye	5
首善之地	shou shan zhi di	7
首尾两端	shou wei liang duan	4
首尾相连	shou wei xiang lian	15
香消玉殒	xiang xiao yu yun	12
香火不绝	xiang huo bu jue	3
香草美人	xiang cao mei ren	2
香车宝马	xiang che bao ma	3
马到功成	ma dao gong cheng	2
马前泼水	ma qian po shui	6
马放南山	ma fang nan shan	8
马革裹尸	ma ge guo shi	6
驰名世界	chi ming shi jie	3
驰名天下	chi ming tian xia	1
驰骋疆场	chi cheng jiang chang	1
驴头不对马嘴	lv tou bu dui ma zui	36
驷马难追	si ma nan zhui	46
驻颜有术	zhu yan you shu	13
驽马十驾	nu ma shi jia	1
骂不绝口	ma bu jue kou	9
骄傲自满	jiao ao zi man	31
骄兵必败	jiao bing bi bai	1
骇浪惊涛	hai lang jing tao	6
骚人墨客	sao ren mo ke	2
骨肉分离	gu rou fen li	9
骨肉团圆	gu rou tuan yuan	1
骨肉相残	gu rou xiang can	4
骨肉相连	gu rou xiang lian	27
骨肉离散	gu rou li san	6
骨肉至亲	gu rou zhi qin	1
高不可及	gao bu ke ji	1
高不成低不就	gao bu cheng di bu jiu	48
高人一筹	gao ren yi chou	7
高出一筹	gao chu yi chou	2
高头讲章	gao tou jiang zhang	6
高山峻岭	gao shan jun ling	1
高耸入云	gao song ru yun	26
高高挂起	gao gao gua qi	9
鬼话连篇	gui hua lian pian	22
魔高一丈	mo gao yi zhang	13
魔高一尺	mo gao yi chi	1
魔高一尺道高一丈	mo gao yi chi dao gao yi zhang	5
鱼水深情	yu shui shen qing	1
鱼肉乡里	yu rou xiang li	2
鱼肉百姓	yu rou bai xing	10
鱼贯而出	yu guan er chu	1
鱼贯而行	yu guan er xing	7
鱼跃龙门	yu yue long men	15
鲁难未已	lu nan wei yi	6
鲍鱼之肆	bao yu zhi si	8
鲜克有终	xian ke you zhong	3
鲜艳夺目	xian yan duo mu	2
鲜衣怒马	xian yi nu ma	42
鲤鱼跳龙门	li yu tiao long men	13
鲸吞蚕食	jing tun can shi	6
鸟为食亡	niao wei shi wang	6
鸡犬之声相闻	ji quan zhi sheng xiang wen	9
鸡鸣犬吠	ji ming quan fei	7
鸡鸣狗吠	ji ming gou fei	7
鸢飞鱼跃	yuan fei yu yue	2
鸾凤和鸣	luan feng he ming	3
鹬蚌相争	yu bang xiang zheng	15
鹰击长空	ying ji chang kong	1
麻姑献寿	ma gu xian shou	2
麻痹大意	ma bi da yi	1
麻雀虽小	ma que sui xiao	5
麻雀虽小五脏俱全	ma que sui xiao wu zang ju quan	9
黄发垂髫	huang fa chui tiao	8
黄粱一梦	huang liang yi meng	34
黄粱美梦	huang liang mei meng	3
黄钟大吕	huang zhong da lv	8
黄钟毁弃	huang zhong hui qi	6
黄雀在后	huang que zai hou	14
黑云压城城欲摧	hei yun ya cheng cheng yu cui	14
黑白混淆	hei bai hun xiao	6
默默不语	mo mo bu yu	9
默默无声	mo mo wu sheng	1
默默无语	mo mo wu yu	26
黯淡无光	an dan wu guang	37
黯然伤神	an ran shang shen	5
黯然销魂	an ran xiao hun	49
鼎新革故	ding xin ge gu	6
鼎足而三	ding zu er san	3
鼎足而立	ding zu er li	5
鼎鼎有名	ding ding you ming	2
鼓乐喧天	gu yue xuan tian	1
鼓乐齐鸣	gu yue qi ming	9
鼓足干劲	gu zu gan jin	6
鼻孔朝天	bi kong chao tian	6
鼻青眼肿	bi qing yan zhong	3
鼾声如雷	han sheng ru lei	16
齐家治国	qi jia zhi guo	16
齐心合力	qi xin he li	10
齐烟九点	qi yan jiu dian	3
齐驱并进	qi qu bing jin	6
齐齐整整	qi qi zheng zheng	20
龙生九子	long sheng jiu zi	6
龙生龙凤生凤	long sheng long feng sheng feng	1
龙盘虎踞	long pan hu ju	7
龙精虎猛	long jing hu meng	9
龙蛇混杂	long she hun za	6
龙马精神	long ma jing shen	1
