word	key	domain	source
arubaos	arubaos	networking	CSpell software-terms
asaos	asaos	networking	CSpell software-terms
bgp	bgp	networking	CSpell software-terms
CAPWAP	capwap	networking	CSpell software-terms
CCAT	ccat	networking	CSpell software-terms
CDAT	cdat	networking	CSpell software-terms
CIMC	cimc	networking	CSpell software-terms
dns	dns	networking	CSpell software-terms
dpdk	dpdk	networking	CSpell software-terms
DTLS	dtls	networking	CSpell software-terms
EBGP	ebgp	networking	CSpell software-terms
ebgp	ebgp	networking	CSpell software-terms
ECAT	ecat	networking	CSpell software-terms
Edubuntu	edubuntu	networking	CSpell software-terms
eeprom	eeprom	networking	CSpell software-terms
eigrp	eigrp	networking	CSpell software-terms
eos	eos	networking	CSpell software-terms
EPYC	epyc	networking	CSpell software-terms
ESXI	esxi	networking	CSpell software-terms
evpn	evpn	networking	CSpell software-terms
ftp	ftp	networking	CSpell software-terms
Gbit	gbit	networking	CSpell software-terms
hugepages	hugepages	networking	CSpell software-terms
ibgp	ibgp	networking	CSpell software-terms
igmp	igmp	networking	CSpell software-terms
imap	imap	networking	CSpell software-terms
ios	ios	networking	CSpell software-terms
iosxr	iosxr	networking	CSpell software-terms
ipp	ipp	networking	CSpell software-terms
ise	ise	networking	CSpell software-terms
isis	isis	networking	CSpell software-terms
isoxe	isoxe	networking	CSpell software-terms
ixgbe	ixgbe	networking	CSpell software-terms
ixgbevf	ixgbevf	networking	CSpell software-terms
junoos	junoos	networking	CSpell software-terms
junos	junos	networking	CSpell software-terms
kbps	kbps	networking	CSpell software-terms
kcps	kcps	networking	CSpell software-terms
kpps	kpps	networking	CSpell software-terms
kylin	kylin	networking	CSpell software-terms
ldap	ldap	networking	CSpell software-terms
lldp	lldp	networking	CSpell software-terms
lubuntu	lubuntu	networking	CSpell software-terms
Mbps	mbps	networking	CSpell software-terms
mdns	mdns	networking	CSpell software-terms
MLNX	mlnx	networking	CSpell software-terms
Mpkts	mpkts	networking	CSpell software-terms
MPLS	mpls	networking	CSpell software-terms
MPPS	mpps	networking	CSpell software-terms
Multiprotocol	multiprotocol	networking	CSpell software-terms
NICS	nics	networking	CSpell software-terms
NLRI	nlri	networking	CSpell software-terms
ntp	ntp	networking	CSpell software-terms
NUMA	numa	networking	CSpell software-terms
nxos	nxos	networking	CSpell software-terms
OFED	ofed	networking	CSpell software-terms
openswitch	openswitch	networking	CSpell software-terms
ospf	ospf	networking	CSpell software-terms
pcap	pcap	networking	CSpell software-terms
pkts	pkts	networking	CSpell software-terms
pop3	pop3	networking	CSpell software-terms
QSFP	qsfp	networking	CSpell software-terms
rdma	rdma	networking	CSpell software-terms
rip	rip	networking	CSpell software-terms
routeros	routeros	networking	CSpell software-terms
RPKI	rpki	networking	CSpell software-terms
RTSP	rtsp	networking	CSpell software-terms
snmp	snmp	networking	CSpell software-terms
sros	sros	networking	CSpell software-terms
ssh	ssh	networking	CSpell software-terms
STLS	stls	networking	CSpell software-terms
Subcodes	subcodes	networking	CSpell software-terms
subnetwork	subnetwork	networking	CSpell software-terms
tmos	tmos	networking	CSpell software-terms
VCPU	vcpu	networking	CSpell software-terms
veth	veth	networking	CSpell software-terms
VFIO	vfio	networking	CSpell software-terms
virtio	virtio	networking	CSpell software-terms
vnet	vnet	networking	CSpell software-terms
VXLAN	vxlan	networking	CSpell software-terms
vxlan	vxlan	networking	CSpell software-terms
vyos	vyos	networking	CSpell software-terms
WLAN	wlan	networking	CSpell software-terms
xubuntu	xubuntu	networking	CSpell software-terms
