word	pinyin	rank	doc_freq	level	source
发展			1934814		THUOCL
部门			1709250		THUOCL
政府			1617499		THUOCL
经济			1396619		THUOCL
服务			1386428		THUOCL
公司			1321922		THUOCL
实现			1062326		THUOCL
市场			1053266		THUOCL
评论			928410		THUOCL
支持			894755		THUOCL
机构			813966		THUOCL
能力			804674		THUOCL
资源			801625		THUOCL
计划			800718		THUOCL
系统			777566		THUOCL
分享			723186		THUOCL
产品			719918		THUOCL
网络			663485		THUOCL
提升			641506		THUOCL
报告			611089		THUOCL
产业			581292		THUOCL
执行			549104		THUOCL
行业			535867		THUOCL
需求			519652		THUOCL
调整			513431		THUOCL
方案			500356		THUOCL
委员会			499583		THUOCL
集团			494981		THUOCL
利益			494930		THUOCL
主席			478947		THUOCL
经营			477651		THUOCL
统计			474538		THUOCL
时代			459135		THUOCL
力度			458479		THUOCL
收入			454330		THUOCL
生态			454142		THUOCL
购买			444238		THUOCL
机会			441735		THUOCL
近年来			426768		THUOCL
推出			421029		THUOCL
规范			417118		THUOCL
价值			414827		THUOCL
国务院			401496		THUOCL
有限公司			391133		THUOCL
金融			387290		THUOCL
出台			385053		THUOCL
数量			381076		THUOCL
银行			379949		THUOCL
民生			370864		THUOCL
费用			356236		THUOCL
近期			352723		THUOCL
风险			349681		THUOCL
设立			342330		THUOCL
通道			330021		THUOCL
协议			327937		THUOCL
创造			327349		THUOCL
强化			324692		THUOCL
操作			323394		THUOCL
升级			322319		THUOCL
消费			320540		THUOCL
救援			315250		THUOCL
商业			310880		THUOCL
财政			310711		THUOCL
美元			309822		THUOCL
损失			306594		THUOCL
律师			306161		THUOCL
优惠			299489		THUOCL
推荐			294602		THUOCL
突破			293449		THUOCL
年度			284721		THUOCL
治理			284407		THUOCL
注册			279362		THUOCL
标签			274313		THUOCL
批准			272761		THUOCL
开通			270250		THUOCL
上升			268597		THUOCL
渠道			265759		THUOCL
查询			264946		THUOCL
交易			258370		THUOCL
支付			257507		THUOCL
达成			253153		THUOCL
承诺			250046		THUOCL
淘宝			243835		THUOCL
环保			243716		THUOCL
登记			242799		THUOCL
博客			239679		THUOCL
趋势			235572		THUOCL
配置			232905		THUOCL
论坛			230780		THUOCL
违规			219598		THUOCL
金额			217979		THUOCL
调研			214890		THUOCL
机场			213710		THUOCL
低于			213321		THUOCL
商品			211512		THUOCL
贸易			209462		THUOCL
工资			206254		THUOCL
能源			204053		THUOCL
指标			202623		THUOCL
评估			196520		THUOCL
保险			191092		THUOCL
出口			189527		THUOCL
退出			188537		THUOCL
财产			188180		THUOCL
专题			187620		THUOCL
总经理			186634		THUOCL
环球			186290		THUOCL
合同			185744		THUOCL
研发			182626		THUOCL
财经			181639		THUOCL
上涨			180105		THUOCL
超标			173842		THUOCL
董事长			173750		THUOCL
考核			168674		THUOCL
补贴			167303		THUOCL
计算			167280		THUOCL
现金			166097		THUOCL
房地产			165034		THUOCL
上市			164509		THUOCL
资本			164069		THUOCL
贷款			157760		THUOCL
资产			152477		THUOCL
行情			151568		THUOCL
分配			150441		THUOCL
理财			149719		THUOCL
投诉			149228		THUOCL
预期			148653		THUOCL
信号			148613		THUOCL
委托			145542		THUOCL
红包			144047		THUOCL
鉴定			141081		THUOCL
当事人			138850		THUOCL
经理			138005		THUOCL
案例			137595		THUOCL
预算			136927		THUOCL
起诉			136753		THUOCL
客服			136711		THUOCL
特权			135674		THUOCL
预测			134893		THUOCL
差距			133647		THUOCL
态势			133384		THUOCL
高层			127007		THUOCL
进口			126374		THUOCL
浮动			126231		THUOCL
前景			125542		THUOCL
微软			125352		THUOCL
总额			124821		THUOCL
披露			124277		THUOCL
座谈会			123984		THUOCL
利润			123856		THUOCL
竞价			122529		THUOCL
支出			122388		THUOCL
竞争力			121982		THUOCL
融资			121957		THUOCL
繁荣			121844		THUOCL
审核			119170		THUOCL
股份			118020		THUOCL
收取			117667		THUOCL
初始			117023		THUOCL
指数			117017		THUOCL
效应			116080		THUOCL
福利			116074		THUOCL
补偿			114081		THUOCL
潜力			113012		THUOCL
短期			110737		THUOCL
季度			110195		THUOCL
品种			108775		THUOCL
级别			106729		THUOCL
幅度			106332		THUOCL
出售			104773		THUOCL
黄金			104145		THUOCL
产权			103763		THUOCL
期限			102498		THUOCL
收益			102220		THUOCL
营销			102134		THUOCL
商务			101967		THUOCL
财富			99593		THUOCL
顾客			99546		THUOCL
发行			99502		THUOCL
财务			98448		THUOCL
账户			98305		THUOCL
投资者			98139		THUOCL
受损			97533		THUOCL
缴纳			96884		THUOCL
税收			96632		THUOCL
主管部门			95437		THUOCL
货币			94665		THUOCL
研究员			93228		THUOCL
基金会			92440		THUOCL
百分点			92342		THUOCL
物业			91610		THUOCL
特区			91388		THUOCL
等级			90805		THUOCL
日期			90222		THUOCL
企业家			85988		THUOCL
债务			85458		THUOCL
比重			84379		THUOCL
崛起			84150		THUOCL
代理			83939		THUOCL
调控			82856		THUOCL
协同			82491		THUOCL
业绩			81889		THUOCL
本土			81012		THUOCL
农产品			80792		THUOCL
数额			80330		THUOCL
收购			80160		THUOCL
租赁			80068		THUOCL
储备			79268		THUOCL
查获			78697		THUOCL
组合			78688		THUOCL
周期			77769		THUOCL
着手			77456		THUOCL
通讯			77199		THUOCL
证券			76141		THUOCL
恶化			75850		THUOCL
友谊			75401		THUOCL
责任人			75331		THUOCL
正规			75018		THUOCL
国际化			74559		THUOCL
流通			74519		THUOCL
奖金			74326		THUOCL
供给			74310		THUOCL
财政部			74243		THUOCL
信用			74087		THUOCL
备案			73378		THUOCL
捐款			72000		THUOCL
挂牌			70411		THUOCL
筹备			70317		THUOCL
下滑			70070		THUOCL
上月			69522		THUOCL
开发区			68969		THUOCL
赚钱			67360		THUOCL
个体			66861		THUOCL
市场化			66692		THUOCL
板块			66615		THUOCL
成交			66600		THUOCL
中介			66552		THUOCL
下跌			66515		THUOCL
涨幅			66023		THUOCL
太平洋			65735		THUOCL
受贿			65518		THUOCL
初期			64890		THUOCL
中小企业			62836		THUOCL
达标			62409		THUOCL
产量			62095		THUOCL
订单			61502		THUOCL
均衡			61422		THUOCL
存款			61000		THUOCL
经营者			60137		THUOCL
波动			59311		THUOCL
招商			58645		THUOCL
华侨			58607		THUOCL
审计			57923		THUOCL
电子商务			57188		THUOCL
股票			57149		THUOCL
份额			56823		THUOCL
遗产			56020		THUOCL
结算			55679		THUOCL
隔离			55292		THUOCL
业界			54352		THUOCL
国企			54248		THUOCL
促销			54072		THUOCL
签字			53592		THUOCL
垄断			53492		THUOCL
利率			53477		THUOCL
社保			53175		THUOCL
招标			52855		THUOCL
额度			52404		THUOCL
月薪			52357		THUOCL
租金			52160		THUOCL
合并			52121		THUOCL
定价			52095		THUOCL
低价			51915		THUOCL
进出口			51867		THUOCL
发改委			51662		THUOCL
反弹			51645		THUOCL
欧元			51614		THUOCL
控股			51444		THUOCL
转让			51273		THUOCL
担保			51072		THUOCL
外资			51027		THUOCL
伪造			50938		THUOCL
指引			50911		THUOCL
瓶颈			50829		THUOCL
定点			50653		THUOCL
开办			50588		THUOCL
股东			50247		THUOCL
上游			49875		THUOCL
法人			49467		THUOCL
专利			48971		THUOCL
收回			48925		THUOCL
央行			48921		THUOCL
形态			48636		THUOCL
筹集			48582		THUOCL
转换			48300		THUOCL
信贷			48283		THUOCL
银行卡			48277		THUOCL
被盗			48115		THUOCL
网点			48076		THUOCL
走势			47762		THUOCL
攀升			47323		THUOCL
仓库			46589		THUOCL
工商局			46251		THUOCL
厂房			46103		THUOCL
结构性			45943		THUOCL
缴费			45688		THUOCL
到期			44970		THUOCL
混合			44652		THUOCL
招商引资			44644		THUOCL
步骤			43778		THUOCL
区间			43612		THUOCL
参与者			43237		THUOCL
商会			43102		THUOCL
缺口			42908		THUOCL
国际上			42843		THUOCL
产值			42791		THUOCL
宣告			42487		THUOCL
下调			42398		THUOCL
款项			42305		THUOCL
利息			42302		THUOCL
国民经济			42025		THUOCL
获利			41787		THUOCL
安全性			41309		THUOCL
亏损			41100		THUOCL
存放			41015		THUOCL
低迷			40781		THUOCL
巨头			40710		THUOCL
库存			40686		THUOCL
吸纳			40606		THUOCL
恐慌			40553		THUOCL
电网			40270		THUOCL
上调			40231		THUOCL
类别			39956		THUOCL
原告			39937		THUOCL
筛选			39771		THUOCL
华商			39629		THUOCL
四大			38734		THUOCL
亚太			38572		THUOCL
多样化			38285		THUOCL
合作社			38076		THUOCL
考量			37447		THUOCL
报酬			37389		THUOCL
增值			37316		THUOCL
归还			37293		THUOCL
流动性			37000		THUOCL
索赔			36942		THUOCL
财力			36705		THUOCL
测量			36689		THUOCL
标注			36587		THUOCL
余额			36288		THUOCL
红利			36173		THUOCL
经销商			36080		THUOCL
赌博			35876		THUOCL
构筑			35520		THUOCL
模型			35416		THUOCL
纳税人			35289		THUOCL
兼职			35102		THUOCL
拨款			35062		THUOCL
扣除			34907		THUOCL
返还			34831		THUOCL
首创			34603		THUOCL
付款			34574		THUOCL
偿还			34550		THUOCL
集会			34354		THUOCL
内需			34334		THUOCL
议案			34258		THUOCL
挪用			34233		THUOCL
惯例			33866		THUOCL
突破口			33771		THUOCL
年会			33686		THUOCL
副主席			33608		THUOCL
密度			33557		THUOCL
均价			33447		THUOCL
闲置			33392		THUOCL
区域性			33169		THUOCL
冻结			33061		THUOCL
数据库			33029		THUOCL
行长			32913		THUOCL
核准			32880		THUOCL
一季度			32755		THUOCL
楼盘			32718		THUOCL
债券			32695		THUOCL
观测			32649		THUOCL
董事			32637		THUOCL
凭证			32214		THUOCL
拖欠			32167		THUOCL
编号			32129		THUOCL
团购			32005		THUOCL
欺骗			31687		THUOCL
增长率			31624		THUOCL
博弈			31567		THUOCL
利好			31520		THUOCL
泡沫			31382		THUOCL
世博			31335		THUOCL
实战			31122		THUOCL
全国性			30984		THUOCL
卖出			30936		THUOCL
募集			30698		THUOCL
透明度			30687		THUOCL
汇率			30539		THUOCL
稳健			30480		THUOCL
购房者			30393		THUOCL
信用卡			30305		THUOCL
彩票			30037		THUOCL
薪酬			29991		THUOCL
社会保险			29946		THUOCL
折扣			29929		THUOCL
英镑			29915		THUOCL
投标			29607		THUOCL
进场			29412		THUOCL
落下			29102		THUOCL
成交量			28913		THUOCL
日元			28792		THUOCL
交易所			28424		THUOCL
集合			28110		THUOCL
核定			28020		THUOCL
基准			27905		THUOCL
参保			27630		THUOCL
总收入			27520		THUOCL
破产			27380		THUOCL
稳定性			27169		THUOCL
规章			27150		THUOCL
修正			26799		THUOCL
津贴			26795		THUOCL
飙升			26668		THUOCL
免职			26657		THUOCL
油价			26512		THUOCL
查封			26363		THUOCL
轮胎			26259		THUOCL
开盘			26185		THUOCL
走私			26041		THUOCL
外汇			26022		THUOCL
免除			25840		THUOCL
报价			25794		THUOCL
失业率			25782		THUOCL
打折			25755		THUOCL
转账			25736		THUOCL
崩溃			25695		THUOCL
保险公司			25683		THUOCL
宏观调控			25619		THUOCL
代理人			25320		THUOCL
弊端			25291		THUOCL
信誉			25264		THUOCL
升值			25183		THUOCL
黑名单			25159		THUOCL
有效期			25134		THUOCL
石化			25046		THUOCL
预留			24510		THUOCL
操纵			24398		THUOCL
长城			24250		THUOCL
股价			24109		THUOCL
华夏			24047		THUOCL
新京报			23999		THUOCL
天价			23875		THUOCL
违约			23854		THUOCL
持续性			23816		THUOCL
环球时报			23795		THUOCL
基调			23792		THUOCL
附加			23639		THUOCL
仲裁			23429		THUOCL
珠江			23312		THUOCL
写字楼			23282		THUOCL
董事会			23269		THUOCL
激增			23221		THUOCL
杠杆			23033		THUOCL
投资人			22882		THUOCL
拨付			22839		THUOCL
分割			22770		THUOCL
跌幅			22669		THUOCL
席位			22541		THUOCL
延期			22535		THUOCL
央企			22450		THUOCL
证监会			22393		THUOCL
兴业			22382		THUOCL
匮乏			21961		THUOCL
震荡			21868		THUOCL
总价			21811		THUOCL
买单			21807		THUOCL
增值税			21772		THUOCL
所有权			21649		THUOCL
票据			21637		THUOCL
期货			21635		THUOCL
子公司			21631		THUOCL
金融业			21554		THUOCL
汇款			21545		THUOCL
投资额			21541		THUOCL
多媒体			21299		THUOCL
保证金			21289		THUOCL
价位			20766		THUOCL
知情人			20671		THUOCL
筹资			20509		THUOCL
按计划			20372		THUOCL
集装箱			20140		THUOCL
机电			20086		THUOCL
抛出			20035		THUOCL
产出			19942		THUOCL
贬值			19771		THUOCL
分化			19642		THUOCL
中标			19586		THUOCL
差价			19584		THUOCL
同级			19538		THUOCL
投机			19492		THUOCL
合伙			19459		THUOCL
收盘			19418		THUOCL
抽奖			19408		THUOCL
饱和			19332		THUOCL
阿里巴巴			19329		THUOCL
解散			19241		THUOCL
获准			18948		THUOCL
经济危机			18947		THUOCL
下落			18945		THUOCL
停职			18907		THUOCL
赚取			18873		THUOCL
审慎			18749		THUOCL
生产能力			18622		THUOCL
波音			18537		THUOCL
关税			18505		THUOCL
手续费			18417		THUOCL
充斥			18362		THUOCL
封顶			18288		THUOCL
储蓄			18268		THUOCL
复核			18216		THUOCL
监护人			18131		THUOCL
暴涨			17882		THUOCL
分红			17834		THUOCL
盘活			17816		THUOCL
理赔			17793		THUOCL
社会团体			17771		THUOCL
逆转			17728		THUOCL
华尔街日报			17719		THUOCL
市值			17693		THUOCL
港元			17665		THUOCL
管理层			17641		THUOCL
停滞			17542		THUOCL
万达			17519		THUOCL
评级			17423		THUOCL
供不应求			17422		THUOCL
负债			17374		THUOCL
扣留			17278		THUOCL
大盘			17275		THUOCL
赤字			17182		THUOCL
深层次			17148		THUOCL
欧元区			17021		THUOCL
薪水			17017		THUOCL
中信			16949		THUOCL
明珠			16902		THUOCL
手势			16841		THUOCL
不动产			16757		THUOCL
网购			16602		THUOCL
国债			16480		THUOCL
托管			16403		THUOCL
不定期			16361		THUOCL
清算			16346		THUOCL
主业			16344		THUOCL
中国银行			16207		THUOCL
远东			16062		THUOCL
欠款			15988		THUOCL
协议书			15967		THUOCL
偏离			15962		THUOCL
港币			15915		THUOCL
白银			15807		THUOCL
黄海			15792		THUOCL
年薪			15758		THUOCL
暴利			15641		THUOCL
撤回			15621		THUOCL
经纪人			15500		THUOCL
收益率			15458		THUOCL
房地产业			15425		THUOCL
宽带			15375		THUOCL
购进			15372		THUOCL
境内外			15333		THUOCL
计量			15273		THUOCL
化验			15255		THUOCL
国际贸易			15110		THUOCL
废止			15026		THUOCL
圣地			14926		THUOCL
联谊			14843		THUOCL
赌场			14781		THUOCL
透支			14740		THUOCL
发起人			14733		THUOCL
保费			14396		THUOCL
上行			14376		THUOCL
保值			14345		THUOCL
股份制			14260		THUOCL
中石化			14159		THUOCL
发货			14090		THUOCL
南航			14022		THUOCL
中关村			13998		THUOCL
交易额			13941		THUOCL
补办			13873		THUOCL
差额			13800		THUOCL
福彩			13694		THUOCL
受惠			13678		THUOCL
中小型			13671		THUOCL
暴跌			13647		THUOCL
信托			13621		THUOCL
知情者			13441		THUOCL
对外贸易			13419		THUOCL
会计师			13391		THUOCL
井喷			13378		THUOCL
本金			13362		THUOCL
中欧			13273		THUOCL
成因			13254		THUOCL
净利润			13024		THUOCL
精密			12946		THUOCL
通货膨胀			12930		THUOCL
贴息			12926		THUOCL
万里			12909		THUOCL
交易量			12802		THUOCL
券商			12714		THUOCL
交易日			12689		THUOCL
跨国公司			12631		THUOCL
银监会			12620		THUOCL
下单			12360		THUOCL
大西洋			12338		THUOCL
套取			12310		THUOCL
特许			12200		THUOCL
金融时报			12191		THUOCL
债权			12069		THUOCL
开户			12004		THUOCL
洗钱			11930		THUOCL
代理商			11918		THUOCL
中海			11843		THUOCL
购买力			11841		THUOCL
筹码			11840		THUOCL
财长			11763		THUOCL
经济圈			11698		THUOCL
资本市场			11655		THUOCL
股民			11641		THUOCL
孵化器			11622		THUOCL
定金			11460		THUOCL
单据			11455		THUOCL
回扣			11375		THUOCL
罢工			11325		THUOCL
年报			11267		THUOCL
盘中			11263		THUOCL
平价			11161		THUOCL
华尔街			11115		THUOCL
报表			11086		THUOCL
上浮			11036		THUOCL
卖点			11021		THUOCL
变数			10918		THUOCL
房贷			10830		THUOCL
专款			10774		THUOCL
建筑业			10756		THUOCL
中西			10690		THUOCL
互换			10687		THUOCL
变卖			10619		THUOCL
股指			10546		THUOCL
硅谷			10499		THUOCL
技术改造			10484		THUOCL
连云港			10472		THUOCL
杂志社			10438		THUOCL
挤出			10378		THUOCL
采样			10336		THUOCL
债权人			10329		THUOCL
加息			10293		THUOCL
保税			10191		THUOCL
盗取			10182		THUOCL
消费税			10177		THUOCL
完整性			10109		THUOCL
沃尔玛			10087		THUOCL
万科			10065		THUOCL
市场部			10052		THUOCL
介于			10051		THUOCL
美联储			10023		THUOCL
畅游			9972		THUOCL
契约			9929		THUOCL
放贷			9925		THUOCL
麦当劳			9918		THUOCL
面值			9784		THUOCL
税务局			9780		THUOCL
赔钱			9749		THUOCL
福特			9586		THUOCL
共产主义			9522		THUOCL
按揭			9486		THUOCL
持卡			9478		THUOCL
远期			9471		THUOCL
基点			9396		THUOCL
按月			9328		THUOCL
炒股			9244		THUOCL
工行			9241		THUOCL
竞标			9225		THUOCL
违约金			9209		THUOCL
出局			9195		THUOCL
中兴			9165		THUOCL
首席执行官			9153		THUOCL
独资			9143		THUOCL
铁道			9124		THUOCL
硬币			9071		THUOCL
跌破			9005		THUOCL
插队			8951		THUOCL
高利贷			8945		THUOCL
专营			8914		THUOCL
估价			8912		THUOCL
益处			8912		THUOCL
工钱			8895		THUOCL
推介会			8813		THUOCL
回调			8741		THUOCL
超值			8734		THUOCL
所有者			8728		THUOCL
抵消			8724		THUOCL
要价			8715		THUOCL
黑手			8695		THUOCL
短线			8670		THUOCL
萧条			8655		THUOCL
出逃			8642		THUOCL
经理人			8628		THUOCL
出货			8617		THUOCL
佣金			8580		THUOCL
体彩			8569		THUOCL
市场占有率			8560		THUOCL
海尔			8513		THUOCL
东航			8346		THUOCL
压低			8340		THUOCL
损耗			8307		THUOCL
图形			8293		THUOCL
仪表			8288		THUOCL
后市			8226		THUOCL
房款			8218		THUOCL
上证			8200		THUOCL
支票			8199		THUOCL
增资			8197		THUOCL
准备金率			8181		THUOCL
顶峰			8079		THUOCL
发行量			7920		THUOCL
淡出			7909		THUOCL
收款			7889		THUOCL
开门红			7867		THUOCL
盗用			7823		THUOCL
携程			7769		THUOCL
图表			7757		THUOCL
古董			7668		THUOCL
买方			7663		THUOCL
摇摆			7662		THUOCL
资本金			7651		THUOCL
申购			7645		THUOCL
接洽			7584		THUOCL
大连港			7559		THUOCL
新世界			7488		THUOCL
主营业务			7444		THUOCL
现货			7434		THUOCL
回报率			7401		THUOCL
澳元			7393		THUOCL
资本主义			7324		THUOCL
国有化			7308		THUOCL
批发商			7289		THUOCL
涨跌			7284		THUOCL
主板			7277		THUOCL
预热			7265		THUOCL
补助金			7244		THUOCL
顺差			7235		THUOCL
诺基亚			7197		THUOCL
可信度			7163		THUOCL
租借			7143		THUOCL
搜狐			7138		THUOCL
锦江			7128		THUOCL
母公司			7083		THUOCL
周期性			7071		THUOCL
新台阶			7023		THUOCL
外债			6993		THUOCL
最高点			6937		THUOCL
公用事业			6814		THUOCL
充值			6772		THUOCL
网银			6770		THUOCL
王府井			6731		THUOCL
抛售			6718		THUOCL
薪金			6700		THUOCL
亚马逊			6672		THUOCL
卡号			6650		THUOCL
保险业			6639		THUOCL
质押			6628		THUOCL
套现			6617		THUOCL
溢价			6559		THUOCL
补足			6522		THUOCL
收储			6519		THUOCL
陆家嘴			6513		THUOCL
可口可乐			6505		THUOCL
九州			6481		THUOCL
徐家汇			6457		THUOCL
私企			6429		THUOCL
年金			6405		THUOCL
过热			6399		THUOCL
吃紧			6367		THUOCL
本息			6362		THUOCL
汇丰			6356		THUOCL
倾销			6322		THUOCL
净值			6319		THUOCL
遗嘱			6271		THUOCL
遥遥领先			6261		THUOCL
不容乐观			6243		THUOCL
入主			6228		THUOCL
失守			6203		THUOCL
财团			6201		THUOCL
逆势			6174		THUOCL
金牛			6143		THUOCL
批文			6125		THUOCL
谷底			6125		THUOCL
附加费			6064		THUOCL
增发			6057		THUOCL
拒收			6043		THUOCL
鄂尔多斯			6015		THUOCL
国安			6008		THUOCL
税金			5989		THUOCL
南洋			5976		THUOCL
总行			5952		THUOCL
斩获			5951		THUOCL
财政赤字			5934		THUOCL
背书			5914		THUOCL
贵金属			5896		THUOCL
市场体系			5891		THUOCL
暴富			5868		THUOCL
委托书			5849		THUOCL
牛市			5832		THUOCL
第一财经日报			5814		THUOCL
散户			5810		THUOCL
联通			5809		THUOCL
停牌			5807		THUOCL
海航			5797		THUOCL
翻一番			5767		THUOCL
中行			5766		THUOCL
救市			5743		THUOCL
股本			5730		THUOCL
白云机场			5701		THUOCL
存货			5688		THUOCL
时效性			5682		THUOCL
逃税			5659		THUOCL
静止			5653		THUOCL
外币			5614		THUOCL
网下			5614		THUOCL
金矿			5600		THUOCL
外销			5565		THUOCL
金条			5532		THUOCL
保监会			5443		THUOCL
流动资金			5429		THUOCL
盈余			5413		THUOCL
比价			5359		THUOCL
有价证券			5338		THUOCL
天津港			5318		THUOCL
保单			5317		THUOCL
结清			5315		THUOCL
首付款			5312		THUOCL
展期			5288		THUOCL
国民收入			5272		THUOCL
古玩			5264		THUOCL
反转			5234		THUOCL
联办			5171		THUOCL
监事会			5151		THUOCL
回购			5126		THUOCL
一年期			5122		THUOCL
意向书			5108		THUOCL
中小板			5101		THUOCL
面额			5098		THUOCL
银联			5097		THUOCL
国网			5086		THUOCL
看涨			5084		THUOCL
经济参考报			5070		THUOCL
借款人			5065		THUOCL
广发			5053		THUOCL
承租人			5010		THUOCL
百花			5000		THUOCL
融通			4999		THUOCL
放量			4959		THUOCL
出纳			4916		THUOCL
白云山			4907		THUOCL
准备金			4892		THUOCL
临界			4891		THUOCL
逆差			4847		THUOCL
偿债			4838		THUOCL
非公经济			4838		THUOCL
退场			4834		THUOCL
日内			4760		THUOCL
颓势			4753		THUOCL
投票权			4738		THUOCL
测验			4724		THUOCL
赎回			4705		THUOCL
豁免			4680		THUOCL
金融界			4669		THUOCL
双开			4666		THUOCL
深交所			4662		THUOCL
通盘			4637		THUOCL
金融街			4625		THUOCL
清偿			4621		THUOCL
打转			4586		THUOCL
钱币			4584		THUOCL
高盛			4520		THUOCL
净资产			4518		THUOCL
新经济			4493		THUOCL
经济技术开发区			4469		THUOCL
合金			4466		THUOCL
炒房			4461		THUOCL
衍生品			4393		THUOCL
波浪			4387		THUOCL
日照			4376		THUOCL
宝钢			4340		THUOCL
监事			4340		THUOCL
一触即发			4336		THUOCL
金融办			4334		THUOCL
中远			4321		THUOCL
永安			4278		THUOCL
软着陆			4275		THUOCL
利空			4262		THUOCL
板材			4260		THUOCL
金桥			4254		THUOCL
电讯			4223		THUOCL
综述			4213		THUOCL
摩根			4208		THUOCL
动因			4180		THUOCL
年审			4175		THUOCL
雅虎			4155		THUOCL
退市			4140		THUOCL
人寿保险			4136		THUOCL
中南财经政法大学			4108		THUOCL
三角形			4092		THUOCL
托盘			4088		THUOCL
据传			4009		THUOCL
盎司			4005		THUOCL
出资人			3993		THUOCL
中国银监会			3981		THUOCL
信贷资金			3972		THUOCL
花旗			3971		THUOCL
政府采购			3961		THUOCL
假定			3955		THUOCL
富国			3944		THUOCL
胜算			3944		THUOCL
抵押物			3941		THUOCL
国泰			3940		THUOCL
特困户			3938		THUOCL
通胀率			3934		THUOCL
银行家			3924		THUOCL
上汽			3919		THUOCL
避风港			3891		THUOCL
证券化			3877		THUOCL
变量			3873		THUOCL
配售			3869		THUOCL
折旧			3866		THUOCL
新纪元			3844		THUOCL
买进			3837		THUOCL
伊利			3823		THUOCL
经济日报			3797		THUOCL
低点			3793		THUOCL
浦发			3782		THUOCL
偿付			3780		THUOCL
探底			3766		THUOCL
折价			3759		THUOCL
烽火			3757		THUOCL
崩盘			3741		THUOCL
沪指			3724		THUOCL
银山			3722		THUOCL
寿险			3680		THUOCL
上交所			3667		THUOCL
保额			3666		THUOCL
蓝筹股			3658		THUOCL
珠峰			3655		THUOCL
硬指标			3644		THUOCL
金杯			3638		THUOCL
热炒			3625		THUOCL
惠普			3609		THUOCL
白金			3574		THUOCL
天安			3573		THUOCL
雷声			3541		THUOCL
招商局			3522		THUOCL
交割			3492		THUOCL
买断			3462		THUOCL
分期付款			3460		THUOCL
招行			3442		THUOCL
武钢			3432		THUOCL
避税			3400		THUOCL
趋同			3366		THUOCL
英特尔			3339		THUOCL
期权			3338		THUOCL
评语			3321		THUOCL
债务人			3314		THUOCL
无形资产			3299		THUOCL
开拓进取			3298		THUOCL
货币化			3295		THUOCL
强生			3271		THUOCL
获批			3259		THUOCL
星巴克			3253		THUOCL
中国人民银行			3229		THUOCL
钱庄			3228		THUOCL
异动			3226		THUOCL
进口商			3222		THUOCL
预付款			3214		THUOCL
比索			3212		THUOCL
盗刷			3197		THUOCL
次月			3190		THUOCL
财险			3183		THUOCL
金鹰			3173		THUOCL
销售一空			3168		THUOCL
国家外汇管理局			3167		THUOCL
港股			3140		THUOCL
参保率			3118		THUOCL
中银			3117		THUOCL
游资			3116		THUOCL
投资方			3115		THUOCL
三联			3113		THUOCL
印花税			3100		THUOCL
交行			3092		THUOCL
存贷款			3081		THUOCL
金城			3080		THUOCL
中国经济周刊			3079		THUOCL
物价指数			3076		THUOCL
担保人			3049		THUOCL
光华			3042		THUOCL
国泰君安			3024		THUOCL
黑钱			2989		THUOCL
出口商			2985		THUOCL
风控			2981		THUOCL
仓位			2953		THUOCL
国电			2941		THUOCL
跨行			2937		THUOCL
存单			2936		THUOCL
纪念章			2880		THUOCL
拒付			2850		THUOCL
统计学			2848		THUOCL
京西			2844		THUOCL
邮政储蓄			2840		THUOCL
调回			2817		THUOCL
扭亏为盈			2816		THUOCL
卧龙			2772		THUOCL
发行价			2751		THUOCL
财务部			2751		THUOCL
大中型企业			2741		THUOCL
消费类			2741		THUOCL
阿波罗			2718		THUOCL
还本付息			2706		THUOCL
发行人			2702		THUOCL
坏账			2687		THUOCL
中间商			2667		THUOCL
国药			2666		THUOCL
价差			2651		THUOCL
卖价			2647		THUOCL
中文网			2643		THUOCL
商品市场			2638		THUOCL
商品化			2627		THUOCL
双汇			2619		THUOCL
优先权			2589		THUOCL
大人物			2573		THUOCL
总需求			2572		THUOCL
下陷			2570		THUOCL
戴尔			2551		THUOCL
代销			2543		THUOCL
摘牌			2536		THUOCL
跌至			2531		THUOCL
赌球			2523		THUOCL
资产负债表			2516		THUOCL
利差			2494		THUOCL
灰色收入			2473		THUOCL
汇票			2464		THUOCL
金库			2457		THUOCL
金卡			2453		THUOCL
净赚			2435		THUOCL
月报			2432		THUOCL
典当			2422		THUOCL
风险投资			2402		THUOCL
投机者			2398		THUOCL
跌势			2398		THUOCL
公平交易			2390		THUOCL
承兑			2384		THUOCL
动产			2378		THUOCL
国货			2376		THUOCL
到账			2373		THUOCL
当期			2351		THUOCL
闲钱			2346		THUOCL
每日经济新闻			2345		THUOCL
清仓			2323		THUOCL
联华			2318		THUOCL
纪念币			2315		THUOCL
报税			2305		THUOCL
股票市场			2293		THUOCL
创投			2287		THUOCL
按日			2277		THUOCL
滚雪球			2277		THUOCL
压价			2261		THUOCL
外高桥			2257		THUOCL
牌价			2244		THUOCL
熊市			2243		THUOCL
长阳			2243		THUOCL
假钞			2240		THUOCL
领票			2238		THUOCL
汇出			2230		THUOCL
另行通知			2227		THUOCL
张裕			2216		THUOCL
蓄势			2181		THUOCL
缴款			2178		THUOCL
亚信			2172		THUOCL
国信			2164		THUOCL
空头			2160		THUOCL
投资性			2135		THUOCL
营业执照			2131		THUOCL
核战争			2130		THUOCL
四季度			2125		THUOCL
汇市			2107		THUOCL
合资企业			2102		THUOCL
催收			2095		THUOCL
广厦			2081		THUOCL
费率			2074		THUOCL
贷款人			2059		THUOCL
普涨			2051		THUOCL
金融城			2048		THUOCL
科学城			2047		THUOCL
储蓄卡			2041		THUOCL
股息			2040		THUOCL
战略家			2037		THUOCL
收市			2037		THUOCL
负债率			2030		THUOCL
汇兑			2001		THUOCL
币值			1979		THUOCL
账簿			1964		THUOCL
套牢			1953		THUOCL
康佳			1922		THUOCL
盲目性			1914		THUOCL
中华网			1905		THUOCL
出租人			1892		THUOCL
点数			1887		THUOCL
债市			1886		THUOCL
停板			1873		THUOCL
交易区			1871		THUOCL
克拉			1860		THUOCL
黑金			1854		THUOCL
买通			1840		THUOCL
承销			1839		THUOCL
华安			1831		THUOCL
操作员			1825		THUOCL
典当行			1816		THUOCL
早盘			1815		THUOCL
炎黄			1815		THUOCL
网商			1808		THUOCL
持卡人			1805		THUOCL
宝洁			1790		THUOCL
信托公司			1788		THUOCL
取现			1780		THUOCL
放高利贷			1776		THUOCL
凌云			1736		THUOCL
纯金			1733		THUOCL
公债			1727		THUOCL
祁连山			1727		THUOCL
变现			1714		THUOCL
付息			1710		THUOCL
度量			1709		THUOCL
外汇管理			1707		THUOCL
分销商			1705		THUOCL
遗产税			1699		THUOCL
监事长			1687		THUOCL
融资额			1680		THUOCL
兼营			1679		THUOCL
金融市场			1678		THUOCL
最高价			1673		THUOCL
贴现			1672		THUOCL
美国银行			1668		THUOCL
上海财经大学			1649		THUOCL
鞍钢			1645		THUOCL
撤资			1632		THUOCL
接盘			1629		THUOCL
救世主			1626		THUOCL
开卡			1613		THUOCL
后撤			1605		THUOCL
阿胶			1602		THUOCL
金融股			1598		THUOCL
结汇			1583		THUOCL
无息贷款			1582		THUOCL
税基			1579		THUOCL
营销部			1579		THUOCL
对冲			1566		THUOCL
海龙			1565		THUOCL
安信			1564		THUOCL
萤火虫			1548		THUOCL
通联			1530		THUOCL
步步高			1526		THUOCL
规划委			1524		THUOCL
中签			1507		THUOCL
收盘价			1500		THUOCL
国际大厦			1499		THUOCL
机制性			1493		THUOCL
挤兑			1490		THUOCL
比特			1475		THUOCL
开盘价			1471		THUOCL
六合彩			1448		THUOCL
存款人			1446		THUOCL
平仓			1439		THUOCL
全聚德			1434		THUOCL
全面发力			1429		THUOCL
公募			1429		THUOCL
韵达			1422		THUOCL
鼎立			1419		THUOCL
银监局			1408		THUOCL
中国联通			1404		THUOCL
乐视网			1402		THUOCL
中国经营报			1398		THUOCL
满堂红			1394		THUOCL
国投			1392		THUOCL
选择权			1389		THUOCL
金马			1387		THUOCL
出资额			1375		THUOCL
承销商			1365		THUOCL
新卡			1353		THUOCL
热钱			1349		THUOCL
经济基本面			1343		THUOCL
通货紧缩			1341		THUOCL
特别关注			1339		THUOCL
币种			1329		THUOCL
银元			1328		THUOCL
通货			1326		THUOCL
杀跌			1320		THUOCL
股份有限公司			1314		THUOCL
自由竞争			1312		THUOCL
新大陆			1306		THUOCL
资产负债率			1301		THUOCL
暂行办法			1296		THUOCL
分理处			1292		THUOCL
涨跌幅			1289		THUOCL
截止日			1287		THUOCL
所有权证			1287		THUOCL
收进			1280		THUOCL
债权国			1266		THUOCL
华新			1247		THUOCL
天龙			1238		THUOCL
百事可乐			1238		THUOCL
农林牧渔			1223		THUOCL
私募			1214		THUOCL
华西村			1210		THUOCL
商誉			1210		THUOCL
奇虎			1209		THUOCL
银币			1202		THUOCL
抄底			1191		THUOCL
实施细则			1188		THUOCL
经济学界			1181		THUOCL
减仓			1175		THUOCL
信用证			1162		THUOCL
购回			1157		THUOCL
卖主			1155		THUOCL
管理办法			1151		THUOCL
万事达			1150		THUOCL
交易商			1140		THUOCL
行话			1139		THUOCL
随行就市			1135		THUOCL
领跌			1125		THUOCL
国华			1119		THUOCL
投资家			1115		THUOCL
包钢			1113		THUOCL
信贷资产			1105		THUOCL
汇源			1102		THUOCL
中长线			1094		THUOCL
包销			1094		THUOCL
方兴			1093		THUOCL
公司制			1071		THUOCL
水仙			1069		THUOCL
嘉实			1067		THUOCL
长岭			1067		THUOCL
证券法			1062		THUOCL
新城市			1060		THUOCL
五环			1058		THUOCL
尾盘			1058		THUOCL
三农			1057		THUOCL
布告			1052		THUOCL
中农			1047		THUOCL
组选			1041		THUOCL
城投			1031		THUOCL
跨年度			1027		THUOCL
五道口			1024		THUOCL
文峰			1023		THUOCL
翻两番			1022		THUOCL
信贷员			1019		THUOCL
均线			1015		THUOCL
还本			1015		THUOCL
保护价			1013		THUOCL
中国国航			1010		THUOCL
大东海			1009		THUOCL
大盘股			1007		THUOCL
商社			1002		THUOCL
北大荒			1001		THUOCL
信达			993		THUOCL
总账			986		THUOCL
杜邦			982		THUOCL
重仓			979		THUOCL
丹江			978		THUOCL
普通股			971		THUOCL
香梨			968		THUOCL
分散化			966		THUOCL
聚酯			966		THUOCL
汇通			961		THUOCL
老凤祥			958		THUOCL
资产评估			954		THUOCL
磁卡			950		THUOCL
个股			947		THUOCL
百大			941		THUOCL
投资界			938		THUOCL
低开			934		THUOCL
中北			930		THUOCL
商业城			928		THUOCL
气势如虹			926		THUOCL
中石油			925		THUOCL
扣款			921		THUOCL
上证综指			918		THUOCL
仁和			913		THUOCL
原始积累			911		THUOCL
摩根大通			911		THUOCL
验钞机			911		THUOCL
银行界			906		THUOCL
金融资产			904		THUOCL
审计师			903		THUOCL
广深铁路			902		THUOCL
追涨			897		THUOCL
储蓄率			889		THUOCL
波幅			889		THUOCL
流标			886		THUOCL
黑豹			876		THUOCL
日经指数			873		THUOCL
加仓			869		THUOCL
中化			865		THUOCL
寄放			865		THUOCL
南网			864		THUOCL
宽限期			863		THUOCL
贵宾厅			858		THUOCL
估值			852		THUOCL
合股			846		THUOCL
商业周刊			843		THUOCL
售楼部			840		THUOCL
金鼎			837		THUOCL
龙虎榜			835		THUOCL
浦发银行			831		THUOCL
评估师			831		THUOCL
投资型			830		THUOCL
诡计			830		THUOCL
万华			827		THUOCL
天保			827		THUOCL
苏泊尔			817		THUOCL
超跌			814		THUOCL
银质			811		THUOCL
势态			807		THUOCL
净额			805		THUOCL
当铺			805		THUOCL
安永			802		THUOCL
天弘			800		THUOCL
中国证券报			798		THUOCL
古钱币			798		THUOCL
配股			794		THUOCL
急升			793		THUOCL
爱立信			793		THUOCL
金泰			787		THUOCL
狂跌			786		THUOCL
滞胀			784		THUOCL
复利			781		THUOCL
抢单			781		THUOCL
信用度			780		THUOCL
权证			780		THUOCL
白金卡			779		THUOCL
流转税			774		THUOCL
重估			774		THUOCL
硬通货			771		THUOCL
长运			771		THUOCL
华信			769		THUOCL
吴中			763		THUOCL
华源			762		THUOCL
中铁二局			760		THUOCL
耐克			760		THUOCL
产成品			758		THUOCL
踏空			752		THUOCL
中集			749		THUOCL
中科			747		THUOCL
新鸿基			747		THUOCL
选股			741		THUOCL
担保费			735		THUOCL
雅戈尔			729		THUOCL
群聚			728		THUOCL
同城			725		THUOCL
开仓			722		THUOCL
出清			721		THUOCL
高点			717		THUOCL
中信集团			711		THUOCL
波峰			709		THUOCL
风险系数			709		THUOCL
交银			707		THUOCL
优先股			690		THUOCL
网通			688		THUOCL
创智			681		THUOCL
新机制			679		THUOCL
基本点			673		THUOCL
换汇			672		THUOCL
中标者			669		THUOCL
财智			669		THUOCL
实体经济			667		THUOCL
资助金			667		THUOCL
偏转			655		THUOCL
购汇			653		THUOCL
白猫			652		THUOCL
凤凰卫视			646		THUOCL
递延			645		THUOCL
康达			643		THUOCL
证券日报			643		THUOCL
实得			638		THUOCL
上海证券报			635		THUOCL
三立			631		THUOCL
老千			628		THUOCL
基民			626		THUOCL
控股有限公司			626		THUOCL
本票			626		THUOCL
跳空			625		THUOCL
分界点			623		THUOCL
引开			623		THUOCL
大牛市			617		THUOCL
收藏品			616		THUOCL
投标者			610		THUOCL
民丰			604		THUOCL
持仓			601		THUOCL
四通			599		THUOCL
亏损面			593		THUOCL
昌河			593		THUOCL
晨星			591		THUOCL
代理制			590		THUOCL
基价			590		THUOCL
电汇			590		THUOCL
中小盘股			589		THUOCL
虹桥机场			588		THUOCL
资本密集型			588		THUOCL
中投公司			586		THUOCL
有偿转让			581		THUOCL
满仓			580		THUOCL
回收期			579		THUOCL
缩量			578		THUOCL
评估费			577		THUOCL
备付金			576		THUOCL
混业			572		THUOCL
财付通			570		THUOCL
银华			566		THUOCL
三元			565		THUOCL
华光			565		THUOCL
万家乐			562		THUOCL
优酷网			555		THUOCL
外汇管制			551		THUOCL
外汇资金			551		THUOCL
空仓			550		THUOCL
纸钞			549		THUOCL
货币流通			549		THUOCL
流动资产			545		THUOCL
外管局			542		THUOCL
横盘			538		THUOCL
兴发			537		THUOCL
止损			535		THUOCL
九龙山			534		THUOCL
艺龙			534		THUOCL
基期			530		THUOCL
中房			528		THUOCL
瑞士法郎			525		THUOCL
晨鸣			524		THUOCL
建信			520		THUOCL
做空			516		THUOCL
商网			516		THUOCL
长盛			515		THUOCL
建仓			509		THUOCL
鸿基			509		THUOCL
外盘			508		THUOCL
纯银			507		THUOCL
山航			503		THUOCL
持币			503		THUOCL
注册费			503		THUOCL
办税厅			497		THUOCL
实盘			497		THUOCL
体制性			491		THUOCL
大化			487		THUOCL
海纳			487		THUOCL
安联			486		THUOCL
金陵饭店			485		THUOCL
黑卡			485		THUOCL
摊销			484		THUOCL
剩余价值			482		THUOCL
半年报			481		THUOCL
天士力			480		THUOCL
抛盘			480		THUOCL
绿景			479		THUOCL
证券时报			479		THUOCL
东阿阿胶			478		THUOCL
耀华			476		THUOCL
龙卡			476		THUOCL
补仓			475		THUOCL
绩优股			474		THUOCL
股利			474		THUOCL
市场报			470		THUOCL
提单			470		THUOCL
新材			469		THUOCL
春兰			467		THUOCL
创投公司			465		THUOCL
汇款人			464		THUOCL
缴足			464		THUOCL
售汇			461		THUOCL
分析师			457		THUOCL
控股权			456		THUOCL
冲销			455		THUOCL
精算师			454		THUOCL
等价交换			453		THUOCL
质押物			451		THUOCL
祥龙			447		THUOCL
赛迪			446		THUOCL
华讯			444		THUOCL
市盈率			443		THUOCL
里拉			441		THUOCL
领军者			438		THUOCL
宁波港			436		THUOCL
交强险			435		THUOCL
邵氏			435		THUOCL
普跌			428		THUOCL
国际银行			426		THUOCL
北京银行			425		THUOCL
定投			424		THUOCL
银行部			424		THUOCL
中纺			422		THUOCL
波音公司			421		THUOCL
莱钢			419		THUOCL
狮头			415		THUOCL
出超			414		THUOCL
华鼎			413		THUOCL
星美			413		THUOCL
丰华			412		THUOCL
对赌			412		THUOCL
易宝			411		THUOCL
日照港			410		THUOCL
宏观经济学			409		THUOCL
持有人			406		THUOCL
扛住			405		THUOCL
尾市			403		THUOCL
科达			402		THUOCL
东盛			401		THUOCL
具结			400		THUOCL
法律部			400		THUOCL
东信			396		THUOCL
宏业			391		THUOCL
金银币			390		THUOCL
单选			388		THUOCL
武昌鱼			387		THUOCL
二季度			386		THUOCL
集资款			386		THUOCL
天海			384		THUOCL
担保法			382		THUOCL
收汇			380		THUOCL
股改			380		THUOCL
财经网			380		THUOCL
波谷			379		THUOCL
发行额			378		THUOCL
英达			378		THUOCL
氯碱			377		THUOCL
汽油机			376		THUOCL
担保金			374		THUOCL
小阳			370		THUOCL
泰格			370		THUOCL
安全度			366		THUOCL
雷伊			363		THUOCL
湖山			362		THUOCL
赊销			362		THUOCL
金融部			360		THUOCL
受益人			359		THUOCL
花雕			359		THUOCL
入市			356		THUOCL
健民			355		THUOCL
交易税			354		THUOCL
金瑞			354		THUOCL
国民银行			352		THUOCL
开户费			352		THUOCL
仓单			351		THUOCL
南化			351		THUOCL
工作方案			348		THUOCL
伪钞			347		THUOCL
华富			345		THUOCL
外汇资产			345		THUOCL
大元			345		THUOCL
中证			344		THUOCL
淡马锡			344		THUOCL
携程网			340		THUOCL
古币			339		THUOCL
坏账率			338		THUOCL
黄页			338		THUOCL
天鸿			337		THUOCL
三力			336		THUOCL
诺安			331		THUOCL
正常性			326		THUOCL
港铁公司			326		THUOCL
抬轿			324		THUOCL
侨汇			323		THUOCL
新高点			323		THUOCL
商业银行法			322		THUOCL
中国太保			320		THUOCL
热点话题			320		THUOCL
租购			319		THUOCL
黄金储备			317		THUOCL
大摩			316		THUOCL
百事			316		THUOCL
记录员			316		THUOCL
纪念钞			311		THUOCL
研究报告			307		THUOCL
冲高			305		THUOCL
国际金融报			305		THUOCL
出口业			304		THUOCL
卡特尔			304		THUOCL
新天			303		THUOCL
邮币卡			303		THUOCL
亚星			302		THUOCL
地量			302		THUOCL
秋林			302		THUOCL
追收			302		THUOCL
金果			302		THUOCL
至高点			301		THUOCL
复权			300		THUOCL
国库券			298		THUOCL
总成交量			297		THUOCL
金融史			297		THUOCL
农行卡			296		THUOCL
富国银行			293		THUOCL
发行期			290		THUOCL
摩根斯坦利			290		THUOCL
天香			289		THUOCL
厦华			288		THUOCL
煤气化			287		THUOCL
国资局			286		THUOCL
探路者			285		THUOCL
对价			284		THUOCL
抗跌			283		THUOCL
卡包			282		THUOCL
金帝			282		THUOCL
中恒			281		THUOCL
平均利润			281		THUOCL
天方			280		THUOCL
自然人			280		THUOCL
法人股			279		THUOCL
点位			275		THUOCL
簿册			275		THUOCL
中国经济时报			273		THUOCL
国通			272		THUOCL
看跌			272		THUOCL
断点			266		THUOCL
法币			264		THUOCL
普天			263		THUOCL
达标者			263		THUOCL
中润			261		THUOCL
律师事务所			261		THUOCL
投资业			261		THUOCL
金交所			261		THUOCL
银泰百货			261		THUOCL
大降			260		THUOCL
概念股			259		THUOCL
汇丰银行			259		THUOCL
套利			256		THUOCL
中国企业家			255		THUOCL
中联重科			255		THUOCL
中恒集团			254		THUOCL
物物交换			254		THUOCL
货币战争			254		THUOCL
东软集团			253		THUOCL
削价			252		THUOCL
国富论			249		THUOCL
新大洲			249		THUOCL
景顺长城			247		THUOCL
申赎			246		THUOCL
普卡			245		THUOCL
申报率			245		THUOCL
集资额			244		THUOCL
管理学家			240		THUOCL
即期			239		THUOCL
目标公司			239		THUOCL
零存整取			239		THUOCL
中华工商时报			237		THUOCL
重仓股			235		THUOCL
百花村			233		THUOCL
合作协议			232		THUOCL
金岭			230		THUOCL
金盘			230		THUOCL
加拿大元			229		THUOCL
海泰			229		THUOCL
中小散户			228		THUOCL
建设银行			226		THUOCL
南京港			225		THUOCL
营口港			225		THUOCL
融资性			224		THUOCL
折旧率			222		THUOCL
中青宝			221		THUOCL
华南城			221		THUOCL
存定期			221		THUOCL
日线			221		THUOCL
宏盛			219		THUOCL
雅虎公司			218		THUOCL
联电			217		THUOCL
贝塔			217		THUOCL
展讯			216		THUOCL
封盘			215		THUOCL
承销团			215		THUOCL
保函			213		THUOCL
信诺			213		THUOCL
托收			213		THUOCL
七乐彩			211		THUOCL
全局观			211		THUOCL
云天化			209		THUOCL
人头税			209		THUOCL
微观经济学			208		THUOCL
正兴			208		THUOCL
瑞银集团			208		THUOCL
销卡			208		THUOCL
上海机场			207		THUOCL
伊泰			207		THUOCL
垃圾股			207		THUOCL
惠天			207		THUOCL
君子协定			206		THUOCL
补充协议			206		THUOCL
定税			205		THUOCL
国瓷			204		THUOCL
掉期			204		THUOCL
海富通			204		THUOCL
大通银行			201		THUOCL
宜华			201		THUOCL
小盘股			201		THUOCL
交易厅			200		THUOCL
海普瑞			200		THUOCL
净收入			199		THUOCL
国美电器			199		THUOCL
首局			199		THUOCL
卡种			198		THUOCL
投资量			197		THUOCL
万通地产			192		THUOCL
新黄浦			192		THUOCL
最低值			191		THUOCL
六渡桥			189		THUOCL
唐山港			189		THUOCL
双马			188		THUOCL
国发			188		THUOCL
威达			188		THUOCL
黄金宝			188		THUOCL
中侨			187		THUOCL
泡沫经济			186		THUOCL
南方公司			185		THUOCL
小肥羊			185		THUOCL
限售股			184		THUOCL
同庆			183		THUOCL
罗莱家纺			181		THUOCL
汇划			178		THUOCL
超标者			177		THUOCL
公股			174		THUOCL
协调部			174		THUOCL
张江高科			174		THUOCL
瑞龙			174		THUOCL
赌马			174		THUOCL
跨国银行			174		THUOCL
产业资本			172		THUOCL
天富			172		THUOCL
禁止令			172		THUOCL
重庆银行			172		THUOCL
九州通			171		THUOCL
思达			170		THUOCL
揽存			170		THUOCL
南控			169		THUOCL
新鸿基地产			169		THUOCL
股权转让协议			169		THUOCL
江钻			168		THUOCL
麦考林			168		THUOCL
固定资本			166		THUOCL
三普			165		THUOCL
卖空			165		THUOCL
巴克莱银行			165		THUOCL
补进			165		THUOCL
双币			164		THUOCL
光明乳业			162		THUOCL
经手费			162		THUOCL
中国建设银行			161		THUOCL
古越龙山			161		THUOCL
建通			161		THUOCL
投资品			161		THUOCL
浦银安盛			161		THUOCL
理财周报			161		THUOCL
筑底			161		THUOCL
煤炭股			160		THUOCL
抵押率			159		THUOCL
证券市场周刊			159		THUOCL
农化			158		THUOCL
涨停板			158		THUOCL
税点			158		THUOCL
美股			157		THUOCL
零首付			156		THUOCL
买价			155		THUOCL
中国石化			153		THUOCL
中资银行			153		THUOCL
利息率			152		THUOCL
套汇			152		THUOCL
汇丰集团			152		THUOCL
飚升			152		THUOCL
企业集团			150		THUOCL
蒙牛乳业			150		THUOCL
银建			147		THUOCL
现值			145		THUOCL
转押			145		THUOCL
光亚			144		THUOCL
北新路桥			144		THUOCL
宝盈			144		THUOCL
组织机构代码证			144		THUOCL
绩差			144		THUOCL
锦州港			144		THUOCL
桐君阁			143		THUOCL
海欣			143		THUOCL
金地集团			143		THUOCL
国有股			141		THUOCL
中国商报			139		THUOCL
护盘			139		THUOCL
铜城			139		THUOCL
颈圈			139		THUOCL
旭光			138		THUOCL
托普			136		THUOCL
发票管理办法			135		THUOCL
芝加哥商品交易所			135		THUOCL
动力源			133		THUOCL
南顺			132		THUOCL
换股			132		THUOCL
袁大头			132		THUOCL
高息揽存			132		THUOCL
三联商社			131		THUOCL
公司章程			131		THUOCL
浦银			130		THUOCL
瑞士银行			130		THUOCL
华天酒店			129		THUOCL
投资学			129		THUOCL
永大			129		THUOCL
附单			129		THUOCL
上海金融学院			128		THUOCL
华润集团			128		THUOCL
波段性			128		THUOCL
中国人民保险公司			127		THUOCL
博通			127		THUOCL
川大智胜			127		THUOCL
成都路桥			127		THUOCL
新财富			127		THUOCL
汇丰晋信			126		THUOCL
盘后			126		THUOCL
鲁泰			126		THUOCL
平邮			125		THUOCL
江苏舜天			125		THUOCL
恒立			124		THUOCL
清华紫光			124		THUOCL
金健米业			124		THUOCL
南京银行			123		THUOCL
国中			123		THUOCL
天宏			123		THUOCL
物贸			123		THUOCL
拆伙			121		THUOCL
爱建			121		THUOCL
多伦股份			120		THUOCL
宝信			120		THUOCL
承诺费			120		THUOCL
期货交易管理条例			120		THUOCL
收购人			118		THUOCL
空开			118		THUOCL
维加			118		THUOCL
国联安			117		THUOCL
市净率			117		THUOCL
福日			117		THUOCL
记账员			117		THUOCL
违约率			117		THUOCL
金普			117		THUOCL
浮动汇率制			116		THUOCL
验旧			116		THUOCL
斯达康			113		THUOCL
提货单			112		THUOCL
浪莎			111		THUOCL
苏宁环球			111		THUOCL
银率网			111		THUOCL
潮宏基			110		THUOCL
泸州老窖股份有限公司			108		THUOCL
到期日			107		THUOCL
宝光			107		THUOCL
罗克韦尔			107		THUOCL
雪莱特			107		THUOCL
中国宝安			106		THUOCL
成长性			106		THUOCL
中国信达资产管理公司			104		THUOCL
保增长			104		THUOCL
圣方			104		THUOCL
大华银行			104		THUOCL
融资款			104		THUOCL
保网			103		THUOCL
质押品			103		THUOCL
资本利得税			103		THUOCL
企业所得税法			102		THUOCL
创业网			102		THUOCL
互联网周刊			101		THUOCL
申购款			101		THUOCL
完税证			100		THUOCL
方大特钢			100		THUOCL
精伦			100		THUOCL
试点方案			100		THUOCL
下轨			99		THUOCL
借记			99		THUOCL
债务国			98		THUOCL
假账			98		THUOCL
统计系			98		THUOCL
朝华			97		THUOCL
计量经济学			97		THUOCL
业务线			96		THUOCL
国家统计局			96		THUOCL
增资额			96		THUOCL
衍生产品			96		THUOCL
补价			96		THUOCL
万邦达			95		THUOCL
中国网通			95		THUOCL
划断			95		THUOCL
同济堂			95		THUOCL
康达尔			95		THUOCL
洗盘			95		THUOCL
九龙仓集团			94		THUOCL
信立泰			94		THUOCL
华联商厦			94		THUOCL
奖励金			94		THUOCL
广联达			94		THUOCL
收购者			94		THUOCL
万利达			93		THUOCL
借出			93		THUOCL
合肥三洋			93		THUOCL
暴升			93		THUOCL
残余价值			93		THUOCL
澳优			93		THUOCL
累进税			93		THUOCL
经贸大学			93		THUOCL
超跌股			93		THUOCL
新锦江			91		THUOCL
汇丽			91		THUOCL
方大集团			90		THUOCL
港股通			90		THUOCL
宝姿			89		THUOCL
公用科技			88		THUOCL
拓尔思			88		THUOCL
新东方			88		THUOCL
昌源			88		THUOCL
锌业			88		THUOCL
银行学			87		THUOCL
信联			86		THUOCL
口令卡			86		THUOCL
大北农			86		THUOCL
封闭期			86		THUOCL
前手			85		THUOCL
南玻集团			85		THUOCL
双币卡			85		THUOCL
存放处			85		THUOCL
提额			84		THUOCL
领购簿			84		THUOCL
共保			83		THUOCL
出千			83		THUOCL
新秀丽			83		THUOCL
除净			83		THUOCL
中彩网			82		THUOCL
和讯			82		THUOCL
第一财经			82		THUOCL
信达资产			81		THUOCL
泰达宏利基金			81		THUOCL
理财金			81		THUOCL
资本品			81		THUOCL
轮换制			81		THUOCL
中国工商银行			80		THUOCL
巨潮			80		THUOCL
股分			80		THUOCL
转换费			80		THUOCL
回档			79		THUOCL
芜湖港			79		THUOCL
除息			79		THUOCL
万年薪			78		THUOCL
嘉瑞			78		THUOCL
斩仓			78		THUOCL
方源			78		THUOCL
金元宝			78		THUOCL
中服			77		THUOCL
快公司			77		THUOCL
美雅			77		THUOCL
验审			77		THUOCL
换手率			76		THUOCL
冷却期			74		THUOCL
广发银行			74		THUOCL
贴现率			74		THUOCL
银广夏			74		THUOCL
香港交易所			74		THUOCL
华昌达			73		THUOCL
聚友			73		THUOCL
贝因美			73		THUOCL
龙建			73		THUOCL
买空卖空			72		THUOCL
仪化			72		THUOCL
屯积			72		THUOCL
新股			72		THUOCL
生意宝			72		THUOCL
皇台			72		THUOCL
下破			71		THUOCL
国祥			71		THUOCL
奖励费			71		THUOCL
招行卡			71		THUOCL
豪盛			71		THUOCL
运营部			71		THUOCL
小盘			70		THUOCL
康卡斯特			70		THUOCL
德豪润达			70		THUOCL
总水平			70		THUOCL
拒批			70		THUOCL
指标体系			70		THUOCL
流通股			70		THUOCL
环球企业家			70		THUOCL
甘化			70		THUOCL
负利率			70		THUOCL
关联公司			69		THUOCL
商通卡			69		THUOCL
宝瑞通典当行			69		THUOCL
宝诚			69		THUOCL
源发			69		THUOCL
非现金			69		THUOCL
先施			68		THUOCL
双底			68		THUOCL
合会			68		THUOCL
新韩银行			68		THUOCL
楔形			68		THUOCL
发展规划			67		THUOCL
哈药集团			67		THUOCL
欧洲货币			67		THUOCL
济柴			67		THUOCL
艾迪西			67		THUOCL
通威股份			67		THUOCL
北海港			66		THUOCL
反洗钱法			66		THUOCL
金融体制			66		THUOCL
上市规则			65		THUOCL
中小板指			65		THUOCL
五矿证券			65		THUOCL
租方			65		THUOCL
寰岛			64		THUOCL
投资协议			64		THUOCL
挂价			64		THUOCL
联邦存款保险公司			64		THUOCL
东方龙			63		THUOCL
哈尔斯			63		THUOCL
国海富兰克林			63		THUOCL
国能			63		THUOCL
天津海运			63		THUOCL
海立			63		THUOCL
热门股			63		THUOCL
低价股			62		THUOCL
四川双马			62		THUOCL
安信信托			62		THUOCL
博讯			61		THUOCL
家得宝			61		THUOCL
投资期			61		THUOCL
押汇			61		THUOCL
正泰电器			61		THUOCL
泰达宏利			61		THUOCL
解盘			61		THUOCL
货币主义			61		THUOCL
辅币			61		THUOCL
上海莱士			60		THUOCL
东方国信			60		THUOCL
新华锦			60		THUOCL
用卡			60		THUOCL
钱经			60		THUOCL
新华百货			59		THUOCL
联益			59		THUOCL
劳埃德银行			58		THUOCL
哈药股份			58		THUOCL
易货贸易			58		THUOCL
海兰信			58		THUOCL
美丽华酒店			58		THUOCL
高新兴			58		THUOCL
安泰集团			57		THUOCL
审计报告			57		THUOCL
华塑			56		THUOCL
广州浪奇			56		THUOCL
售楼处			55		THUOCL
新中基			55		THUOCL
中科三环			54		THUOCL
填权			54		THUOCL
大有期货			54		THUOCL
金本位制			54		THUOCL
东华软件			53		THUOCL
东方雨虹			53		THUOCL
中海油			53		THUOCL
半年期			53		THUOCL
安达信			53		THUOCL
收购方			53		THUOCL
欧比特			53		THUOCL
科华恒盛			53		THUOCL
联名卡			53		THUOCL
诱空			53		THUOCL
鲁银			53		THUOCL
龙科			53		THUOCL
环球财经			52		THUOCL
盛润			52		THUOCL
金化			52		THUOCL
零息			52		THUOCL
宝丽华			51		THUOCL
宝莱特			51		THUOCL
莫高股份			51		THUOCL
金葵花			51		THUOCL
钛白			51		THUOCL
中粮屯河			50		THUOCL
利记			50		THUOCL
博信			50		THUOCL
吉恩镍业			50		THUOCL
经办员			50		THUOCL
青岛海信			50		THUOCL
启动资金			49		THUOCL
哈里伯顿			49		THUOCL
柯尼卡			49		THUOCL
沙隆达			49		THUOCL
洪都航空			49		THUOCL
海伦哲			49		THUOCL
海能达			49		THUOCL
航天长峰			49		THUOCL
银之杰			49		THUOCL
安居宝			48		THUOCL
广夏			48		THUOCL
报喜鸟			48		THUOCL
苏宁电器			48		THUOCL
中科英华			47		THUOCL
交通银行			47		THUOCL
冰熊			47		THUOCL
单币			47		THUOCL
夏新			47		THUOCL
大华股份			47		THUOCL
拨回			47		THUOCL
航民			47		THUOCL
诚信网			47		THUOCL
九阳股份有限公司			46		THUOCL
凯马			46		THUOCL
前笔			46		THUOCL
固定汇率制			46		THUOCL
国际商报			46		THUOCL
彩票点			46		THUOCL
联次			46		THUOCL
速贷通			46		THUOCL
大华农			45		THUOCL
看盘			45		THUOCL
砸盘			45		THUOCL
让渡			45		THUOCL
创新高			44		THUOCL
安彩			44		THUOCL
中源			43		THUOCL
汇通集团			43		THUOCL
环球集团			43		THUOCL
现代传播			43		THUOCL
盘感			43		THUOCL
碧生源			43		THUOCL
营业日			43		THUOCL
证券网			43		THUOCL
非正常户			43		THUOCL
三季度			42		THUOCL
买方市场			42		THUOCL
交割单			42		THUOCL
华海药业			42		THUOCL
单利			42		THUOCL
回次			42		THUOCL
渣打银行			42		THUOCL
轻纺城			42		THUOCL
中国矿业			41		THUOCL
新都酒店			41		THUOCL
红宝丽			41		THUOCL
运盛			41		THUOCL
配额制			41		THUOCL
高溢价			41		THUOCL
中国公司			40		THUOCL
中鲁			40		THUOCL
全球资本市场			40		THUOCL
金融许可证			40		THUOCL
金路集团			40		THUOCL
钢镚儿			40		THUOCL
交易规则			39		THUOCL
低吸			39		THUOCL
惨绿			39		THUOCL
贵研铂业			39		THUOCL
交易场			38		THUOCL
交货价			38		THUOCL
外国投资法			38		THUOCL
电力股			38		THUOCL
自选股			38		THUOCL
中国电信			37		THUOCL
中国金融			37		THUOCL
买卖合同			37		THUOCL
卡中心			37		THUOCL
德棉			37		THUOCL
改票			37		THUOCL
民化			37		THUOCL
海王集团			37		THUOCL
银期			37		THUOCL
上港集团			36		THUOCL
东富龙			36		THUOCL
中冠			36		THUOCL
化工股			36		THUOCL
广州市广百股份有限公司			36		THUOCL
房地产评估			36		THUOCL
新华都			36		THUOCL
欧亚集团			36		THUOCL
海大集团			36		THUOCL
银基集团			36		THUOCL
上海贝岭			35		THUOCL
中国人民建设银行			35		THUOCL
亿阳信通			35		THUOCL
伊立浦			35		THUOCL
华陶			35		THUOCL
南京新港			35		THUOCL
厦门国际银行			35		THUOCL
平安集团			35		THUOCL
授权书			35		THUOCL
海联讯			35		THUOCL
福彩中心			35		THUOCL
秦丰			35		THUOCL
综合税			35		THUOCL
蒙发利			35		THUOCL
试点办法			35		THUOCL
重庆港九			35		THUOCL
金穗卡			35		THUOCL
上海分行			34		THUOCL
中国国际			34		THUOCL
北矿			34		THUOCL
安纳达			34		THUOCL
指数化			34		THUOCL
新宙邦			34		THUOCL
私营公司			34		THUOCL
鑫光			34		THUOCL
飞力达			34		THUOCL
上海证大			33		THUOCL
中航三鑫			33		THUOCL
五矿建设			33		THUOCL
广宇集团			33		THUOCL
操作指南			33		THUOCL
普利特			33		THUOCL
普民			33		THUOCL
运通公司			33		THUOCL
非融资性			33		THUOCL
万丰奥威			32		THUOCL
万家			32		THUOCL
中航精机			32		THUOCL
天龙集团			32		THUOCL
山东新华制药股份有限公司			32		THUOCL
承担者			32		THUOCL
振业集团			32		THUOCL
电子城			32		THUOCL
绩差股			32		THUOCL
美欣达			32		THUOCL
亨泰			31		THUOCL
信息技术			31		THUOCL
信托业			31		THUOCL
信达证券			31		THUOCL
净现值			31		THUOCL
宏峰			31		THUOCL
巨额交易			31		THUOCL
服务协议			31		THUOCL
深赤湾			31		THUOCL
渤化			31		THUOCL
送配			31		THUOCL
飞行者			31		THUOCL
仲裁规则			30		THUOCL
招标者			30		THUOCL
添益宝			30		THUOCL
筑信			30		THUOCL
詹姆斯邦德			30		THUOCL
资本化			30		THUOCL
鲁证			30		THUOCL
兑付期			29		THUOCL
卡样			29		THUOCL
备用费			29		THUOCL
外国银行			29		THUOCL
如家			29		THUOCL
江力			29		THUOCL
海立美达			29		THUOCL
深万科			29		THUOCL
瑞和			29		THUOCL
禾嘉			29		THUOCL
羊城通			29		THUOCL
金通灵			29		THUOCL
三房巷			28		THUOCL
中国经济网			28		THUOCL
中国财富			28		THUOCL
中电投			28		THUOCL
付息日			28		THUOCL
内蒙君正			28		THUOCL
华盛达			28		THUOCL
华菱钢铁			28		THUOCL
团办			28		THUOCL
天源迪科			28		THUOCL
宏华集团			28		THUOCL
总房价			28		THUOCL
惠博普			28		THUOCL
收盘报			28		THUOCL
新财经			28		THUOCL
旗滨集团			28		THUOCL
易方达			28		THUOCL
海药			28		THUOCL
短融券			28		THUOCL
组织图			28		THUOCL
联想集团			28		THUOCL
资产评估报告			28		THUOCL
运通卡			28		THUOCL
丽珠集团			27		THUOCL
储备头寸			27		THUOCL
康耐特			27		THUOCL
挂帐			27		THUOCL
斯普林特			27		THUOCL
民生证券			27		THUOCL
红鲱鱼			27		THUOCL
财经时报			27		THUOCL
鼎天			27		THUOCL
三力士			26		THUOCL
中国太平			26		THUOCL
中国铁建			26		THUOCL
京运通			26		THUOCL
合肥美菱股份有限公司			26		THUOCL
圣莱达			26		THUOCL
完美世界			26		THUOCL
标金			26		THUOCL
海通集团			26		THUOCL
现金流量表			26		THUOCL
金宇集团			26		THUOCL
上破			25		THUOCL
五粮			25		THUOCL
修身堂			25		THUOCL
征用权			25		THUOCL
持票人			25		THUOCL
残值			25		THUOCL
浦东金桥			25		THUOCL
空头头寸			25		THUOCL
锁仓			25		THUOCL
颈线			25		THUOCL
中国财经报			24		THUOCL
亚洲金融			24		THUOCL
信息早报			24		THUOCL
广为流传			24		THUOCL
广州白云山制药股份有限公司			24		THUOCL
汇添富			24		THUOCL
港华燃气			24		THUOCL
紫光华宇			24		THUOCL
股市动态分析			24		THUOCL
达尔曼			24		THUOCL
远东经济评论			24		THUOCL
金宇车城			24		THUOCL
销售合同			24		THUOCL
阳谷华泰			24		THUOCL
三全食品			23		THUOCL
世界经济			23		THUOCL
保理商			23		THUOCL
内盘			23		THUOCL
创业计划书			23		THUOCL
回天胶业			23		THUOCL
国电南瑞			23		THUOCL
异动股			23		THUOCL
报告期			23		THUOCL
浙江海亮			23		THUOCL
红太阳			23		THUOCL
维达国际			23		THUOCL
综合类			23		THUOCL
转期			23		THUOCL
金飞达			23		THUOCL
零七股份			23		THUOCL
上海地产			22		THUOCL
专业版			22		THUOCL
中国南车			22		THUOCL
中国移动			22		THUOCL
中科软			22		THUOCL
佳兆业集团			22		THUOCL
全球商业经典			22		THUOCL
大冶特钢			22		THUOCL
大行情			22		THUOCL
望春花			22		THUOCL
查库			22		THUOCL
百盛集团			22		THUOCL
经理费			22		THUOCL
艺术品投资			22		THUOCL
认购协议			22		THUOCL
评估办法			22		THUOCL
重庆机电			22		THUOCL
大资金			21		THUOCL
彩票网			21		THUOCL
石炼			21		THUOCL
科斯伍德			21		THUOCL
钢研高纳			21		THUOCL
万力达			20		THUOCL
东风集团			20		THUOCL
中南重工			20		THUOCL
二纺机			20		THUOCL
交易时间			20		THUOCL
冠城大通			20		THUOCL
北京利尔			20		THUOCL
北玻股份			20		THUOCL
北辰实业			20		THUOCL
尤洛卡			20		THUOCL
易世达			20		THUOCL
株冶集团			20		THUOCL
汤臣倍健			20		THUOCL
石岘			20		THUOCL
聚富			20		THUOCL
背书人			20		THUOCL
长城卡			20		THUOCL
鲁润			20		THUOCL
麦达斯			20		THUOCL
三丰智能			19		THUOCL
三元达			19		THUOCL
中信海直			19		THUOCL
中银绒业			19		THUOCL
丰林集团			19		THUOCL
仕奇			19		THUOCL
保管人			19		THUOCL
信汇			19		THUOCL
先声药业			19		THUOCL
兰光			19		THUOCL
四洲集团			19		THUOCL
宏智			19		THUOCL
广州分行			19		THUOCL
战略规划			19		THUOCL
抵押合同			19		THUOCL
新疆天宏			19		THUOCL
江苏宏宝			19		THUOCL
深圳智多盈			19		THUOCL
深证成指			19		THUOCL
白页			19		THUOCL
精诚铜业			19		THUOCL
自仪			19		THUOCL
苏宁环球股份有限公司			19		THUOCL
葛州坝			19		THUOCL
融通领先			19		THUOCL
赌彩			19		THUOCL
七星电子			18		THUOCL
上海钢联			18		THUOCL
九发			18		THUOCL
凯地			18		THUOCL
华兰生物工程股份有限公司			18		THUOCL
厦门钨业			18		THUOCL
合臣			18		THUOCL
天津松江			18		THUOCL
奥普光电			18		THUOCL
奥维通信			18		THUOCL
工银亚洲			18		THUOCL
广电运通			18		THUOCL
振华港机			18		THUOCL
政策面			18		THUOCL
沧州大化			18		THUOCL
海德股份			18		THUOCL
粤水电			18		THUOCL
自然人股			18		THUOCL
良运			18		THUOCL
英威腾			18		THUOCL
财经周刊			18		THUOCL
长电			18		THUOCL
集琦			18		THUOCL
一德			17		THUOCL
买空			17		THUOCL
亚玛顿			17		THUOCL
南华集团			17		THUOCL
定向增发			17		THUOCL
康赛			17		THUOCL
承销额			17		THUOCL
新开普			17		THUOCL
棱光			17		THUOCL
武汉凡谷			17		THUOCL
海宁皮城			17		THUOCL
深安达			17		THUOCL
许继电气			17		THUOCL
金利来集团			17		THUOCL
齐翔腾达			17		THUOCL
中信银行			16		THUOCL
中原信托			16		THUOCL
亚洲货币			16		THUOCL
信达资产管理公司			16		THUOCL
吉林森工			16		THUOCL
售尽			16		THUOCL
天鸿宝业			16		THUOCL
富士银行			16		THUOCL
康得新			16		THUOCL
康菲石油			16		THUOCL
新和成			16		THUOCL
洛玻			16		THUOCL
深发			16		THUOCL
清华同方			16		THUOCL
航意险			16		THUOCL
贵绳			16		THUOCL
通行权			16		THUOCL
阜丰集团			16		THUOCL
高斯达			16		THUOCL
亿安			15		THUOCL
健康险			15		THUOCL
凯美特气			15		THUOCL
办税员			15		THUOCL
北京国投			15		THUOCL
半仓			15		THUOCL
华侨城			15		THUOCL
商界评论			15		THUOCL
国泰金鹰			15		THUOCL
国泰金龙			15		THUOCL
地产股			15		THUOCL
山东铝业			15		THUOCL
工商银行			15		THUOCL
工银添颐			15		THUOCL
康大食品			15		THUOCL
损失率			15		THUOCL
无锡尚德			15		THUOCL
江中药业			15		THUOCL
法人银行			15		THUOCL
漫步者			15		THUOCL
虚涨			15		THUOCL
西王糖业			15		THUOCL
谭木匠			15		THUOCL
通科			15		THUOCL
闽福发			15		THUOCL
黄金投资			15		THUOCL
三木集团			14		THUOCL
东方航空			14		THUOCL
东锅			14		THUOCL
中信泰富			14		THUOCL
北旅			14		THUOCL
华孚色纺			14		THUOCL
单币卡			14		THUOCL
卖方市场			14		THUOCL
发卡银行			14		THUOCL
台积电			14		THUOCL
启明信息			14		THUOCL
商务周刊			14		THUOCL
国泰上证			14		THUOCL
国泰金牛			14		THUOCL
国际金融			14		THUOCL
核准制			14		THUOCL
桂东电力			14		THUOCL
永亨银行			14		THUOCL
洛阳轴研科技股份有限公司			14		THUOCL
海王英特龙			14		THUOCL
深国商			14		THUOCL
渝三峡			14		THUOCL
溢缴款			14		THUOCL
炒高			14		THUOCL
玉源			14		THUOCL
琼民源			14		THUOCL
罗普斯金			14		THUOCL
超声电子			14		THUOCL
达声			14		THUOCL
金融投资报			14		THUOCL
钱串子			14		THUOCL
银债			14		THUOCL
银承			14		THUOCL
饱和点			14		THUOCL
上海凯宝			13		THUOCL
中化岩土			13		THUOCL
乐电			13		THUOCL
产业发展			13		THUOCL
供给区			13		THUOCL
利源铝业			13		THUOCL
华安宝利			13		THUOCL
华微电子			13		THUOCL
华神集团			13		THUOCL
哈高科			13		THUOCL
天仪			13		THUOCL
奥克股份			13		THUOCL
威尔泰			13		THUOCL
审计结果			13		THUOCL
工银添利			13		THUOCL
康美药业			13		THUOCL
建行卡			13		THUOCL
成功营销			13		THUOCL
日科化学			13		THUOCL
沪建			13		THUOCL
泸州老窖			13		THUOCL
浩宁达			13		THUOCL
补空			13		THUOCL
西单商场			13		THUOCL
财务管理			13		THUOCL
贵州百灵			13		THUOCL
追索权			13		THUOCL
银行卡号			13		THUOCL
长盛同德			13		THUOCL
高金食品			13		THUOCL
麦科特			13		THUOCL
三特索道			12		THUOCL
三维丝			12		THUOCL
上证股			12		THUOCL
中国医药			12		THUOCL
久立特材			12		THUOCL
众业达			12		THUOCL
利邦			12		THUOCL
华东医药股份有限公司			12		THUOCL
圣雪绒			12		THUOCL
实益达			12		THUOCL
广东新会美达锦纶股份有限公司			12		THUOCL
库藏股			12		THUOCL
情况表			12		THUOCL
扩仓			12		THUOCL
扫盘			12		THUOCL
海南海药股份有限公司			12		THUOCL
深原野			12		THUOCL
深宝安			12		THUOCL
深证综指			12		THUOCL
瓦轴			12		THUOCL
红阳能源			12		THUOCL
自主创新			12		THUOCL
苏常柴			12		THUOCL
被套			12		THUOCL
金融市			12		THUOCL
锦江酒店			12		THUOCL
际华集团			12		THUOCL
高新发展			12		THUOCL
华安宏利			11		THUOCL
协会章程			11		THUOCL
厦门信达			11		THUOCL
合伙制			11		THUOCL
吉纸			11		THUOCL
国投瑞银			11		THUOCL
国泰进取			11		THUOCL
大盈			11		THUOCL
宝利来			11		THUOCL
实卡			11		THUOCL
富力地产			11		THUOCL
总体而言			11		THUOCL
房改房			11		THUOCL
打印单			11		THUOCL
技术面			11		THUOCL
折现率			11		THUOCL
担保品			11		THUOCL
控盘			11		THUOCL
新营销			11		THUOCL
浙江广厦			11		THUOCL
深大通			11		THUOCL
深天马			11		THUOCL
烽火通信			11		THUOCL
特变电工			11		THUOCL
益鑫泰			11		THUOCL
目标值			11		THUOCL
第三波			11		THUOCL
英特集团			11		THUOCL
裸币			11		THUOCL
认同卡			11		THUOCL
赣锋锂业			11		THUOCL
金融世界			11		THUOCL
顺诚			11		THUOCL
中泰化学			10		THUOCL
中集安瑞科			10		THUOCL
九九久			10		THUOCL
保荐制			10		THUOCL
健康元			10		THUOCL
八一钢铁			10		THUOCL
华商银行			10		THUOCL
华靖			10		THUOCL
南方建材股份有限公司			10		THUOCL
南百			10		THUOCL
南证			10		THUOCL
厦新			10		THUOCL
厦门信达股份有限公司			10		THUOCL
哈慈			10		THUOCL
国泰纳指			10		THUOCL
外国直接投资			10		THUOCL
大众理财顾问			10		THUOCL
奥飞动漫			10		THUOCL
富豪酒店			10		THUOCL
常柴			10		THUOCL
息票			10		THUOCL
报查			10		THUOCL
担保函			10		THUOCL
操作规范			10		THUOCL
服务合同			10		THUOCL
枪客			10		THUOCL
淡仓			10		THUOCL
畅丰车桥			10		THUOCL
移仓			10		THUOCL
股票机			10		THUOCL
英国金融时报			10		THUOCL
试行标准			10		THUOCL
路演			10		THUOCL
还款期			10		THUOCL
逃汇			10		THUOCL
金榜集团			10		THUOCL
金辉集团			10		THUOCL
锦港			10		THUOCL
首席财务官			10		THUOCL
万泽股份			9		THUOCL
东光集团			9		THUOCL
中信实业银行			9		THUOCL
中国经济			9		THUOCL
中金公司			9		THUOCL
中银国际			9		THUOCL
创兴银行			9		THUOCL
包头铝业			9		THUOCL
北京分行			9		THUOCL
医疗保健			9		THUOCL
双平			9		THUOCL
商品期货			9		THUOCL
基金合同			9		THUOCL
增值税普通发票			9		THUOCL
外汇宝			9		THUOCL
天伦置业			9		THUOCL
天马精化			9		THUOCL
宝莫股份			9		THUOCL
彼得林奇			9		THUOCL
新兴市场			9		THUOCL
残值率			9		THUOCL
汇多利			9		THUOCL
河化			9		THUOCL
浙江富阳			9		THUOCL
焦作万方			9		THUOCL
石炼化			9		THUOCL
科伦药业			9		THUOCL
西藏天路			9		THUOCL
西藏旅游			9		THUOCL
证券投资基金			9		THUOCL
购票员			9		THUOCL
超级大乐透			9		THUOCL
跌停板			9		THUOCL
酒鬼酒			9		THUOCL
雄震			9		THUOCL
上提			8		THUOCL
上海石化			8		THUOCL
中国农业银行			8		THUOCL
中国国际招标网			8		THUOCL
中国食品			8		THUOCL
中航科工			8		THUOCL
丽悦酒店			8		THUOCL
云南盐化股份有限公司			8		THUOCL
亚星化学			8		THUOCL
交割日			8		THUOCL
兰铝			8		THUOCL
北京天桥			8		THUOCL
南宁糖业股份有限公司			8		THUOCL
发票领购簿			8		THUOCL
大中华集团			8		THUOCL
天然碱			8		THUOCL
天目药业			8		THUOCL
宜华地产			8		THUOCL
小牌			8		THUOCL
广发证券			8		THUOCL
待评			8		THUOCL
恒泰大通			8		THUOCL
收官日			8		THUOCL
新华银行			8		THUOCL
新嘉联			8		THUOCL
新希望			8		THUOCL
新鸿基公司			8		THUOCL
朗伯德街			8		THUOCL
松辽汽车			8		THUOCL
汇通天下			8		THUOCL
深纺织			8		THUOCL
深赛格			8		THUOCL
炬力			8		THUOCL
申银万国			8		THUOCL
皇朝家私			8		THUOCL
研究简报			8		THUOCL
碟型			8		THUOCL
科达机电			8		THUOCL
租契			8		THUOCL
美联集团			8		THUOCL
联油			8		THUOCL
苏物			8		THUOCL
英化			8		THUOCL
茉织华			8		THUOCL
融资租赁合同			8		THUOCL
西南财经大学			8		THUOCL
西陇化工			8		THUOCL
证券投资分析			8		THUOCL
试盘			8		THUOCL
通金			8		THUOCL
鄂绒			8		THUOCL
重庆川仪			8		THUOCL
金利华电			8		THUOCL
金枫酒业			8		THUOCL
鑫新			8		THUOCL
钱江摩托			8		THUOCL
银广厦			8		THUOCL
银行券			8		THUOCL
长盛基金			8		THUOCL
长盛环球			8		THUOCL
限售期			8		THUOCL
雅虎财经			8		THUOCL
魏桥纺织			8		THUOCL
万顺昌			7		THUOCL
上海梅林			7		THUOCL
上海证券交易所			7		THUOCL
上海金陵			7		THUOCL
上电			7		THUOCL
中化国际			7		THUOCL
中国商人			7		THUOCL
中国联合商报			7		THUOCL
中海达			7		THUOCL
中科健			7		THUOCL
云南马龙			7		THUOCL
区域型			7		THUOCL
南京红太阳股份有限公司			7		THUOCL
合富辉煌			7		THUOCL
国泰金鼎			7		THUOCL
国际投资			7		THUOCL
壹传媒			7		THUOCL
天津普林			7		THUOCL
宜华木业			7		THUOCL
实施标准			7		THUOCL
实际控制人			7		THUOCL
廉租房			7		THUOCL
开放经济			7		THUOCL
手工票			7		THUOCL
拓日新能			7		THUOCL
招商局国际			7		THUOCL
新奥燃气			7		THUOCL
易联众			7		THUOCL
机构投资者			7		THUOCL
梅花伞			7		THUOCL
流动电讯			7		THUOCL
海格通信			7		THUOCL
深物业			7		THUOCL
物贸中心			7		THUOCL
科新机电			7		THUOCL
精工集团			7		THUOCL
经济观察网			7		THUOCL
美联银行			7		THUOCL
西南合成			7		THUOCL
证券市场红周刊			7		THUOCL
豫能			7		THUOCL
购买区			7		THUOCL
还款计划			7		THUOCL
通知期			7		THUOCL
通道制			7		THUOCL
金普卡			7		THUOCL
雅天妮			7		THUOCL
鲁泰纺织股份有限公司			7		THUOCL
龙头股			7		THUOCL
万昌科技			6		THUOCL
三普药业			6		THUOCL
上海凤凰			6		THUOCL
上海绿新			6		THUOCL
东吴嘉禾			6		THUOCL
东控			6		THUOCL
中国国贸			6		THUOCL
中国建筑			6		THUOCL
中国石油			6		THUOCL
中国重汽			6		THUOCL
中核钛白			6		THUOCL
中航光电			6		THUOCL
二纺			6		THUOCL
佳纸			6		THUOCL
停业通知书			6		THUOCL
兴达国际			6		THUOCL
双账户			6		THUOCL
受损者			6		THUOCL
唐陶			6		THUOCL
国泰金鹿			6		THUOCL
国研网			6		THUOCL
基金委员会			6		THUOCL
天利高新			6		THUOCL
天润曲轴			6		THUOCL
好时光			6		THUOCL
安凯客车			6		THUOCL
安徽华星化工股份有限公司			6		THUOCL
实德环球			6		THUOCL
山东鲁阳股份有限公司			6		THUOCL
平均利率			6		THUOCL
广州国光			6		THUOCL
当代经理人			6		THUOCL
当代金融家			6		THUOCL
投票门			6		THUOCL
拆股			6		THUOCL
振新			6		THUOCL
收益宝			6		THUOCL
文印室			6		THUOCL
新华基金			6		THUOCL
新太			6		THUOCL
新锦华			6		THUOCL
权智			6		THUOCL
条形图			6		THUOCL
永利带业			6		THUOCL
波动性			6		THUOCL
泰京银行			6		THUOCL
浙江三花股份有限公司			6		THUOCL
深华发			6		THUOCL
深圳比克			6		THUOCL
湖北迈亚			6		THUOCL
烟台氨纶股份有限公司			6		THUOCL
经济导刊			6		THUOCL
绩差公司			6		THUOCL
股歌			6		THUOCL
西北轴承股份有限公司			6		THUOCL
资本化率			6		THUOCL
重仪			6		THUOCL
重单			6		THUOCL
金利通			6		THUOCL
针线街			6		THUOCL
钛金卡			6		THUOCL
锦化			6		THUOCL
雅戈			6		THUOCL
青鸟华光			6		THUOCL
风险提示			6		THUOCL
龙星化工			6		THUOCL
万向德农			5		THUOCL
上海物贸			5		THUOCL
上海电力			5		THUOCL
上海科华生物工程股份有限公司			5		THUOCL
东方明珠			5		THUOCL
东方金钰			5		THUOCL
东源电器			5		THUOCL
中国平安			5		THUOCL
中国忠旺			5		THUOCL
中国投资			5		THUOCL
中瑞思创			5		THUOCL
中辽			5		THUOCL
云南白药			5		THUOCL
交货单			5		THUOCL
亨通光电			5		THUOCL
借报			5		THUOCL
光大保德信			5		THUOCL
几维鸟			5		THUOCL
出口人			5		THUOCL
出票人			5		THUOCL
分配方案			5		THUOCL
北京君正			5		THUOCL
北京旅游			5		THUOCL
华北制药			5		THUOCL
南油物业			5		THUOCL
厦门厦工			5		THUOCL
友达光电			5		THUOCL
友阿股份			5		THUOCL
双赔			5		THUOCL
合兴集团			5		THUOCL
吉利汽车			5		THUOCL
吉林化纤			5		THUOCL
国际融资			5		THUOCL
国际金融市场			5		THUOCL
复旦复华			5		THUOCL
外汇通			5		THUOCL
多佳			5		THUOCL
大连冷冻机股份有限公司			5		THUOCL
实股			5		THUOCL
家润多			5		THUOCL
对照表			5		THUOCL
对账单			5		THUOCL
山东威达			5		THUOCL
山东恒邦冶炼股份有限公司			5		THUOCL
常胜网			5		THUOCL
广东星湖			5		THUOCL
广州冷机			5		THUOCL
征管处			5		THUOCL
成商集团			5		THUOCL
投标书			5		THUOCL
投资与合作			5		THUOCL
搜于特			5		THUOCL
新龙国际			5		THUOCL
明泰铝业			5		THUOCL
普天收益			5		THUOCL
期货公司			5		THUOCL
汇通能源			5		THUOCL
泰复			5		THUOCL
浦银安盛基金			5		THUOCL
海信电器			5		THUOCL
海外投资法			5		THUOCL
海正药业			5		THUOCL
深圳市通产丽星股份有限公司			5		THUOCL
深泰			5		THUOCL
深深房			5		THUOCL
清算协议			5		THUOCL
渤海银行			5		THUOCL
湖南海利			5		THUOCL
瀚宇博德			5		THUOCL
炒汇者			5		THUOCL
皖能			5		THUOCL
短仓			5		THUOCL
硅宝科技			5		THUOCL
管理有限公司			5		THUOCL
统计报告			5		THUOCL
胜景山河			5		THUOCL
花旗银行			5		THUOCL
英唐智控			5		THUOCL
计世网			5		THUOCL
认沽期权			5		THUOCL
认沽权证			5		THUOCL
评价体系			5		THUOCL
评估标准			5		THUOCL
达创			5		THUOCL
迟付			5		THUOCL
送股			5		THUOCL
通程控股			5		THUOCL
钛金			5		THUOCL
银证通			5		THUOCL
长盛同禧			5		THUOCL
黑色星期五			5		THUOCL
黑龙股份			5		THUOCL
齐星铁塔			5		THUOCL
龙双			5		THUOCL
万威国际			4		THUOCL
万家基金			4		THUOCL
上海医药			4		THUOCL
上海建工			4		THUOCL
上海科技			4		THUOCL
不便宜			4		THUOCL
业务发展			4		THUOCL
个人理财			4		THUOCL
中原特钢			4		THUOCL
中国凤凰			4		THUOCL
中国国际信托投资公司			4		THUOCL
中国科健股份有限公司			4		THUOCL
中国科技			4		THUOCL
中孚实业			4		THUOCL
中燕			4		THUOCL
中科合臣			4		THUOCL
中顺洁柔			4		THUOCL
云海金属			4		THUOCL
京投银泰			4		THUOCL
信息披露制度			4		THUOCL
信达期货			4		THUOCL
免代理费			4		THUOCL
兴业卡			4		THUOCL
兴利集团			4		THUOCL
凤凰财经			4		THUOCL
华鼎锦纶			4		THUOCL
南京港股份有限公司			4		THUOCL
卡菲尔			4		THUOCL
发展战略			4		THUOCL
吉诺尔			4		THUOCL
咨询报告			4		THUOCL
哈投股份			4		THUOCL
哈飞航空			4		THUOCL
商务英语			4		THUOCL
国泰金马			4		THUOCL
国联信托			4		THUOCL
大萧条			4		THUOCL
大银行			4		THUOCL
天桥百货			4		THUOCL
天龙光电			4		THUOCL
奕达			4		THUOCL
奥运卡			4		THUOCL
安联集团			4		THUOCL
对外资			4		THUOCL
山东矿机			4		THUOCL
年收益			4		THUOCL
广百股份			4		THUOCL
投资者关系			4		THUOCL
拨用			4		THUOCL
指令部			4		THUOCL
按年			4		THUOCL
授予者			4		THUOCL
新北洋			4		THUOCL
新威国际			4		THUOCL
新疆天业			4		THUOCL
新疆金风科技股份有限公司			4		THUOCL
日线图			4		THUOCL
易基			4		THUOCL
普洛康裕			4		THUOCL
普洛股份			4		THUOCL
永嘉集团			4		THUOCL
注销户			4		THUOCL
洛阳玻璃			4		THUOCL
津劝业			4		THUOCL
海源机械			4		THUOCL
海螺型材			4		THUOCL
深华新			4		THUOCL
深圳机场			4		THUOCL
湖北宜化			4		THUOCL
湖北沙隆达股份有限公司			4		THUOCL
潞安环能			4		THUOCL
现代教育			4		THUOCL
白金版			4		THUOCL
皇朝家俬			4		THUOCL
盐湖集团			4		THUOCL
礼品税			4		THUOCL
空中网			4		THUOCL
粤宏远			4		THUOCL
精工钢构			4		THUOCL
经济发展			4		THUOCL
网付			4		THUOCL
美利纸业			4		THUOCL
联动机制			4		THUOCL
股票界			4		THUOCL
苏三山			4		THUOCL
苏威孚			4		THUOCL
融信达			4		THUOCL
融资网			4		THUOCL
警示教育			4		THUOCL
证券周刊			4		THUOCL
调查结果			4		THUOCL
财富时报			4		THUOCL
贷款协议			4		THUOCL
转换价值			4		THUOCL
通达卡			4		THUOCL
采掘业			4		THUOCL
金业公司			4		THUOCL
金瑞科技			4		THUOCL
金种子			4		THUOCL
金融风暴			4		THUOCL
雅居乐地产			4		THUOCL
风险提示函			4		THUOCL
骗线			4		THUOCL
高银地产			4		THUOCL
万象集团			3		THUOCL
三井银行			3		THUOCL
上海新梅			3		THUOCL
上海海隆软件股份有限公司			3		THUOCL
上海辅仁			3		THUOCL
东华能源			3		THUOCL
东方银星			3		THUOCL
中信控股			3		THUOCL
中国人寿			3		THUOCL
中国星集团			3		THUOCL
中国有色金属			3		THUOCL
中国西电			3		THUOCL
中央结算公司			3		THUOCL
中恒电气			3		THUOCL
中集集团			3		THUOCL
云南盐化			3		THUOCL
交易池			3		THUOCL
价格改革			3		THUOCL
信德集团			3		THUOCL
信诚四季红			3		THUOCL
储蓄券			3		THUOCL
全球商业			3		THUOCL
出售方			3		THUOCL
分行制			3		THUOCL
创业教育			3		THUOCL
创业板			3		THUOCL
利多消息			3		THUOCL
华力创通			3		THUOCL
华润锦华			3		THUOCL
华融资产管理公司			3		THUOCL
南山铝业			3		THUOCL
南方航空			3		THUOCL
博软			3		THUOCL
友邦华泰			3		THUOCL
受托人			3		THUOCL
可用资产			3		THUOCL
四创			3		THUOCL
四川圣达			3		THUOCL
四川湖山			3		THUOCL
四川经济日报			3		THUOCL
国信证券			3		THUOCL
大富科技			3		THUOCL
天广消防			3		THUOCL
威胜集团			3		THUOCL
存款保险制度			3		THUOCL
宁波韵升			3		THUOCL
宇信易诚			3		THUOCL
安全管理			3		THUOCL
巨龙管业			3		THUOCL
平券			3		THUOCL
广东百灵信			3		THUOCL
广州珠江			3		THUOCL
德信集团			3		THUOCL
德累斯顿银行			3		THUOCL
恒泰艾普			3		THUOCL
投资参考			3		THUOCL
损益表			3		THUOCL
攀渝钛业			3		THUOCL
支取凭证			3		THUOCL
收费收据			3		THUOCL
新低点			3		THUOCL
新华财经			3		THUOCL
新浪财经			3		THUOCL
方正富邦			3		THUOCL
明星电力			3		THUOCL
易方达基金			3		THUOCL
有效市场假说			3		THUOCL
杜约翰			3		THUOCL
杭汽轮			3		THUOCL
林州重机			3		THUOCL
格令			3		THUOCL
民丰特纸			3		THUOCL
汇丰晋信龙腾			3		THUOCL
汤姆逊路透			3		THUOCL
法郎区			3		THUOCL
浙江永强			3		THUOCL
浙江海纳			3		THUOCL
深圳市海王生物工程股份有限公司			3		THUOCL
深圳市证通电子股份有限公司			3		THUOCL
深圳方大			3		THUOCL
深能			3		THUOCL
深高			3		THUOCL
特别措施			3		THUOCL
环康集团			3		THUOCL
现手			3		THUOCL
理文集团			3		THUOCL
管理公司			3		THUOCL
红利通知书			3		THUOCL
经济增长			3		THUOCL
经济学术			3		THUOCL
结算凭证			3		THUOCL
翻三番			3		THUOCL
考核指标			3		THUOCL
联华合纤			3		THUOCL
自偿性			3		THUOCL
航天科技			3		THUOCL
苏州恒久			3		THUOCL
莱英达			3		THUOCL
融资协议			3		THUOCL
西祠胡同			3		THUOCL
证券溢价			3		THUOCL
评价指标			3		THUOCL
评估方案			3		THUOCL
财务报表			3		THUOCL
财经论坛			3		THUOCL
财经频道			3		THUOCL
货币银行学			3		THUOCL
轧空			3		THUOCL
辅导期			3		THUOCL
邀会			3		THUOCL
金山软件			3		THUOCL
金瑞矿业			3		THUOCL
金融危机			3		THUOCL
金马股份			3		THUOCL
银河银泰			3		THUOCL
长城集团			3		THUOCL
长控			3		THUOCL
风险管理			3		THUOCL
食品饮料			3		THUOCL
黑白菜			3		THUOCL
三五互联			2		THUOCL
三安光电			2		THUOCL
三菱银行			2		THUOCL
上海机电			2		THUOCL
上海港机			2		THUOCL
上海电气			2		THUOCL
东方保本			2		THUOCL
东方通信			2		THUOCL
东方银行			2		THUOCL
中国北车			2		THUOCL
中国水务			2		THUOCL
中国经济报告			2		THUOCL
中核华原钛白股份有限公司			2		THUOCL
中江地产			2		THUOCL
中纺机			2		THUOCL
中联债			2		THUOCL
中航重机			2		THUOCL
中钨			2		THUOCL
中银卡			2		THUOCL
买断型			2		THUOCL
五矿发展			2		THUOCL
亚夏汽车			2		THUOCL
交易密码			2		THUOCL
产品介绍			2		THUOCL
产权导刊			2		THUOCL
代领人			2		THUOCL
价内权证			2		THUOCL
伟易达集团			2		THUOCL
伦敦金			2		THUOCL
侨兴环球			2		THUOCL
保利达资产			2		THUOCL
信托合同			2		THUOCL
信托投资			2		THUOCL
信达地产			2		THUOCL
全权信托			2		THUOCL
公司治理			2		THUOCL
公营化			2		THUOCL
内部资料			2		THUOCL
农商社			2		THUOCL
净利润率			2		THUOCL
凤竹纺织			2		THUOCL
北亚集团			2		THUOCL
北京华联			2		THUOCL
北京科锐			2		THUOCL
北海集团			2		THUOCL
北满特钢			2		THUOCL
北陆药业			2		THUOCL
华丰集团			2		THUOCL
华升股份			2		THUOCL
华商产业			2		THUOCL
华昌化工			2		THUOCL
华远地产			2		THUOCL
华龙集团			2		THUOCL
卓悦控股			2		THUOCL
卓越理财			2		THUOCL
卖超			2		THUOCL
南京新百			2		THUOCL
南国置业			2		THUOCL
南天信息			2		THUOCL
南宁糖业			2		THUOCL
南方汇通股份有限公司			2		THUOCL
印子钱			2		THUOCL
厦门国贸			2		THUOCL
双色球			2		THUOCL
反馈单			2		THUOCL
可再生能源			2		THUOCL
合肥百货			2		THUOCL
员工持股计划			2		THUOCL
哈动力			2		THUOCL
商业银行			2		THUOCL
四川电器			2		THUOCL
四方达			2		THUOCL
国星光电			2		THUOCL
国泰双利			2		THUOCL
国联安双禧			2		THUOCL
国阳新能			2		THUOCL
圣阳股份			2		THUOCL
在线咨询			2		THUOCL
备抵			2		THUOCL
大东南			2		THUOCL
大众交通			2		THUOCL
大智慧			2		THUOCL
大秦铁路			2		THUOCL
天合光能			2		THUOCL
天弘永定			2		THUOCL
天津一汽夏利汽车股份有限公司			2		THUOCL
天目药			2		THUOCL
太光			2		THUOCL
委托单			2		THUOCL
宁夏恒力			2		THUOCL
安徽安纳达钛业股份有限公司			2		THUOCL
安泰科技			2		THUOCL
宏业集团			2		THUOCL
宏安集团			2		THUOCL
宝龙地产			2		THUOCL
封转开			2		THUOCL
山东鲁阳			2		THUOCL
山煤国际			2		THUOCL
川化股份有限公司			2		THUOCL
巢东股份			2		THUOCL
广州万隆			2		THUOCL
广汽长丰			2		THUOCL
开尔新材			2		THUOCL
德国安联			2		THUOCL
思捷环球			2		THUOCL
总成本			2		THUOCL
总负债			2		THUOCL
技术条件			2		THUOCL
把控			2		THUOCL
投资指南			2		THUOCL
投资收藏			2		THUOCL
投资有道			2		THUOCL
招募说明书			2		THUOCL
招商局中国基金			2		THUOCL
操作流程			2		THUOCL
斯伦贝榭			2		THUOCL
新海宜			2		THUOCL
新疆屯河			2		THUOCL
新规定			2		THUOCL
新设			2		THUOCL
新野纺织			2		THUOCL
新闻集团			2		THUOCL
普天债券			2		THUOCL
期权费			2		THUOCL
机电股			2		THUOCL
格式合同			2		THUOCL
次新股			2		THUOCL
武汉凯迪电力股份有限公司			2		THUOCL
民间借贷			2		THUOCL
汇宝集团			2		THUOCL
江苏吴中			2		THUOCL
江苏纺织			2		THUOCL
汤臣集团			2		THUOCL
泛海酒店			2		THUOCL
派息日			2		THUOCL
流动资金量			2		THUOCL
济南柴油机股份有限公司			2		THUOCL
浙大海纳			2		THUOCL
浙江海亮股份有限公司			2		THUOCL
海王生物			2		THUOCL
深值			2		THUOCL
深圳国际			2		THUOCL
深圳海王星辰			2		THUOCL
深圳赤湾港航股份有限公司			2		THUOCL
深宝恒			2		THUOCL
深特力			2		THUOCL
深高速			2		THUOCL
渣打集团			2		THUOCL
温商网			2		THUOCL
澳新银行			2		THUOCL
焦作万方铝业股份有限公司			2		THUOCL
焦点话题			2		THUOCL
焦点问题			2		THUOCL
特区经济			2		THUOCL
现代商业银行			2		THUOCL
瑞士银行公司			2		THUOCL
瑞立集团			2		THUOCL
百圆裤业			2		THUOCL
短的			2		THUOCL
福星晓程			2		THUOCL
私人银行			2		THUOCL
积成电子			2		THUOCL
税收缴款书			2		THUOCL
经济政策			2		THUOCL
经济杂志			2		THUOCL
维科精华			2		THUOCL
罗平锌电			2		THUOCL
联华超市			2		THUOCL
联邦破产法			2		THUOCL
股城网			2		THUOCL
腾邦国际			2		THUOCL
艾略特波浪理论			2		THUOCL
节能减排			2		THUOCL
苏州固锝			2		THUOCL
英飞拓			2		THUOCL
融资方案			2		THUOCL
行业标准			2		THUOCL
行权价			2		THUOCL
衍生权证			2		THUOCL
西安旅游			2		THUOCL
解决方案			2		THUOCL
认定标准			2		THUOCL
认购权证			2		THUOCL
证券导报			2		THUOCL
证券市场			2		THUOCL
评价中心			2		THUOCL
财会信报			2		THUOCL
财务会计			2		THUOCL
财务报告			2		THUOCL
账户表			2		THUOCL
购买美国			2		THUOCL
资信证明			2		THUOCL
赛格三星			2		THUOCL
转换价格			2		THUOCL
重庆中药			2		THUOCL
重庆华亚			2		THUOCL
重庆桐君阁股份有限公司			2		THUOCL
重点关注			2		THUOCL
金固股份			2		THUOCL
金城股份			2		THUOCL
金朝阳集团			2		THUOCL
金海股份			2		THUOCL
金源米业			2		THUOCL
金融大街			2		THUOCL
金隅股份			2		THUOCL
金马投票			2		THUOCL
金马集团			2		THUOCL
鑫富药业			2		THUOCL
钱袋网			2		THUOCL
银行行长			2		THUOCL
长百集团			2		THUOCL
长盛中证			2		THUOCL
问题解答			2		THUOCL
零售银行			2		THUOCL
顺发恒业			2		THUOCL
风神股份			2		THUOCL
高新张铜			2		THUOCL
高盛集团			2		THUOCL
鲁政委			2		THUOCL
鲁石化			2		THUOCL
鹰美			2		THUOCL
鼎盛天工			2		THUOCL
齐鲁石化			2		THUOCL
龙源电力			2		THUOCL
一本通			1		THUOCL
一汽夏利			1		THUOCL
一汽富维			1		THUOCL
一汽金杯			1		THUOCL
三一重工			1		THUOCL
三星电气			1		THUOCL
三泰电子			1		THUOCL
上市公司			1		THUOCL
上海九百			1		THUOCL
上海佳豪			1		THUOCL
上海普天			1		THUOCL
上海有色金属网			1		THUOCL
上海证券			1		THUOCL
上海金融			1		THUOCL
不可撤销			1		THUOCL
不成文法			1		THUOCL
世界银行			1		THUOCL
东北财经大学			1		THUOCL
东华科技			1		THUOCL
东安黑豹			1		THUOCL
东方报业集团			1		THUOCL
东方汇理银行			1		THUOCL
东方电机			1		THUOCL
东方锆业			1		THUOCL
东百集团			1		THUOCL
东碳			1		THUOCL
中信国安			1		THUOCL
中创信测			1		THUOCL
中国中铁			1		THUOCL
中国医疗			1		THUOCL
中国报告大厅			1		THUOCL
中国有色金属报			1		THUOCL
中国服装			1		THUOCL
中国民营经济周刊			1		THUOCL
中国水业集团			1		THUOCL
中国消防			1		THUOCL
中国玻璃			1		THUOCL
中国管理传播网			1		THUOCL
中国股市			1		THUOCL
中国资本市场			1		THUOCL
中国远洋			1		THUOCL
中川国际			1		THUOCL
中房股份			1		THUOCL
中核科技			1		THUOCL
中欧鼎利			1		THUOCL
中盘股			1		THUOCL
中科创业			1		THUOCL
中航地产			1		THUOCL
中葡			1		THUOCL
中西药业			1		THUOCL
中钢吉炭			1		THUOCL
主力资金			1		THUOCL
主要措施			1		THUOCL
云南城投			1		THUOCL
云南锗业			1		THUOCL
互太纺织			1		THUOCL
五年期以上			1		THUOCL
五洲明珠			1		THUOCL
五矿期货			1		THUOCL
交易指南			1		THUOCL
交钥匙			1		THUOCL
交银施罗德			1		THUOCL
交银添利			1		THUOCL
交银环球			1		THUOCL
京信通信			1		THUOCL
价税			1		THUOCL
佳士科技			1		THUOCL
保利地产			1		THUOCL
信托资产			1		THUOCL
信用评级			1		THUOCL
信用额度			1		THUOCL
债务危机			1		THUOCL
入股协议			1		THUOCL
公司理财			1		THUOCL
公积金率			1		THUOCL
六福集团			1		THUOCL
共合网			1		THUOCL
兴业银行			1		THUOCL
内蒙宏峰			1		THUOCL
内部控制			1		THUOCL
再买			1		THUOCL
准贷记卡			1		THUOCL
凤凰股			1		THUOCL
凯诺科技			1		THUOCL
凯迪电力			1		THUOCL
创新低			1		THUOCL
力合股份有限公司			1		THUOCL
北海银行			1		THUOCL
华仁药业			1		THUOCL
华北银行			1		THUOCL
华夏通			1		THUOCL
华安富利			1		THUOCL
华润置地			1		THUOCL
华联综超			1		THUOCL
华芳纺织			1		THUOCL
华资实业			1		THUOCL
华银电力			1		THUOCL
华阳科技			1		THUOCL
协方差			1		THUOCL
卓尔发展			1		THUOCL
卖空者			1		THUOCL
南华期货			1		THUOCL
南博网			1		THUOCL
南开戈德			1		THUOCL
南通科技			1		THUOCL
博耳电力			1		THUOCL
卡夫食品			1		THUOCL
卧龙地产			1		THUOCL
厦工股份			1		THUOCL
厦门路桥			1		THUOCL
双箭股份			1		THUOCL
反洗钱			1		THUOCL
发票领购本			1		THUOCL
发行方案			1		THUOCL
受关注			1		THUOCL
受理人			1		THUOCL
古汉集团			1		THUOCL
史密森协定			1		THUOCL
合并资产负债表			1		THUOCL
吉峰农机			1		THUOCL
吉林制药股份有限公司			1		THUOCL
吉林化工			1		THUOCL
吉林炭素			1		THUOCL
同洲电子			1		THUOCL
同花顺			1		THUOCL
和而泰			1		THUOCL
咨询公司			1		THUOCL
哈特佛			1		THUOCL
嘉实恒生			1		THUOCL
四维图新			1		THUOCL
固额			1		THUOCL
国九条			1		THUOCL
国富强债			1		THUOCL
国泰金鹏			1		THUOCL
国电南自			1		THUOCL
国统股份			1		THUOCL
国际商务			1		THUOCL
国际收支			1		THUOCL
国际结算			1		THUOCL
国际视野			1		THUOCL
城投控股			1		THUOCL
塑料钞			1		THUOCL
士兰微			1		THUOCL
外汇交易			1		THUOCL
外高			1		THUOCL
多氟多			1		THUOCL
大亚科技股份有限公司			1		THUOCL
大众投资			1		THUOCL
大冷			1		THUOCL
大庆华科			1		THUOCL
大莱卡			1		THUOCL
大通曼哈顿银行			1		THUOCL
天原集团			1		THUOCL
天喻信息			1		THUOCL
天富热电			1		THUOCL
天弘丰利			1		THUOCL
天治双盈			1		THUOCL
天虹商场			1		THUOCL
天马股份			1		THUOCL
太光电信			1		THUOCL
宁天龙			1		THUOCL
宁波富邦			1		THUOCL
宁波银行			1		THUOCL
安全边际			1		THUOCL
安徽省皖能股份有限公司			1		THUOCL
安泰科技股份有限公司			1		THUOCL
实际公司			1		THUOCL
审计意见			1		THUOCL
富华集团			1		THUOCL
富国天成			1		THUOCL
小股民			1		THUOCL
履约保函			1		THUOCL
履约率			1		THUOCL
山东墨龙			1		THUOCL
山东如意			1		THUOCL
山东德棉股份有限公司			1		THUOCL
山推股份			1		THUOCL
岷电			1		THUOCL
川金路			1		THUOCL
工新			1		THUOCL
工银保本			1		THUOCL
巨星科技			1		THUOCL
市场供求			1		THUOCL
平值			1		THUOCL
广东广信			1		THUOCL
广东科德			1		THUOCL
广发华福			1		THUOCL
广州冷机股份有限公司			1		THUOCL
广电信息			1		THUOCL
康盛股份			1		THUOCL
康美债			1		THUOCL
建研集团			1		THUOCL
张铜			1		THUOCL
徐工科技			1		THUOCL
微利股			1		THUOCL
德盛增利			1		THUOCL
恒基达鑫			1		THUOCL
成长先锋			1		THUOCL
戴尔电脑			1		THUOCL
把握机遇			1		THUOCL
投资组合			1		THUOCL
投资者教育			1		THUOCL
折价率			1		THUOCL
折子钱			1		THUOCL
抚顺特钢			1		THUOCL
拆细			1		THUOCL
拉高均价			1		THUOCL
持仓不动			1		THUOCL
持本单			1		THUOCL
指标股			1		THUOCL
摩根财团			1		THUOCL
收结汇			1		THUOCL
收还			1		THUOCL
政策工具			1		THUOCL
新五丰			1		THUOCL
新动力			1		THUOCL
新宏信			1		THUOCL
新莱应材			1		THUOCL
新资本			1		THUOCL
新龙头			1		THUOCL
方兴地产			1		THUOCL
日贷			1		THUOCL
旧股			1		THUOCL
晋察冀边区银行			1		THUOCL
普天债			1		THUOCL
有关规定			1		THUOCL
服务营销			1		THUOCL
本实			1		THUOCL
杨红革			1		THUOCL
桂林旅游			1		THUOCL
梅花伞业股份有限公司			1		THUOCL
梅雁水电			1		THUOCL
橡果国际			1		THUOCL
次贷危机			1		THUOCL
欣龙无纺			1		THUOCL
死股			1		THUOCL
毒笔			1		THUOCL
比亚迪股份			1		THUOCL
永大集团			1		THUOCL
永辉超市			1		THUOCL
汇丰晋信基金			1		THUOCL
江海股份			1		THUOCL
江苏旷达			1		THUOCL
江苏法尔胜股份有限公司			1		THUOCL
江苏金智科技股份有限公司			1		THUOCL
沪科			1		THUOCL
沪铜			1		THUOCL
河北钢铁			1		THUOCL
法拉电子			1		THUOCL
注册会计师			1		THUOCL
注意力经济			1		THUOCL
浙商银行			1		THUOCL
浦东建设			1		THUOCL
浦银红利			1		THUOCL
海南海药			1		THUOCL
海南省信托投资公司			1		THUOCL
海南航空			1		THUOCL
深南光			1		THUOCL
深圳能源			1		THUOCL
深圳赛格股份有限公司			1		THUOCL
深圳迈瑞			1		THUOCL
深天地			1		THUOCL
深锦兴			1		THUOCL
渝太地产			1		THUOCL
渝钛白			1		THUOCL
温氏集团			1		THUOCL
湖北华新			1		THUOCL
湖南有色金属			1		THUOCL
潍柴重机			1		THUOCL
点后			1		THUOCL
特许权税			1		THUOCL
珠江实业			1		THUOCL
瑞福进取			1		THUOCL
瓦房店轴承股份有限公司			1		THUOCL
生态农业			1		THUOCL
电广实业			1		THUOCL
白银铜城			1		THUOCL
百利电气			1		THUOCL
益民红利			1		THUOCL
监管政策			1		THUOCL
盘活资产			1		THUOCL
看涨者			1		THUOCL
看跌者			1		THUOCL
知名银行			1		THUOCL
石劝业			1		THUOCL
石化债			1		THUOCL
社保基金			1		THUOCL
福建工商时报			1		THUOCL
福特赛			1		THUOCL
科诺威德			1		THUOCL
税收完税证			1		THUOCL
空头换手			1		THUOCL
空换			1		THUOCL
第一食品			1		THUOCL
策略研究			1		THUOCL
签合同			1		THUOCL
粤丽珠			1		THUOCL
红发集团			1		THUOCL
红杉资本			1		THUOCL
纳税申报			1		THUOCL
组合投资			1		THUOCL
经济统计			1		THUOCL
经纬纺机			1		THUOCL
经营理念			1		THUOCL
绿景地产			1		THUOCL
罚款率			1		THUOCL
美元区			1		THUOCL
美元危机			1		THUOCL
美国国际			1		THUOCL
美罗药业			1		THUOCL
美菱股份			1		THUOCL
联信永益			1		THUOCL
股东大会决议			1		THUOCL
股市快讯			1		THUOCL
股权分置改革方案			1		THUOCL
股票市价			1		THUOCL
腹空			1		THUOCL
自买			1		THUOCL
自助银行			1		THUOCL
自留额			1		THUOCL
航天机电			1		THUOCL
苏常远东			1		THUOCL
苏物贸			1		THUOCL
苏福马			1		THUOCL
荷兰万贝银行			1		THUOCL
莎拉李			1		THUOCL
虚拟卡			1		THUOCL
表首			1		THUOCL
襄阳汽车轴承股份有限公司			1		THUOCL
西昌电			1		THUOCL
观音币			1		THUOCL
证券导刊			1		THUOCL
证券资讯			1		THUOCL
诚聘英才			1		THUOCL
诺安平衡			1		THUOCL
财产保险			1		THUOCL
财产安全			1		THUOCL
财信通			1		THUOCL
财务状况表			1		THUOCL
财华网			1		THUOCL
财政预算			1		THUOCL
贷款难			1		THUOCL
贸易通			1		THUOCL
资产公司			1		THUOCL
资本运作			1		THUOCL
资本预算			1		THUOCL
赛格股份			1		THUOCL
赛格达声			1		THUOCL
超图软件			1		THUOCL
越秀投资			1		THUOCL
跳动点			1		THUOCL
转配股			1		THUOCL
软控股份			1		THUOCL
软通货			1		THUOCL
达力集团			1		THUOCL
远望谷			1		THUOCL
追加保证金			1		THUOCL
郑州燃气			1		THUOCL
重新转向			1		THUOCL
重要公告			1		THUOCL
金利科技			1		THUOCL
金宝通			1		THUOCL
金山工业			1		THUOCL
金智科技			1		THUOCL
金融体系			1		THUOCL
金融创新			1		THUOCL
金融投资			1		THUOCL
金融服务			1		THUOCL
金风科技			1		THUOCL
金龙机电			1		THUOCL
银基发展			1		THUOCL
银行承兑汇票			1		THUOCL
银行管理			1		THUOCL
销售代理协议			1		THUOCL
销货清单			1		THUOCL
锦州石化			1		THUOCL
长城特钢			1		THUOCL
长盛同智			1		THUOCL
长盛同瑞			1		THUOCL
长航凤凰			1		THUOCL
闽信集团			1		THUOCL
阳光城			1		THUOCL
阿比银行			1		THUOCL
陇达			1		THUOCL
陕西金叶			1		THUOCL
陕西长安			1		THUOCL
隆基机械			1		THUOCL
零手			1		THUOCL
雷柏科技			1		THUOCL
雷鸣科化			1		THUOCL
霸王条款			1		THUOCL
青山纸业			1		THUOCL
青岛海尔			1		THUOCL
青岛碱业			1		THUOCL
青龙管业			1		THUOCL
项目融资			1		THUOCL
风险投资商			1		THUOCL
飞马国际			1		THUOCL
首创置业			1		THUOCL
高价股			1		THUOCL
高度关注			1		THUOCL
高特利			1		THUOCL
鲁商置业			1		THUOCL
鲁置业			1		THUOCL
鹏博士			1		THUOCL
黄山金马股份有限公司			1		THUOCL
黄金网			1		THUOCL
黄金集团			1		THUOCL
黑牡丹			1		THUOCL
黑盒子			1		THUOCL
黔中天			1		THUOCL
黔凯涤			1		THUOCL
鼎泰新材			1		THUOCL
龙涤股份			1		THUOCL
